category,brand,price,rating,capacity_people,capacity,cleaning_features,display_desc,features,image_path,product_url
سرخ کن بدون روغن,فیلیپس,8706480,4.0,8.0,6.0,nan,دیجیتال,nan,D:/سرخ کن بدون روغن/image_1.jpg,https://www.digikala.com/product/dkp-7439603/%D8%B3%D8%B1%D8%AE-%DA%A9%D9%86-%D8%A8%D8%AF%D9%88%D9%86-%D8%B1%D9%88%D8%BA%D9%86-%D9%81%DB%8C%D9%84%DB%8C%D9%BE%D8%B3-%D9%85%D8%AF%D9%84-9270/
سرخ کن بدون روغن,فیلیپس,5230000,4.1,4.0,4.1,nan,بدون صفحه نمایش,nan,D:/سرخ کن بدون روغن/image_2.jpg,https://www.digikala.com/product/dkp-6263208/%D8%B3%D8%B1%D8%AE-%DA%A9%D9%86-%D8%A8%D8%AF%D9%88%D9%86-%D8%B1%D9%88%D8%BA%D9%86-%D9%81%DB%8C%D9%84%DB%8C%D9%BE%D8%B3-%D9%85%D8%AF%D9%84-hd9200/
سرخ کن بدون روغن,نیکووا,12980000,,12.0,11.0,قابلیت نظافت آسان,دارای صفحه نمایش لمسی,nan,D:/سرخ کن بدون روغن/image_3.jpg,https://www.digikala.com/product/dkp-15004589/%D8%B3%D8%B1%D8%AE-%DA%A9%D9%86-%D9%86%DB%8C%DA%A9%D9%88%D9%88%D8%A7-%D9%85%D8%AF%D9%84-29/?ad_variant_id=51589413
سرخ کن بدون روغن,تز,6486000,,8.0,6.5,قابلیت نظافت آسان,nan,سرخ‌کردن بدون روغن یخ‌زدایی گریل برنامه پخت تابه نچسب تایمر قابلیت تنظیم دما خمیرزن,D:/سرخ کن بدون روغن/image_4.jpg,https://www.digikala.com/product/dkp-18442741/%D8%B3%D8%B1%D8%AE-%DA%A9%D9%86-%D8%A8%D8%AF%D9%88%D9%86-%D8%B1%D9%88%D8%BA%D9%86-65-%D9%84%DB%8C%D8%AA%D8%B1%DB%8C-%D8%AA%D8%B2-%D9%85%D8%AF%D9%84-am9000/?ad_variant_id=64742495
سرخ کن بدون روغن,گوسونیک,5870000,4.2,11.0,7.0,ظرف متحرک و قابل شست‌وشو,نمایشگر LED رنگی با 12 برنامه پخت و برنامه پیش گرم کن و قابلیت تنظیم دما و زمان پخت است.,سرخ‌کردن بدون روغن,D:/سرخ کن بدون روغن/image_5.jpg,https://www.digikala.com/product/dkp-15185320/%D8%B3%D8%B1%D8%AE-%DA%A9%D9%86-%D8%A8%D8%AF%D9%88%D9%86-%D8%B1%D9%88%D8%BA%D9%86-%DA%AF%D9%88%D8%B3%D9%88%D9%86%DB%8C%DA%A9-%D9%85%D8%AF%D9%84-%D8%AF%D9%88-%D8%A7%D9%84%D9%85%D9%86%D8%AA-gaf-837/
سرخ کن بدون روغن,سیلورکرست,5610000,4.0,,12.0,nan,دارای برنامه های تنظیم شده برای پخت سریع و آسان,nan,D:/سرخ کن بدون روغن/image_6.jpg,https://www.digikala.com/product/dkp-12029389/%D8%B3%D8%B1%D8%AE-%DA%A9%D9%86-%D8%A8%D8%AF%D9%88%D9%86-%D8%B1%D9%88%D8%BA%D9%86-%D8%B3%DB%8C%D9%84%D9%88%D8%B1%DA%A9%D8%B1%D8%B3%D8%AA-%D9%85%D8%AF%D9%84-125/
سرخ کن بدون روغن,فیلیپس,8600000,4.4,5.0,6.2,nan,صفحه نمایش لمسی دیجیتالی,یخ‌زدایی گریل تایمر قابلیت تنظیم دما سرخ‌کردن بدون روغن دکمه‌های لمسی,D:/سرخ کن بدون روغن/image_7.jpg,https://www.digikala.com/product/dkp-17258888/%D8%B3%D8%B1%D8%AE-%DA%A9%D9%86-%D8%A8%D8%AF%D9%88%D9%86-%D8%B1%D9%88%D8%BA%D9%86-%D9%81%DB%8C%D9%84%DB%8C%D9%BE%D8%B3-%D9%85%D8%AF%D9%84-na23100/
سرخ کن بدون روغن,فیلیپس,13430000,4.0,6.0,6.2,nan,صفحه نمایش کاملا لمسی,قابلیت تنظیم دما تایمر دکمه‌های لمسی,D:/سرخ کن بدون روغن/image_8.jpg,https://www.digikala.com/product/dkp-9214715/%D8%B3%D8%B1%D8%AE-%DA%A9%D9%86-%D8%A8%D8%AF%D9%88%D9%86-%D8%B1%D9%88%D8%BA%D9%86-%D9%81%DB%8C%D9%84%DB%8C%D9%BE%D8%B3-%D9%85%D8%AF%D9%84-hd9280/
سرخ کن بدون روغن,گوسونیک,6700000,4.4,7.0,6.5,nan,لمسی,برنامه پذیری قابلیت تنظیم دما یخ‌زدایی صفحات جداشونده تابه نچسب سرخ‌کردن بدون روغن برنامه پخت دکمه‌های لمسی,D:/سرخ کن بدون روغن/image_9.jpg,https://www.digikala.com/product/dkp-11690142/%D8%B3%D8%B1%D8%AE-%DA%A9%D9%86-%D8%A8%D8%AF%D9%88%D9%86-%D8%B1%D9%88%D8%BA%D9%86-%DA%AF%D9%88%D8%B3%D9%88%D9%86%DB%8C%DA%A9-%D9%85%D8%AF%D9%84-gaf-757/
سرخ کن بدون روغن,تز,6950000,4.4,8.0,8.0,شست‌وشو با دست ظرف متحرک و قابل شست‌وشو,nan,دکمه‌های لمسی تایمر قابلیت تنظیم دما سرخ‌کردن بدون روغن,D:/سرخ کن بدون روغن/image_10.jpg,https://www.digikala.com/product/dkp-17437688/%D8%B3%D8%B1%D8%AE-%DA%A9%D9%86-%D8%A8%D8%AF%D9%88%D9%86-%D8%B1%D9%88%D8%BA%D9%86-%D8%AA%D8%B2-%D9%85%D8%AF%D9%84-ah8000/
سرخ کن بدون روغن,فیلیپس,7950000,3.8,7.0,6.2,قابلیت شست‌وشو شست‌وشوی اقلام جانبی در ماشین ظرفشویی قابلیت شست‌وشو در ماشین ظرفشویی,nan,سرخ‌کردن بدون روغن یخ‌زدایی,D:/سرخ کن بدون روغن/image_11.jpg,https://www.digikala.com/product/dkp-15948785/%D8%B3%D8%B1%D8%AE-%DA%A9%D9%86-%D8%A8%D8%AF%D9%88%D9%86-%D8%B1%D9%88%D8%BA%D9%86-%D9%81%DB%8C%D9%84%DB%8C%D9%BE%D8%B3-%D9%85%D8%AF%D9%84-na23000/
سرخ کن بدون روغن,فیلیپس,14968110,4.0,,,nan,nan,nan,D:/سرخ کن بدون روغن/image_12.jpg,https://www.digikala.com/product/dkp-15880873/%D8%B3%D8%B1%D8%AE-%DA%A9%D9%86-%D8%A8%D8%AF%D9%88%D9%86-%D8%B1%D9%88%D8%BA%D9%86-%D9%81%DB%8C%D9%84%DB%8C%D9%BE%D8%B3-%D9%85%D8%AF%D9%84-na35000/
سرخ کن بدون روغن,فیلیپس,6100000,4.1,4.0,4.1,nan,لمسی,سرخ‌کردن بدون روغن گریل برنامه پخت,D:/سرخ کن بدون روغن/image_13.jpg,https://www.digikala.com/product/dkp-8971138/%D8%B3%D8%B1%D8%AE-%DA%A9%D9%86-%D8%A8%D8%AF%D9%88%D9%86-%D8%B1%D9%88%D8%BA%D9%86-%D9%81%DB%8C%D9%84%DB%8C%D9%BE%D8%B3-%D9%85%D8%AF%D9%84-9252/
سرخ کن بدون روغن,نوتریکوک,19275000,4.1,8.0,8.0,ظرف متحرک و قابل شست‌وشو,سرخ کن و گریل nutricook afg960 امکان تهیه وعده های غذایی پروتئینی را با بهترین روش فراهم کرده است. انتخاب برنامه خودکار پخت برای 5 نوع مواد غذایی پروتئینی شامل گوشت گاو، بره، مرغ، ماهی و سبزیجات با 5 درجه پخت، آشپزی سالم تر و آسان تر را جهت حفظ پروتئین های مواد غذایی به ارمغان می آورد.,تفکیک قطعات صفحات جداشونده سیستم چرخش معکوس سرخ‌کردن بدون روغن یخ‌زدایی گریل برنامه پذیری برنامه پخت تایمر دکمه‌های لمسی,D:/سرخ کن بدون روغن/image_14.jpg,https://www.digikala.com/product/dkp-13860698/%D8%B3%D8%B1%D8%AE-%DA%A9%D9%86-%D8%A8%D8%AF%D9%88%D9%86-%D8%B1%D9%88%D8%BA%D9%86-%D9%86%D9%88%D8%AA%D8%B1%DB%8C%DA%A9%D9%88%DA%A9-%D9%85%D8%AF%D9%84-afg960/
سرخ کن بدون روغن,گوسونیک,5670000,4.2,,7.0,nan,nan,nan,D:/سرخ کن بدون روغن/image_15.jpg,https://www.digikala.com/product/dkp-15131185/%D8%B3%D8%B1%D8%AE-%DA%A9%D9%86-%D8%A8%D8%AF%D9%88%D9%86-%D8%B1%D9%88%D8%BA%D9%86-%DA%AF%D9%88%D8%B3%D9%88%D9%86%DB%8C%DA%A9-%D9%85%D8%AF%D9%84-gaf-837/
سرخ کن بدون روغن,فیلیپس,11294890,4.2,7.0,6.2,شست‌وشوی اقلام جانبی در ماشین ظرفشویی,LED دیجیتال,یخ‌زدایی گریل سرخ‌کردن بدون روغن تایمر دکمه‌های لمسی قابلیت تنظیم دما بخارپز,D:/سرخ کن بدون روغن/image_16.jpg,https://www.digikala.com/product/dkp-17539867/%D8%B3%D8%B1%D8%AE-%DA%A9%D9%86-%D8%A8%D8%AF%D9%88%D9%86-%D8%B1%D9%88%D8%BA%D9%86-%D9%81%DB%8C%D9%84%DB%8C%D9%BE%D8%B3-%D9%85%D8%AF%D9%84-na332/
سرخ کن بدون روغن,گوسونیک,5690000,4.4,,6.0,nan,صفحه لمسی,nan,D:/سرخ کن بدون روغن/image_17.jpg,https://www.digikala.com/product/dkp-10866928/%D8%B3%D8%B1%D8%AE-%DA%A9%D9%86-%D8%A8%D8%AF%D9%88%D9%86-%D8%B1%D9%88%D8%BA%D9%86-%DA%AF%D9%88%D8%B3%D9%88%D9%86%DB%8C%DA%A9-%D9%85%D8%AF%D9%84-gaf-756/
سرخ کن بدون روغن,شیائومی,9500000,4.2,8.0,6.5,nan,nan,nan,D:/سرخ کن بدون روغن/image_18.jpg,https://www.digikala.com/product/dkp-13462221/%D8%B3%D8%B1%D8%AE-%DA%A9%D9%86-%D8%A8%D8%AF%D9%88%D9%86-%D8%B1%D9%88%D8%BA%D9%86-%D8%B4%DB%8C%D8%A7%D8%A6%D9%88%D9%85%DB%8C-%D9%85%D8%AF%D9%84-maf10-model-65-liter/
سرخ کن بدون روغن,نوتریکوک,26370000,4.7,16.0,24.0,شست‌وشوی اقلام جانبی در ماشین ظرفشویی,nan,سرخ‌کردن بدون روغن یخ‌زدایی گریل برنامه پذیری برنامه پخت تایمر دکمه‌های لمسی,D:/سرخ کن بدون روغن/image_19.jpg,https://www.digikala.com/product/dkp-16040809/%D8%B3%D8%B1%D8%AE-%DA%A9%D9%86-%D8%A8%D8%AF%D9%88%D9%86-%D8%B1%D9%88%D8%BA%D9%86-%D9%86%D9%88%D8%AA%D8%B1%DB%8C%DA%A9%D9%88%DA%A9-%D9%85%D8%AF%D9%84-st01/
سرخ کن بدون روغن,نینجا,22722650,3.5,,10.4,nan,nan,nan,D:/سرخ کن بدون روغن/image_20.jpg,https://www.digikala.com/product/dkp-15245170/%D8%B3%D8%B1%D8%AE-%DA%A9%D9%86-%D8%A8%D8%AF%D9%88%D9%86-%D8%B1%D9%88%D8%BA%D9%86-%D9%86%DB%8C%D9%86%D8%AC%D8%A7-%D9%85%D8%AF%D9%84-af500/
سرخ کن بدون روغن,نینجا,19023720,4.0,8.0,9.5,nan,صفحه نمایش بدون قابلیت لمس ( در اثر گرما آسیب نمیبیند ) نشان دادن دما و زمان باقی مانده دو سبد به صورت مجزا پنل کنترل مجزا برای هر کدام از سبد ها,nan,D:/سرخ کن بدون روغن/image_21.jpg,https://www.digikala.com/product/dkp-10797494/%D8%B3%D8%B1%D8%AE-%DA%A9%D9%86-%D8%A8%D8%AF%D9%88%D9%86-%D8%B1%D9%88%D8%BA%D9%86-%D9%86%DB%8C%D9%86%D8%AC%D8%A7-%D9%85%D8%AF%D9%84-af400/
سرخ کن بدون روغن,شیائومی,7198900,4.7,5.0,,nan,nan,nan,D:/سرخ کن بدون روغن/image_22.jpg,https://www.digikala.com/product/dkp-16856679/%D8%B3%D8%B1%D8%AE-%DA%A9%D9%86-%D8%A8%D8%AF%D9%88%D9%86-%D8%B1%D9%88%D8%BA%D9%86-%D8%B4%DB%8C%D8%A7%D8%A6%D9%88%D9%85%DB%8C-%D9%85%D8%AF%D9%84-maf13-essential-6l/
سرخ کن بدون روغن,گوسونیک,6687000,3.6,8.0,,nan,nan,nan,D:/سرخ کن بدون روغن/image_23.jpg,https://www.digikala.com/product/dkp-17229874/%D8%B3%D8%B1%D8%AE-%DA%A9%D9%86-%D8%A8%D8%AF%D9%88%D9%86-%D8%B1%D9%88%D8%BA%D9%86-%DA%AF%D9%88%D8%B3%D9%88%D9%86%DB%8C%DA%A9-%D9%85%D8%AF%D9%84-gaf-958/
سرخ کن بدون روغن,آ ا گ,7382570,4.6,4.0,3.5,nan,صفحه نمایش لمسی LED,nan,D:/سرخ کن بدون روغن/image_24.jpg,https://www.digikala.com/product/dkp-10904559/%D8%B3%D8%B1%D8%AE-%DA%A9%D9%86-%D8%A8%D8%AF%D9%88%D9%86-%D8%B1%D9%88%D8%BA%D9%86-%D8%A2-%D8%A7-%DA%AF-%D9%85%D8%AF%D9%84-af6-1-4st/
سرخ کن بدون روغن,فیلیپس,8114830,3.9,4.0,4.2,شست‌وشوی اقلام جانبی در ماشین ظرفشویی,nan,سرخ‌کردن بدون روغن یخ‌زدایی برنامه پذیری برنامه پخت تایمر دکمه‌های لمسی,D:/سرخ کن بدون روغن/image_25.jpg,https://www.digikala.com/product/dkp-16044170/%D8%B3%D8%B1%D8%AE-%DA%A9%D9%86-%D8%A8%D8%AF%D9%88%D9%86-%D8%B1%D9%88%D8%BA%D9%86-%D9%81%DB%8C%D9%84%DB%8C%D9%BE%D8%B3-%D9%85%D8%AF%D9%84-na22000/
سرخ کن بدون روغن,تفال,15450000,4.2,8.0,8.3,قابلیت نظافت آسان شست‌وشوی اقلام جانبی در ماشین ظرفشویی,nan,صفحات جداشونده سرخ‌کردن بدون روغن گریل برنامه پخت تایمر قابلیت تنظیم دما,D:/سرخ کن بدون روغن/image_26.jpg,https://www.digikala.com/product/dkp-14659347/%D8%B3%D8%B1%D8%AE-%DA%A9%D9%86-%D8%A8%D8%AF%D9%88%D9%86-%D8%B1%D9%88%D8%BA%D9%86-%D8%AA%D9%81%D8%A7%D9%84-%D9%85%D8%AF%D9%84-ey905d40/
سرخ کن بدون روغن,نینجا,15679140,4.0,6.0,7.6,nan,nan,nan,D:/سرخ کن بدون روغن/image_27.jpg,https://www.digikala.com/product/dkp-9648779/%D8%B3%D8%B1%D8%AE-%DA%A9%D9%86-%D8%A8%D8%AF%D9%88%D9%86-%D8%B1%D9%88%D8%BA%D9%86-%D9%86%DB%8C%D9%86%D8%AC%D8%A7-%D9%85%D8%AF%D9%84-af300me/
سرخ کن بدون روغن,فیلیپس,16853000,3.0,,7.2,nan,صفحه نمایش لمسی,nan,D:/سرخ کن بدون روغن/image_28.jpg,https://www.digikala.com/product/dkp-12962941/%D8%B3%D8%B1%D8%AE-%DA%A9%D9%86-%D8%A8%D8%AF%D9%88%D9%86-%D8%B1%D9%88%D8%BA%D9%86-%D9%81%DB%8C%D9%84%DB%8C%D9%BE%D8%B3-%D9%85%D8%AF%D9%84-hd9285/
سرخ کن بدون روغن,فیلیپس,9030830,4.5,6.0,6.2,ظرف متحرک و قابل شست‌وشو قابلیت شست‌وشو در ماشین ظرفشویی قابلیت نظافت آسان شست‌وشو با دست,nan,چرخش 360 درجه چرخش دو طرفه قرارگیری عمودی صفحات جداشونده سرخ‌کردن بدون روغن یخ‌زدایی برنامه پذیری برنامه پخت تایمر,D:/سرخ کن بدون روغن/image_29.jpg,https://www.digikala.com/product/dkp-13636602/%D8%B3%D8%B1%D8%AE-%DA%A9%D9%86-%D8%A8%D8%AF%D9%88%D9%86-%D8%B1%D9%88%D8%BA%D9%86-%D9%81%DB%8C%D9%84%DB%8C%D9%BE%D8%B3-%D9%85%D8%AF%D9%84-9270/
سرخ کن بدون روغن,شیائومی,9700000,4.3,6.0,6.5,قابلیت نظافت آسان,صفحه نمایش هوشمند LCD برای آسان کردن آشپزی,سرخ‌کردن بدون روغن گریل برنامه پخت تایمر,D:/سرخ کن بدون روغن/image_30.jpg,https://www.digikala.com/product/dkp-13349064/%D8%B3%D8%B1%D8%AE-%DA%A9%D9%86-%D8%A8%D8%AF%D9%88%D9%86-%D8%B1%D9%88%D8%BA%D9%86-%D8%B4%DB%8C%D8%A7%D8%A6%D9%88%D9%85%DB%8C-%D9%85%D8%AF%D9%84-maf10/
سرخ کن بدون روغن,گوسونیک,7500000,4.6,8.0,9.0,قابلیت نظافت آسان,پنل رنگی لمسی با حساسیت بالا,سرخ‌کردن بدون روغن یخ‌زدایی گریل تابه نچسب دکمه‌های لمسی قابلیت تنظیم دما برنامه پخت,D:/سرخ کن بدون روغن/image_31.jpg,https://www.digikala.com/product/dkp-17516613/%D8%B3%D8%B1%D8%AE-%DA%A9%D9%86-%D8%A8%D8%AF%D9%88%D9%86-%D8%B1%D9%88%D8%BA%D9%86-%DA%AF%D9%88%D8%B3%D9%88%D9%86%DB%8C%DA%A9-%D9%85%D8%AF%D9%84-gosonic-gaf-859/
سرخ کن بدون روغن,سیلور کرست,2870000,3.7,,,nan,این هواپز دارای صفحه نمایش لمسی میباشد چهار برنامه از پیش تعیین شده به همراه دکمه تایمر و تنظیم دما و گرم کننده میباشد که در مجموع دارای هشت دکمه لمسی است.,nan,D:/سرخ کن بدون روغن/image_32.jpg,https://www.digikala.com/product/dkp-10629071/%D8%B3%D8%B1%D8%AE-%DA%A9%D9%86-%D8%A8%D8%AF%D9%88%D9%86-%D8%B1%D9%88%D8%BA%D9%86-%D8%B3%DB%8C%D9%84%D9%88%D8%B1%DA%A9%D8%B1%D8%B3%D8%AA-%D9%85%D8%AF%D9%84-s-18/
سرخ کن بدون روغن,فیلیپس,8400000,4.3,6.0,,nan,nan,nan,D:/سرخ کن بدون روغن/image_33.jpg,https://www.digikala.com/product/dkp-14475356/%D8%B3%D8%B1%D8%AE-%DA%A9%D9%86-%D8%A8%D8%AF%D9%88%D9%86-%D8%B1%D9%88%D8%BA%D9%86-%D9%81%DB%8C%D9%84%DB%8C%D9%BE%D8%B3-%D9%85%D8%AF%D9%84-hd9270/
سرخ کن بدون روغن,سوپر کاسا,7490000,4.1,8.0,9.2,شست‌وشوی اقلام جانبی در ماشین ظرفشویی ظرف متحرک و قابل شست‌وشو,لمسی,سرخ‌کردن بدون روغن,D:/سرخ کن بدون روغن/image_34.jpg,https://www.digikala.com/product/dkp-18429155/%D8%B3%D8%B1%D8%AE-%DA%A9%D9%86-%D8%A8%D8%AF%D9%88%D9%86-%D8%B1%D9%88%D8%BA%D9%86-%D8%B3%D9%88%D9%BE%D8%B1-%DA%A9%D8%A7%D8%B3%D8%A7-%D9%85%D8%AF%D9%84-%D8%AF%D9%88-%D8%A7%D9%84%D9%85%D9%86%D8%AA%D9%87-ca-119/
سرخ کن بدون روغن,فیلیپس,8880310,3.7,6.0,6.0,قابلیت شست‌وشو در ماشین ظرفشویی قابلیت نظافت آسان شست‌وشو با دست,nan,چرخش 360 درجه سرخ‌کردن بدون روغن دکمه‌های لمسی,D:/سرخ کن بدون روغن/image_35.jpg,https://www.digikala.com/product/dkp-14446463/%D8%B3%D8%B1%D8%AE-%DA%A9%D9%86-%D8%A8%D8%AF%D9%88%D9%86-%D8%B1%D9%88%D8%BA%D9%86-%D9%81%DB%8C%D9%84%DB%8C%D9%BE%D8%B3-%D9%85%D8%AF%D9%84-9270/
سرخ کن بدون روغن,بلک اند دکر,10700000,3.9,10.0,12.0,nan,صفحه نمایش دیجیتال,nan,D:/سرخ کن بدون روغن/image_36.jpg,https://www.digikala.com/product/dkp-12918047/%D8%B3%D8%B1%D8%AE-%DA%A9%D9%86-%D8%A8%D8%AF%D9%88%D9%86-%D8%B1%D9%88%D8%BA%D9%86-%D8%A8%D9%84%DA%A9-%D8%A7%D9%86%D8%AF-%D8%AF%DA%A9%D8%B1-%D9%85%D8%AF%D9%84-aof-100-b5/
سرخ کن بدون روغن,میگل,7350000,4.3,8.0,6.5,شست‌وشوی اقلام جانبی در ماشین ظرفشویی,صفحه نمایش تمام لمسی,سرخ‌کردن بدون روغن یخ‌زدایی برنامه پخت تایمر دکمه‌های لمسی قابلیت تنظیم دما,D:/سرخ کن بدون روغن/image_37.jpg,https://www.digikala.com/product/dkp-16400987/%D8%B3%D8%B1%D8%AE-%DA%A9%D9%86-%D8%A8%D8%AF%D9%88%D9%86-%D8%B1%D9%88%D8%BA%D9%86-%D9%85%DB%8C%DA%AF%D9%84-%D9%85%D8%AF%D9%84-gaf-165/
سرخ کن بدون روغن,فیلیپس,28990000,4.2,4.0,8.3,nan,کنترل لمسی و چرخشی قابلیت کنترل از راه دور (Wifi),nan,D:/سرخ کن بدون روغن/image_38.jpg,https://www.digikala.com/product/dkp-12889353/%D8%B3%D8%B1%D8%AE-%DA%A9%D9%86-%D8%A8%D8%AF%D9%88%D9%86-%D8%B1%D9%88%D8%BA%D9%86-%D9%81%DB%8C%D9%84%DB%8C%D9%BE%D8%B3-%D9%85%D8%AF%D9%84-hd988090/
سرخ کن بدون روغن,بلک اند دکر,8400000,4.4,,,nan,صفحه نمایش دیجیتال با 7عملکرد از قبل تنظیم شده,nan,D:/سرخ کن بدون روغن/image_39.jpg,https://www.digikala.com/product/dkp-10640926/%D8%B3%D8%B1%D8%AE-%DA%A9%D9%86-%D8%A8%D8%AF%D9%88%D9%86-%D8%B1%D9%88%D8%BA%D9%86-%D8%A8%D9%84%DA%A9-%D8%A7%D9%86%D8%AF-%D8%AF%DA%A9%D8%B1-%D9%85%D8%AF%D9%84-700/
سرخ کن بدون روغن,کنوود,10260000,4.3,16.0,,nan,دارای صحفه نمایش لمسی,nan,D:/سرخ کن بدون روغن/image_40.jpg,https://www.digikala.com/product/dkp-8632570/%D8%B3%D8%B1%D8%AE-%DA%A9%D9%86-%D8%A8%D8%AF%D9%88%D9%86-%D8%B1%D9%88%D8%BA%D9%86-%DA%A9%D9%86%D9%88%D9%88%D8%AF-%D9%85%D8%AF%D9%84-hfm75/
سرخ کن بدون روغن,فیلیپس,7267180,3.8,12.0,4.1,nan,nan,nan,D:/سرخ کن بدون روغن/image_41.jpg,https://www.digikala.com/product/dkp-5630494/%D8%B3%D8%B1%D8%AE-%DA%A9%D9%86-%D8%A8%D8%AF%D9%88%D9%86-%D8%B1%D9%88%D8%BA%D9%86-%D9%81%DB%8C%D9%84%DB%8C%D9%BE%D8%B3-%D9%85%D8%AF%D9%84-hd9252/
سرخ کن بدون روغن,مباشی,7700000,3.6,10.0,9.2,شست‌وشوی اقلام جانبی در ماشین ظرفشویی قابلیت نظافت آسان,صفحه نمایشگر لمسی دیجیتال,سرخ‌کردن بدون روغن گریل برنامه پخت تایمر دکمه‌های لمسی قابلیت تنظیم دما,D:/سرخ کن بدون روغن/image_42.jpg,https://www.digikala.com/product/dkp-11411588/%D8%B3%D8%B1%D8%AE-%DA%A9%D9%86-%D8%A8%D8%AF%D9%88%D9%86-%D8%B1%D9%88%D8%BA%D9%86-%D9%85%D8%A8%D8%A7%D8%B4%DB%8C-%D9%85%D8%AF%D9%84-me-af999/
سرخ کن بدون روغن,سیلورکرست,3325000,4.2,,10.0,شست‌وشوی اقلام جانبی در ماشین ظرفشویی,nan,سرخ‌کردن بدون روغن,D:/سرخ کن بدون روغن/image_43.jpg,https://www.digikala.com/product/dkp-14921658/%D8%B3%D8%B1%D8%AE-%DA%A9%D9%86-%D8%A8%D8%AF%D9%88%D9%86-%D8%B1%D9%88%D8%BA%D9%86-%D8%B3%DB%8C%D9%84%D9%88%D8%B1%DA%A9%D8%B1%D8%B3%D8%AA-%D9%85%D8%AF%D9%84-sc-1080/
سرخ کن بدون روغن,شیائومی,9700000,4.3,8.0,6.5,nan,nan,nan,D:/سرخ کن بدون روغن/image_44.jpg,https://www.digikala.com/product/dkp-14851414/%D8%B3%D8%B1%D8%AE-%DA%A9%D9%86-%D8%A8%D8%AF%D9%88%D9%86-%D8%B1%D9%88%D8%BA%D9%86-%D8%B4%DB%8C%D8%A7%D8%A6%D9%88%D9%85%DB%8C-%D9%85%D8%AF%D9%84-maf10/
سرخ کن بدون روغن,مباشی,7500000,3.8,,9.2,nan,این دستگاه مانیتور ال سی دی و به صورت لمسی است,nan,D:/سرخ کن بدون روغن/image_45.jpg,https://www.digikala.com/product/dkp-11348646/%D8%B3%D8%B1%D8%AE-%DA%A9%D9%86-%D8%A8%D8%AF%D9%88%D9%86-%D8%B1%D9%88%D8%BA%D9%86-%D9%85%D8%A8%D8%A7%D8%B4%DB%8C-%D9%85%D8%AF%D9%84-me-af998/
سرخ کن بدون روغن,سیلور کرست,2870000,3.5,,,nan,صفحه نمایش دیجیتال لمسی,nan,D:/سرخ کن بدون روغن/image_46.jpg,https://www.digikala.com/product/dkp-9678167/%D8%B3%D8%B1%D8%AE-%DA%A9%D9%86-%D8%A8%D8%AF%D9%88%D9%86-%D8%B1%D9%88%D8%BA%D9%86-%D9%85%D8%AF%D9%84-silver-crest-18s/
سرخ کن بدون روغن,هیملر,9750000,4.3,8.0,8.0,nan,صفحه نمایش رنگی,چرخش 360 درجه سرخ‌کردن بدون روغن یخ‌زدایی گریل برنامه پذیری,D:/سرخ کن بدون روغن/image_47.jpg,https://www.digikala.com/product/dkp-13789099/%D8%B3%D8%B1%D8%AE-%DA%A9%D9%86-%D8%A8%D8%AF%D9%88%D9%86-%D8%B1%D9%88%D8%BA%D9%86-%D9%87%DB%8C%D9%85%D9%84%D8%B1-%D9%85%D8%AF%D9%84-haf6280/
سرخ کن بدون روغن,نینجا,19016000,4.6,8.0,9.5,شست‌وشوی اقلام جانبی در ماشین ظرفشویی,صفحه‌نمایش LED با دکمه‌های لمسی,سرخ‌کردن بدون روغن تایمر دکمه‌های لمسی قابلیت تنظیم دما برنامه پخت,D:/سرخ کن بدون روغن/image_48.jpg,https://www.digikala.com/product/dkp-17685106/%D8%B3%D8%B1%D8%AE-%DA%A9%D9%86-%D8%A8%D8%AF%D9%88%D9%86-%D8%B1%D9%88%D8%BA%D9%86-%D9%86%DB%8C%D9%86%D8%AC%D8%A7-%D9%85%D8%AF%D9%84-af400me/
سرخ کن بدون روغن,فیلیپس,25500000,5.0,8.0,1.4,شست‌وشوی اقلام جانبی در ماشین ظرفشویی,nan,nan,D:/سرخ کن بدون روغن/image_49.jpg,https://www.digikala.com/product/dkp-14312572/%D8%B3%D8%B1%D8%AE-%DA%A9%D9%86-%D8%A8%D8%AF%D9%88%D9%86-%D8%B1%D9%88%D8%BA%D9%86-%D9%81%DB%8C%D9%84%DB%8C%D9%BE%D8%B3-%D9%85%D8%AF%D9%84-hd987020/
سرخ کن بدون روغن,کنوود,5500000,4.0,6.0,,nan,لمسی,nan,D:/سرخ کن بدون روغن/image_50.jpg,https://www.digikala.com/product/dkp-8631424/%D8%B3%D8%B1%D8%AE-%DA%A9%D9%86-%D8%A8%D8%AF%D9%88%D9%86-%D8%B1%D9%88%D8%BA%D9%86-%DA%A9%D9%86%D9%88%D9%88%D8%AF-%D9%85%D8%AF%D9%84-hfp30/
سرخ کن بدون روغن,سیلور کرست,3280000,4.0,,,nan,تمام لمس,nan,D:/سرخ کن بدون روغن/image_51.jpg,https://www.digikala.com/product/dkp-10006183/%D8%B3%D8%B1%D8%AE-%DA%A9%D9%86-%D8%A8%D8%AF%D9%88%D9%86-%D8%B1%D9%88%D8%BA%D9%86-%D8%B3%DB%8C%D9%84%D9%88%D8%B1%DA%A9%D8%B1%D8%B3%D8%AA-%D9%85%D8%AF%D9%84-jd689b/
سرخ کن بدون روغن,فیلیپس,20709500,3.7,6.0,1.4,nan,لمسی,nan,D:/سرخ کن بدون روغن/image_52.jpg,https://www.digikala.com/product/dkp-8693041/%D8%B3%D8%B1%D8%AE-%DA%A9%D9%86-%D8%A8%D8%AF%D9%88%D9%86-%D8%B1%D9%88%D8%BA%D9%86-%D9%81%DB%8C%D9%84%DB%8C%D9%BE%D8%B3-%D9%85%D8%AF%D9%84-hd9863/
سرخ کن بدون روغن,نینجا,33643890,4.3,8.0,9.5,قابلیت شست‌وشو ظرف متحرک و قابل شست‌وشو قابلیت شست‌وشو در ماشین ظرفشویی شست‌وشو با دست,nan,تفکیک قطعات چرخش 360 درجه چرخش دو طرفه سرخ‌کردن بدون روغن یخ‌زدایی گریل پخت ترکیبی برنامه پذیری برنامه پخت بخارپز تابه نچسب دکمه‌های لمسی قابلیت تنظیم دما,D:/سرخ کن بدون روغن/image_53.jpg,https://www.digikala.com/product/dkp-17041219/%D8%B3%D8%B1%D8%AE-%DA%A9%D9%86-%D8%A8%D8%AF%D9%88%D9%86-%D8%B1%D9%88%D8%BA%D9%86-%D9%86%DB%8C%D9%86%D8%AC%D8%A7-%D9%85%D8%AF%D9%84-sl400eucp/
سرخ کن بدون روغن,فیلیپس,9004140,4.0,4.0,6.0,nan,صفحه نمایش سرخ کن فیلیپس مدل HD9257/80 لمسی و دیجیتال بوده و کار کردن با این سرخ کن بسیار آسان می باشد. این سرخ کن دارای برنامه های مختلف پخت بوده که کار شما را خیلی راحت میکند.,nan,D:/سرخ کن بدون روغن/image_54.jpg,https://www.digikala.com/product/dkp-11968722/%D8%B3%D8%B1%D8%AE-%DA%A9%D9%86-%D8%A8%D8%AF%D9%88%D9%86-%D8%B1%D9%88%D8%BA%D9%86-%D9%81%DB%8C%D9%84%DB%8C%D9%BE%D8%B3-%D9%85%D8%AF%D9%84-hd925780/
سرخ کن بدون روغن,نینجا,49960000,5.0,6.0,3.8,شست‌وشوی اقلام جانبی در ماشین ظرفشویی,nan,گریل برنامه پخت صفحات جداشونده قابلیت تنظیم دما,D:/سرخ کن بدون روغن/image_55.jpg,https://www.digikala.com/product/dkp-18203531/%D8%B3%D8%B1%D8%AE-%DA%A9%D9%86-%D8%A8%D8%AF%D9%88%D9%86-%D8%B1%D9%88%D8%BA%D9%86-%DB%B3%DB%B8-%D9%84%DB%8C%D8%AA%D8%B1%DB%8C-%D9%86%DB%8C%D9%86%D8%AC%D8%A7-%D9%85%D8%AF%D9%84-ag651/
سرخ کن بدون روغن,نینجا,22474000,3.9,8.0,10.4,nan,nan,nan,D:/سرخ کن بدون روغن/image_56.jpg,https://www.digikala.com/product/dkp-15393557/%D9%87%D9%88%D8%A7%D9%BE%D8%B2-%D9%86%DB%8C%D9%86%D8%AC%D8%A7-%D9%85%D8%AF%D9%84-af500/
سرخ کن بدون روغن,شیائومی,9880000,3.9,8.0,6.0,nan,کنترل لمسی، آیکون های چند منظوره با کاربری آسان,nan,D:/سرخ کن بدون روغن/image_57.jpg,https://www.digikala.com/product/dkp-11995435/%D8%B3%D8%B1%D8%AE-%DA%A9%D9%86-%D8%A8%D8%AF%D9%88%D9%86-%D8%B1%D9%88%D8%BA%D9%86-%D8%B4%DB%8C%D8%A7%D8%A6%D9%88%D9%85%DB%8C-%D9%85%D8%AF%D9%84-maf08/
سرخ کن بدون روغن,فیلیپس,23742800,4.2,12.0,,nan,نمایشگر دیجیتال,nan,D:/سرخ کن بدون روغن/image_58.jpg,https://www.digikala.com/product/dkp-7438020/%D8%B3%D8%B1%D8%AE-%DA%A9%D9%86-%D8%A8%D8%AF%D9%88%D9%86-%D8%B1%D9%88%D8%BA%D9%86-%D9%81%DB%8C%D9%84%DB%8C%D9%BE%D8%B3-%DA%A9%D8%AF-9650/
سرخ کن بدون روغن,متفرقه,13990000,,8.0,8.0,قابلیت شست‌وشو,تمایز این سرخ کن بابقیه هواپزها درمیزان مصرف پایین تر روغن وکیفیت ساخت دستگاه وتوان بالای ان درپخت غذامی باشد,چرخش 360 درجه تفکیک قطعات سوسیس ساز سرخ‌کردن بدون روغن یخ‌زدایی گریل برنامه پذیری برنامه پخت بخارپز تابه نچسب دکمه‌های لمسی قابلیت تنظیم دما پخت ترکیبی تایمر,D:/سرخ کن بدون روغن/image_59.jpg,https://www.digikala.com/product/dkp-18437661/%D8%B3%D8%B1%D8%AE-%DA%A9%D9%86-%D8%A8%D8%AF%D9%88%D9%86-%D8%B1%D9%88%D8%BA%D9%86-%D9%85%D8%AF%D9%84-2025/
سرخ کن بدون روغن,تفال,12800000,3.8,8.0,7.5,شست‌وشوی اقلام جانبی در ماشین ظرفشویی ظرف متحرک و قابل شست‌وشو,nan,تایمر قابلیت تنظیم دما برنامه پخت سرخ‌کردن بدون روغن,D:/سرخ کن بدون روغن/image_60.jpg,https://www.digikala.com/product/dkp-17089090/%D8%B3%D8%B1%D8%AE-%DA%A9%D9%86-%D8%A8%D8%AF%D9%88%D9%86-%D8%B1%D9%88%D8%BA%D9%86-%D8%AA%D9%81%D8%A7%D9%84-%D9%85%D8%AF%D9%84-ey855/
سرخ کن بدون روغن,گوسونیک,5800000,4.5,6.0,,nan,nan,nan,D:/سرخ کن بدون روغن/image_61.jpg,https://www.digikala.com/product/dkp-17638630/%D8%B3%D8%B1%D8%AE-%DA%A9%D9%86-%D8%A8%D8%AF%D9%88%D9%86-%D8%B1%D9%88%D8%BA%D9%86-%DA%AF%D9%88%D8%B3%D9%88%D9%86%DB%8C%DA%A9-%D9%85%D8%AF%D9%84-gaf-837/
سرخ کن بدون روغن,او ای او,3680000,3.6,,2.5,nan,nan,nan,D:/سرخ کن بدون روغن/image_62.jpg,https://www.digikala.com/product/dkp-11606784/%D8%B3%D8%B1%D8%AE-%DA%A9%D9%86-%D8%A8%D8%AF%D9%88%D9%86-%D8%B1%D9%88%D8%BA%D9%86-%D8%A7%D9%88-%D8%A7%DB%8C-%D8%A7%D9%88-%D9%85%D8%AF%D9%84-silencare-k505w/
سرخ کن بدون روغن,همیلتون,9800000,4.2,,,nan,صفحه نمایش تمام لمسی,nan,D:/سرخ کن بدون روغن/image_63.jpg,https://www.digikala.com/product/dkp-10441099/%D8%B3%D8%B1%D8%AE-%DA%A9%D9%86-%D8%A8%D8%AF%D9%88%D9%86-%D8%B1%D9%88%D8%BA%D9%86-%D9%87%D9%85%DB%8C%D9%84%D8%AA%D9%88%D9%86-%D9%85%D8%AF%D9%84-%D8%A2%D9%88%D9%86-%D8%AF%D8%A7%D8%B1-%DA%A9%D8%AF-hao-7725/
سرخ کن بدون روغن,فیلیپس,9170000,2.8,6.0,,nan,nan,nan,D:/سرخ کن بدون روغن/image_64.jpg,https://www.digikala.com/product/dkp-14744886/%D8%B3%D8%B1%D8%AE-%DA%A9%D9%86-%D8%A8%D8%AF%D9%88%D9%86-%D8%B1%D9%88%D8%BA%D9%86-%D9%81%DB%8C%D9%84%DB%8C%D9%BE%D8%B3-%D9%85%D8%AF%D9%84-hd927090/
سرخ کن بدون روغن,تفال,4900000,4.3,6.0,4.2,قابلیت نظافت آسان,مجهز به صفحه نمایش و تایمر دیجیتال,سرخ‌کردن بدون روغن گریل برنامه پخت تابه نچسب تایمر قابلیت تنظیم دما,D:/سرخ کن بدون روغن/image_65.jpg,https://www.digikala.com/product/dkp-9264317/%D8%B3%D8%B1%D8%AE-%DA%A9%D9%86-%D8%A8%D8%AF%D9%88%D9%86-%D8%B1%D9%88%D8%BA%D9%86-%D8%AA%D9%81%D8%A7%D9%84-%D9%85%D8%AF%D9%84-ey2018/
سرخ کن بدون روغن,متفرقه,6400000,4.8,10.0,8.0,nan,دارای چندین برنامه پخت به صورت لمسی تنظیم تایمر ودمای اختصاصی برنامه پذیری سریع دکمه عملیات دکمه لمسی خاموش و روشن کردن ،دارای دکمه یخ زدایی گوشت و ماهی کبابی، مرغ و میگوی سوخاری، سیب زمینی سرخ شده، قارچ خوشمزه، کیک، پیتزا، پفیلا، بخارپز کردن سبزیجات و ...,چرخش 360 درجه سوسیس ساز سرخ‌کردن بدون روغن یخ‌زدایی گریل پخت ترکیبی برنامه پذیری برنامه پخت بخارپز تابه نچسب تایمر دکمه‌های لمسی,D:/سرخ کن بدون روغن/image_66.jpg,https://www.digikala.com/product/dkp-15550369/%D8%B3%D8%B1%D8%AE-%DA%A9%D9%86-%D8%A8%D8%AF%D9%88%D9%86-%D8%B1%D9%88%D8%BA%D9%86-%D9%85%D8%AF%D9%84-powerfull-fryer/
سرخ کن بدون روغن,متفرقه,8748010,4.4,6.0,7.0,nan,با قابلیت نشان دادن دمای پخت,nan,D:/سرخ کن بدون روغن/image_67.jpg,https://www.digikala.com/product/dkp-11145224/%D8%B3%D8%B1%D8%AE-%DA%A9%D9%86-%D8%A8%D8%AF%D9%88%D9%86-%D8%B1%D9%88%D8%BA%D9%86-%D8%B4%D8%A7%D8%B1%D9%BE-%DA%A9%D8%AF-kf-af70rt/
سرخ کن بدون روغن,نینجا,16978300,5.0,4.0,6.2,nan,nan,nan,D:/سرخ کن بدون روغن/image_68.jpg,https://www.digikala.com/product/dkp-17735969/%D8%B3%D8%B1%D8%AE-%DA%A9%D9%86-%D8%A8%D8%AF%D9%88%D9%86-%D8%B1%D9%88%D8%BA%D9%86-62-%D9%84%DB%8C%D8%AA%D8%B1%DB%8C-%D9%86%DB%8C%D9%86%D8%AC%D8%A7-%D9%85%D8%AF%D9%84-af180eu/
سرخ کن بدون روغن,فیلیپس,8753820,4.9,4.0,4.2,شست‌وشوی اقلام جانبی در ماشین ظرفشویی قابلیت نظافت آسان,صفحه‌نمایش دیجیتال,گریل یخ‌زدایی سرخ‌کردن بدون روغن دکمه‌های لمسی تایمر,D:/سرخ کن بدون روغن/image_69.jpg,https://www.digikala.com/product/dkp-17539748/%D8%B3%D8%B1%D8%AE-%DA%A9%D9%86-%D8%A8%D8%AF%D9%88%D9%86-%D8%B1%D9%88%D8%BA%D9%86-%D9%81%DB%8C%D9%84%DB%8C%D9%BE%D8%B3-%D9%85%D8%AF%D9%84-na322/
سرخ کن بدون روغن,فیلیپس,5100000,4.4,4.0,4.2,قابلیت شست‌وشو شست‌وشوی اقلام جانبی در ماشین ظرفشویی,ال ای دی,nan,D:/سرخ کن بدون روغن/image_70.jpg,https://www.digikala.com/product/dkp-13636171/%D8%B3%D8%B1%D8%AE-%DA%A9%D9%86-%D8%A8%D8%AF%D9%88%D9%86-%D8%B1%D9%88%D8%BA%D9%86-%D9%81%DB%8C%D9%84%DB%8C%D9%BE%D8%B3-%D9%85%D8%AF%D9%84-9200/
سرخ کن بدون روغن,ولگا,4500000,4.3,6.0,6.0,nan,لمسی,بازشوندگی چرخش 360 درجه برنامه پخت تایمر دکمه‌های لمسی,D:/سرخ کن بدون روغن/image_71.jpg,https://www.digikala.com/product/dkp-13878998/%D8%B3%D8%B1%D8%AE-%DA%A9%D9%86-%D8%A8%D8%AF%D9%88%D9%86-%D8%B1%D9%88%D8%BA%D9%86-%D9%88%D9%84%DA%AF%D8%A7-%D9%85%D8%AF%D9%84-z-83/
سرخ کن بدون روغن,سیلورکرست,3610000,4.8,8.0,10.0,قابلیت نظافت آسان,nan,سرخ‌کردن بدون روغن برنامه پخت برنامه پذیری قابلیت تنظیم دما,D:/سرخ کن بدون روغن/image_72.jpg,https://www.digikala.com/product/dkp-18098919/%D8%B3%D8%B1%D8%AE-%DA%A9%D9%86-%D8%A8%D8%AF%D9%88%D9%86-%D8%B1%D9%88%D8%BA%D9%86-%D8%B3%DB%8C%D9%84%D9%88%D8%B1%DA%A9%D8%B1%D8%B3%D8%AA-%D9%85%D8%AF%D9%84-10-%D9%84%DB%8C%D8%AA%D8%B1/
سرخ کن بدون روغن,مونتینی,6800000,4.3,,8.0,nan,لمسی,nan,D:/سرخ کن بدون روغن/image_73.jpg,https://www.digikala.com/product/dkp-12602037/%D8%B3%D8%B1%D8%AE-%DA%A9%D9%86-%D8%A8%D8%AF%D9%88%D9%86-%D8%B1%D9%88%D8%BA%D9%86-%D9%85%D9%88%D9%86%D8%AA%DB%8C%D9%86%DB%8C-%D9%85%D8%AF%D9%84-zone-8/
سرخ کن بدون روغن,فیلیپس,5941820,3.1,3.0,4.1,nan,صفحه نمایش ندارد,nan,D:/سرخ کن بدون روغن/image_74.jpg,https://www.digikala.com/product/dkp-12502490/%D8%B3%D8%B1%D8%AE-%DA%A9%D9%86-%D8%A8%D8%AF%D9%88%D9%86-%D8%B1%D9%88%D8%BA%D9%86-%D9%81%DB%8C%D9%84%DB%8C%D9%BE%D8%B3-%D9%85%D8%AF%D9%84-9200hd/
سرخ کن بدون روغن,فیلیپس,9880000,3.8,4.0,5.6,nan,لمسی,nan,D:/سرخ کن بدون روغن/image_75.jpg,https://www.digikala.com/product/dkp-12053310/%D8%B3%D8%B1%D8%AE-%DA%A9%D9%86-%D8%A8%D8%AF%D9%88%D9%86-%D8%B1%D9%88%D8%BA%D9%86-%D9%81%DB%8C%D9%84%DB%8C%D9%BE%D8%B3-%D9%85%D8%AF%D9%84-hd9257/
سرخ کن بدون روغن,تفال,11902800,4.1,4.0,6.5,nan,nan,nan,D:/سرخ کن بدون روغن/image_76.jpg,https://www.digikala.com/product/dkp-13816049/%D8%B3%D8%B1%D8%AE-%DA%A9%D9%86-%D8%A8%D8%AF%D9%88%D9%86-%D8%B1%D9%88%D8%BA%D9%86-%D8%AA%D9%81%D8%A7%D9%84-%D9%85%D8%AF%D9%84-ey801/
سرخ کن بدون روغن,مباشی,8200000,3.9,12.0,11.0,شست‌وشوی اقلام جانبی در ماشین ظرفشویی قابلیت نظافت آسان,صفحه نمایش LED لمسی,چرخش 360 درجه سرخ‌کردن بدون روغن یخ‌زدایی گریل برنامه پخت تایمر دکمه‌های لمسی قابلیت تنظیم دما تابه نچسب,D:/سرخ کن بدون روغن/image_77.jpg,https://www.digikala.com/product/dkp-15409462/%D8%B3%D8%B1%D8%AE-%DA%A9%D9%86-%D8%A8%D8%AF%D9%88%D9%86-%D8%B1%D9%88%D8%BA%D9%86-%D9%85%D8%A8%D8%A7%D8%B4%DB%8C-%D9%85%D8%AF%D9%84-me-af958/
سرخ کن بدون روغن,فیلیپس,19920300,4.0,4.0,,nan,صفحه نمایش لمسی,nan,D:/سرخ کن بدون روغن/image_78.jpg,https://www.digikala.com/product/dkp-7640848/%D8%B3%D8%B1%D8%AE-%DA%A9%D9%86-%D8%A8%D8%AF%D9%88%D9%86-%D8%B1%D9%88%D8%BA%D9%86-%D9%81%DB%8C%D9%84%DB%8C%D9%BE%D8%B3-%D9%85%D8%AF%D9%84-hd965091/
سرخ کن بدون روغن,سیلورکرست,2923860,4.4,6.0,6.0,nan,لمسی با نمایشگر LCD,چرخش 360 درجه,D:/سرخ کن بدون روغن/image_79.jpg,https://www.digikala.com/product/dkp-14791585/%D8%B3%D8%B1%D8%AE-%DA%A9%D9%86-%D8%A8%D8%AF%D9%88%D9%86-%D8%B1%D9%88%D8%BA%D9%86-%D8%B3%DB%8C%D9%84%D9%88%D8%B1%DA%A9%D8%B1%D8%B3%D8%AA-%D9%85%D8%AF%D9%84-s-18/
سرخ کن بدون روغن,سوناشی,9800000,4.0,,9.0,nan,تمام لمسی,nan,D:/سرخ کن بدون روغن/image_80.jpg,https://www.digikala.com/product/dkp-11116732/%D8%B3%D8%B1%D8%AE-%DA%A9%D9%86-%D8%A8%D8%AF%D9%88%D9%86-%D8%B1%D9%88%D8%BA%D9%86-%D8%B3%D9%88%D9%86%D8%A7%D8%B4%DB%8C-%D9%85%D8%AF%D9%84-saf-900/
سرخ کن بدون روغن,فیلیپس,5690000,2.6,4.0,3.2,nan,nan,یخ‌زدایی سرخ‌کردن بدون روغن گریل برنامه پذیری برنامه پخت تایمر,D:/سرخ کن بدون روغن/image_81.jpg,https://www.digikala.com/product/dkp-16044742/%D8%B3%D8%B1%D8%AE-%DA%A9%D9%86-%D8%A8%D8%AF%D9%88%D9%86-%D8%B1%D9%88%D8%BA%D9%86-%D9%81%DB%8C%D9%84%DB%8C%D9%BE%D8%B3-%D9%85%D8%AF%D9%84-na11000/
سرخ کن بدون روغن,سیلورکرست,2849000,3.8,6.0,6.0,قابلیت نظافت آسان,nan,تفکیک قطعات,D:/سرخ کن بدون روغن/image_82.jpg,https://www.digikala.com/product/dkp-13946865/%D8%B3%D8%B1%D8%AE-%DA%A9%D9%86-%D8%A8%D8%AF%D9%88%D9%86-%D8%B1%D9%88%D8%BA%D9%86-%D8%B3%DB%8C%D9%84%D9%88%D8%B1%DA%A9%D8%B1%D8%B3%D8%AA-%D9%85%D8%AF%D9%84-s18/
سرخ کن بدون روغن,دسینی,4400000,3.3,12.0,12.0,nan,nan,nan,D:/سرخ کن بدون روغن/image_83.jpg,https://www.digikala.com/product/dkp-3479774/%D9%87%D9%88%D8%A7%D9%BE%D8%B2-%D8%AF%D8%B3%DB%8C%D9%86%DB%8C-%D9%85%D8%AF%D9%84-%D8%AA%D9%88%D8%B1%D8%A8%D9%88/
سرخ کن بدون روغن,فیلیپس,18069170,2.2,7.0,7.2,شست‌وشوی اقلام جانبی در ماشین ظرفشویی شست‌وشو با دست,صفحه نمایش LED تماما لمسی (ضد آب و حرارت ),سرخ‌کردن بدون روغن یخ‌زدایی گریل برنامه پذیری برنامه پخت تابه نچسب تایمر دکمه‌های لمسی قابلیت تنظیم دما,D:/سرخ کن بدون روغن/image_84.jpg,https://www.digikala.com/product/dkp-17265623/%D8%B3%D8%B1%D8%AE-%DA%A9%D9%86-%D8%A8%D8%AF%D9%88%D9%86-%D8%B1%D9%88%D8%BA%D9%86-%D9%81%DB%8C%D9%84%DB%8C%D9%BE%D8%B3-%D9%85%D8%AF%D9%84-hd928596/
سرخ کن بدون روغن,دسینی,7500000,3.8,8.0,12.0,ظرف متحرک و قابل شست‌وشو,لمسی با 10 برنامه پخت,صفحات جداشونده,D:/سرخ کن بدون روغن/image_85.jpg,https://www.digikala.com/product/dkp-13971246/%D8%B3%D8%B1%D8%AE-%DA%A9%D9%86-%D8%A8%D8%AF%D9%88%D9%86-%D8%B1%D9%88%D8%BA%D9%86-%D8%AF%D8%B3%DB%8C%D9%86%DB%8C-%D9%85%D8%AF%D9%84-5490/
سرخ کن بدون روغن,نینجا,15403070,4.1,20.0,,nan,صحفه نمایش ال ای دی,nan,D:/سرخ کن بدون روغن/image_86.jpg,https://www.digikala.com/product/dkp-9648808/%D8%B3%D8%B1%D8%AE-%DA%A9%D9%86-%D8%A8%D8%AF%D9%88%D9%86-%D8%B1%D9%88%D8%BA%D9%86-%D9%86%DB%8C%D9%86%D8%AC%D8%A7-%D9%85%D8%AF%D9%84-af300/
سرخ کن بدون روغن,میگل,13900000,4.7,,8.5,nan,صفحه نمایش دیجیتال بزرگ لمسی,nan,D:/سرخ کن بدون روغن/image_87.jpg,https://www.digikala.com/product/dkp-13035856/%D8%B3%D8%B1%D8%AE-%DA%A9%D9%86-%D8%A8%D8%AF%D9%88%D9%86-%D8%B1%D9%88%D8%BA%D9%86-%D9%85%DB%8C%DA%AF%D9%84-%D9%85%D8%AF%D9%84-gaf-204/
سرخ کن بدون روغن,سیلورکرست,6700000,5.0,12.0,,nan,nan,nan,D:/سرخ کن بدون روغن/image_88.jpg,https://www.digikala.com/product/dkp-17621941/%D8%B3%D8%B1%D8%AE-%DA%A9%D9%86-%D8%A8%D8%AF%D9%88%D9%86-%D8%B1%D9%88%D8%BA%D9%86-%D8%B3%DB%8C%D9%84%D9%88%D8%B1%DA%A9%D8%B1%D8%B3%D8%AA-%D9%85%D8%AF%D9%84-scs-6090/
سرخ کن بدون روغن,تفال,13800000,4.1,8.0,8.3,nan,nan,nan,D:/سرخ کن بدون روغن/image_89.jpg,https://www.digikala.com/product/dkp-14659197/%D9%87%D9%88%D8%A7%D9%BE%D8%B2-%D8%AA%D9%81%D8%A7%D9%84-%D9%85%D8%AF%D9%84-ey901840/
سرخ کن بدون روغن,میگل,9800000,4.2,,8.5,قابلیت شست‌وشو در ماشین ظرفشویی,صفحه کنترل لمسی دیجیتال رنگی,سرخ‌کردن بدون روغن,D:/سرخ کن بدون روغن/image_90.jpg,https://www.digikala.com/product/dkp-15577773/%D8%B3%D8%B1%D8%AE-%DA%A9%D9%86-%D8%A8%D8%AF%D9%88%D9%86-%D8%B1%D9%88%D8%BA%D9%86-%D9%85%DB%8C%DA%AF%D9%84-%D9%85%D8%AF%D9%84-gaf-206/
سرخ کن بدون روغن,یونیک لایف,7400000,4.3,,10.0,قابلیت شست‌وشو,nan,nan,D:/سرخ کن بدون روغن/image_91.jpg,https://www.digikala.com/product/dkp-15480644/%D8%B3%D8%B1%D8%AE-%DA%A9%D9%86-%D8%A8%D8%AF%D9%88%D9%86-%D8%B1%D9%88%D8%BA%D9%86-%DB%8C%D9%88%D9%86%DB%8C%DA%A9-%D9%84%D8%A7%DB%8C%D9%81-%D9%85%D8%AF%D9%84-ul-12741/
سرخ کن بدون روغن,مباشی,8300000,4.2,8.0,9.0,nan,nan,سرخ‌کردن بدون روغن,D:/سرخ کن بدون روغن/image_92.jpg,https://www.digikala.com/product/dkp-14103786/%D8%B3%D8%B1%D8%AE-%DA%A9%D9%86-%D8%A8%D8%AF%D9%88%D9%86-%D8%B1%D9%88%D8%BA%D9%86-%D9%85%D8%A8%D8%A7%D8%B4%DB%8C-%D9%85%D8%AF%D9%84-me-af986/
سرخ کن بدون روغن,نینجا,15586900,3.7,4.0,,nan,محدوده دما 40 درجه سانتیگراد تا 240 درجه سانتیگراد برنامه های پخت : Max Crisp  Air Fry  Air Roast  Bake  Reheat  Dehydrate ( کاملا ترد ، سرخ کن ، کباب کردن ، پختن (کیک و شیرینی و ...) ، گرم کردن مجدد و خشک کن میوه و سبزیجات ) فناوری منحصر به فرد DUAL ZONE ™ نینجا به شما امکان می دهد آشپزی خود را با برنامه Match or Sync همگام سازی کنید. دارای 2 سبد پخت مستقل 3.8 ی ، تا 1.8 کیلوگرم سیب زمینی سرخ شده یا بال مرغ را همزمان بپزید تمام اقلام عاری از BPA دارای پایه بدون لغزش قابلیت شستشو اجزاء در ماشین ظرفشویی,nan,D:/سرخ کن بدون روغن/image_93.jpg,https://www.digikala.com/product/dkp-10424672/%D8%B3%D8%B1%D8%AE-%DA%A9%D9%86-%D8%A8%D8%AF%D9%88%D9%86-%D8%B1%D9%88%D8%BA%D9%86-%D9%86%DB%8C%D9%86%D8%AC%D8%A7-%D9%85%D8%AF%D9%84-af300/
سرخ کن بدون روغن,تفال,6490000,4.0,6.0,4.0,قابلیت نظافت آسان,دارای نمایشگر LCD و صفحه کنترل لمسی,سرخ‌کردن بدون روغن گریل برنامه پخت تایمر دکمه‌های لمسی قابلیت تنظیم دما,D:/سرخ کن بدون روغن/image_94.jpg,https://www.digikala.com/product/dkp-8699805/%D8%B3%D8%B1%D8%AE-%DA%A9%D9%86-%D8%A8%D8%AF%D9%88%D9%86-%D8%B1%D9%88%D8%BA%D9%86-%D8%AA%D9%81%D8%A7%D9%84-%D9%85%D8%AF%D9%84-ey401d/
سرخ کن بدون روغن,شیائومی,7771000,4.8,5.0,,nan,nan,nan,D:/سرخ کن بدون روغن/image_95.jpg,https://www.digikala.com/product/dkp-16741019/%D8%B3%D8%B1%D8%AE-%DA%A9%D9%86-%D8%A8%D8%AF%D9%88%D9%86-%D8%B1%D9%88%D8%BA%D9%86-%D8%B4%DB%8C%D8%A7%D8%A6%D9%88%D9%85%DB%8C-%D9%85%D8%AF%D9%84-maf14/
سرخ کن بدون روغن,متفرقه,7300000,4.4,,,nan,دارای صفحه نمایش لمسی,nan,D:/سرخ کن بدون روغن/image_96.jpg,https://www.digikala.com/product/dkp-8973954/%D8%B3%D8%B1%D8%AE-%DA%A9%D9%86-%D8%A8%D8%AF%D9%88%D9%86-%D8%B1%D9%88%D8%BA%D9%86-%D9%85%D8%AF%D9%84-hd9252/
سرخ کن بدون روغن,فیلیپس,8500000,3.0,8.0,,nan,nan,nan,D:/سرخ کن بدون روغن/image_97.jpg,https://www.digikala.com/product/dkp-16029856/%D8%B3%D8%B1%D8%AE-%DA%A9%D9%86-%D8%A8%D8%AF%D9%88%D9%86-%D8%B1%D9%88%D8%BA%D9%86-%D9%81%DB%8C%D9%84%DB%8C%D9%BE%D8%B3-%D9%85%D8%AF%D9%84-9257/
سرخ کن بدون روغن,شیائومی,9600000,4.3,7.0,5.5,قابلیت نظافت آسان,nan,برنامه پذیری برنامه پخت تابه نچسب پخت ترکیبی یخ‌زدایی سرخ‌کردن بدون روغن قابلیت تنظیم دما,D:/سرخ کن بدون روغن/image_98.jpg,https://www.digikala.com/product/dkp-16900189/%D8%B3%D8%B1%D8%AE-%DA%A9%D9%86-%D8%A8%D8%AF%D9%88%D9%86-%D8%B1%D9%88%D8%BA%D9%86-%D8%B4%DB%8C%D8%A7%D8%A6%D9%88%D9%85%DB%8C-%D9%85%D8%AF%D9%84-maf15-global-version/
سرخ کن بدون روغن,یونیک لایف,7500000,3.2,10.0,10.0,ظرف متحرک و قابل شست‌وشو,لمسی دارای 10 برنامه پخت و پز,چرخش 360 درجه,D:/سرخ کن بدون روغن/image_99.jpg,https://www.digikala.com/product/dkp-14762530/%D8%B3%D8%B1%D8%AE-%DA%A9%D9%86-%D8%A8%D8%AF%D9%88%D9%86-%D8%B1%D9%88%D8%BA%D9%86-%DB%8C%D9%88%D9%86%DB%8C%DA%A9-%D9%84%D8%A7%DB%8C%D9%81-%D9%85%D8%AF%D9%84-ul-2441/
سرخ کن بدون روغن,مباشی,7800000,3.4,10.0,9.2,nan,صفحه نمایش لمسی,nan,D:/سرخ کن بدون روغن/image_100.jpg,https://www.digikala.com/product/dkp-12250219/%D8%B3%D8%B1%D8%AE-%DA%A9%D9%86-%D8%A8%D8%AF%D9%88%D9%86-%D8%B1%D9%88%D8%BA%D9%86-%D9%85%D8%A8%D8%A7%D8%B4%DB%8C-%D9%85%D8%AF%D9%84-me-af987/
سرخ کن بدون روغن,فیلیپس,5497750,4.3,4.0,4.1,nan,امکان تنظیم دستگاه با دکمه‌ی چرخان,nan,D:/سرخ کن بدون روغن/image_101.jpg,https://www.digikala.com/product/dkp-10317850/%D8%B3%D8%B1%D8%AE-%DA%A9%D9%86-%D8%A8%D8%AF%D9%88%D9%86-%D8%B1%D9%88%D8%BA%D9%86-%D9%81%DB%8C%D9%84%DB%8C%D9%BE%D8%B3-%D9%85%D8%AF%D9%84-9200/
سرخ کن بدون روغن,ولگا,4000000,4.1,6.0,7.2,قابلیت شست‌وشو شست‌وشوی اقلام جانبی در ماشین ظرفشویی ظرف متحرک و قابل شست‌وشو قابلیت نظافت آسان شست‌وشو با دست,انالوگ,چرخش 360 درجه سرخ‌کردن بدون روغن تابه نچسب,D:/سرخ کن بدون روغن/image_102.jpg,https://www.digikala.com/product/dkp-14734487/%D8%B3%D8%B1%D8%AE-%DA%A9%D9%86-%D8%A8%D8%AF%D9%88%D9%86-%D8%B1%D9%88%D8%BA%D9%86-%D9%88%D9%84%DA%AF%D8%A7-%D9%85%D8%AF%D9%84-volga-103-b/
سرخ کن بدون روغن,فیلیپس,5974150,3.7,4.0,4.1,nan,nan,nan,D:/سرخ کن بدون روغن/image_103.jpg,https://www.digikala.com/product/dkp-14475429/%D8%B3%D8%B1%D8%AE-%DA%A9%D9%86-%D8%A8%D8%AF%D9%88%D9%86-%D8%B1%D9%88%D8%BA%D9%86-41-%D9%84%DB%8C%D8%AA%D8%B1-%D9%84%DB%8C%D8%AA%D8%B1%DB%8C-%D9%81%DB%8C%D9%84%DB%8C%D9%BE%D8%B3-%D9%85%D8%AF%D9%84-hd9200/
سرخ کن بدون روغن,مایدیا,7685000,4.2,,,nan,سرخ کردن، کباب کردن، برشته کردن، خشک کردن و گرمایش مجدد مواد غذایی,nan,D:/سرخ کن بدون روغن/image_104.jpg,https://www.digikala.com/product/dkp-9509231/%D8%B3%D8%B1%D8%AE-%DA%A9%D9%86-%D8%A8%D8%AF%D9%88%D9%86-%D8%B1%D9%88%D8%BA%D9%86-%D9%85%D8%A7%DB%8C%D8%AF%DB%8C%D8%A7-%D9%85%D8%AF%D9%84-mf-cn55d2/
سرخ کن بدون روغن,دسینی,3939000,4.2,,2.0,nan,nan,nan,D:/سرخ کن بدون روغن/image_105.jpg,https://www.digikala.com/product/dkp-4128818/%D8%B3%D8%B1%D8%AE-%DA%A9%D9%86-%D8%A8%D8%AF%D9%88%D9%86-%D8%B1%D9%88%D8%BA%D9%86-%D8%AF%D8%B3%DB%8C%D9%86%DB%8C-%D9%85%D8%AF%D9%84-600/
سرخ کن بدون روغن,نینجا,18500000,4.0,,9.5,nan,صفحه نمایش بدون قابلیت لمس ( در اثر گرما آسیب نمیبیند ) نشان دادن دما و زمان باقی مانده دو سبد به صورت مجزا پنل کنترل مجزا برای هر کدام از سبد ها,nan,D:/سرخ کن بدون روغن/image_106.jpg,https://www.digikala.com/product/dkp-11956944/%D8%B3%D8%B1%D8%AE-%DA%A9%D9%86-%D8%A8%D8%AF%D9%88%D9%86-%D8%B1%D9%88%D8%BA%D9%86-%D9%86%DB%8C%D9%86%D8%AC%D8%A7-%D9%85%D8%AF%D9%84-af400/
سرخ کن بدون روغن,فیلیپس,17000000,4.1,7.0,7.2,قابلیت شست‌وشو شست‌وشوی اقلام جانبی در ماشین ظرفشویی ظرف متحرک و قابل شست‌وشو قابلیت شست‌وشو در ماشین ظرفشویی قابلیت شست‌وشوی روکش قابلیت نظافت آسان شست‌وشو با دست,صفحه نمایش LED تماما لمسی (ضد آب و حرارت ),تفکیک قطعات قرارگیری عمودی صفحات جداشونده سرخ‌کردن بدون روغن یخ‌زدایی گریل پخت ترکیبی برنامه پذیری برنامه پخت بخارپز تابه نچسب تایمر دکمه‌های لمسی قابلیت تنظیم دما سیستم کنترل کف خودکار,D:/سرخ کن بدون روغن/image_107.jpg,https://www.digikala.com/product/dkp-16883604/%D8%B3%D8%B1%D8%AE-%DA%A9%D9%86-%D8%A8%D8%AF%D9%88%D9%86-%D8%B1%D9%88%D8%BA%D9%86-%D9%81%DB%8C%D9%84%DB%8C%D9%BE%D8%B3-%D9%85%D8%AF%D9%84-hd928593/
سرخ کن بدون روغن,متفرقه,8495000,,8.0,7.0,nan,nan,nan,D:/سرخ کن بدون روغن/image_108.jpg,https://www.digikala.com/product/dkp-13868116/%D8%B3%D8%B1%D8%AE-%DA%A9%D9%86-%D8%A8%D8%AF%D9%88%D9%86-%D8%B1%D9%88%D8%BA%D9%86-%D9%85%D8%AF%D9%84-dl-820-%D8%AF%D9%84%D9%85%D9%88%D9%86%D8%AA%DB%8C/
سرخ کن بدون روغن,پاناسونیک,10300000,4.0,8.0,,nan,nan,nan,D:/سرخ کن بدون روغن/image_109.jpg,https://www.digikala.com/product/dkp-17937577/%D8%B3%D8%B1%D8%AE-%DA%A9%D9%86-%D8%A8%D8%AF%D9%88%D9%86-%D8%B1%D9%88%D8%BA%D9%86-%D9%BE%D8%A7%D9%86%D8%A7%D8%B3%D9%88%D9%86%DB%8C%DA%A9-%D9%85%D8%AF%D9%84-nf-cc600/
سرخ کن بدون روغن,فیلیپس,13300000,4.0,12.0,6.2,nan,صفحه نمایش دیجیتال و لمسی,nan,D:/سرخ کن بدون روغن/image_110.jpg,https://www.digikala.com/product/dkp-10898192/%D8%B3%D8%B1%D8%AE-%DA%A9%D9%86-%D8%A8%D8%AF%D9%88%D9%86-%D8%B1%D9%88%D8%BA%D9%86-%D9%81%DB%8C%D9%84%DB%8C%D9%BE%D8%B3-%D9%85%D8%AF%D9%84-hd9280/
سرخ کن بدون روغن,مونتینی,5336000,4.1,5.0,7.0,nan,nan,یخ‌زدایی سرخ‌کردن بدون روغن تفکیک قطعات برنامه پخت قابلیت تنظیم دما,D:/سرخ کن بدون روغن/image_111.jpg,https://www.digikala.com/product/dkp-16232915/%D8%B3%D8%B1%D8%AE-%DA%A9%D9%86-%D8%A8%D8%AF%D9%88%D9%86-%D8%B1%D9%88%D8%BA%D9%86-%D9%85%D9%88%D9%86%D8%AA%DB%8C%D9%86%DB%8C-%D9%85%D8%AF%D9%84-diet700/
سرخ کن بدون روغن,فکر,7600000,4.1,6.0,5.0,nan,دارای صفحه نمایش,nan,D:/سرخ کن بدون روغن/image_112.jpg,https://www.digikala.com/product/dkp-11168051/%D8%B3%D8%B1%D8%AE-%DA%A9%D9%86-%D8%A8%D8%AF%D9%88%D9%86-%D8%B1%D9%88%D8%BA%D9%86-%D9%81%DA%A9%D8%B1-%D9%85%D8%AF%D9%84-uno-chefry/
سرخ کن بدون روغن,سوپر کاسا,7700000,4.4,10.0,9.2,شست‌وشوی اقلام جانبی در ماشین ظرفشویی ظرف متحرک و قابل شست‌وشو,دیجیتال لمسی,nan,D:/سرخ کن بدون روغن/image_113.jpg,https://www.digikala.com/product/dkp-15499888/%D8%B3%D8%B1%D8%AE-%DA%A9%D9%86-%D8%A8%D8%AF%D9%88%D9%86-%D8%B1%D9%88%D8%BA%D9%86-%D8%B3%D9%88%D9%BE%D8%B1-%DA%A9%D8%A7%D8%B3%D8%A7-%D9%85%D8%AF%D9%84-%D8%AF%D9%88-%D8%A7%D9%84%D9%85%D9%86%D8%AA%D9%87-ca-8591/
سرخ کن بدون روغن,آزور,13500000,5.0,,12.0,nan,nan,nan,D:/سرخ کن بدون روغن/image_114.jpg,https://www.digikala.com/product/dkp-13061484/%D8%B3%D8%B1%D8%AE-%DA%A9%D9%86-%D8%A8%D8%AF%D9%88%D9%86-%D8%B1%D9%88%D8%BA%D9%86-%D8%A2%D8%B2%D9%88%D8%B1-%D9%85%D8%AF%D9%84-az-446af/
سرخ کن بدون روغن,سنکور,8047900,3.5,8.0,4.0,nan,تمام لمسی,nan,D:/سرخ کن بدون روغن/image_115.jpg,https://www.digikala.com/product/dkp-11845063/%D8%B3%D8%B1%D8%AE-%DA%A9%D9%86-%D8%A8%D8%AF%D9%88%D9%86-%D8%B1%D9%88%D8%BA%D9%86-%D8%B3%D9%86%DA%A9%D9%88%D8%B1-%D9%85%D8%AF%D9%84-sencor-sfr-9500ss/
سرخ کن بدون روغن,فیلیپس,18730200,4.0,8.0,,nan,لمسی,nan,D:/سرخ کن بدون روغن/image_116.jpg,https://www.digikala.com/product/dkp-8452100/%D8%B3%D8%B1%D8%AE-%DA%A9%D9%86-%D8%A8%D8%AF%D9%88%D9%86-%D8%B1%D9%88%D8%BA%D9%86-%D9%81%DB%8C%D9%84%DB%8C%D9%BE%D8%B3-%D9%85%D8%AF%D9%84-hd-9650/
سرخ کن بدون روغن,میگل,11800000,4.5,8.0,8.5,nan,دارای صفحه نمایش تمام لمسی,سرخ‌کردن بدون روغن برنامه پخت قابلیت تنظیم دما,D:/سرخ کن بدون روغن/image_117.jpg,https://www.digikala.com/product/dkp-18028284/%D8%B3%D8%B1%D8%AE-%DA%A9%D9%86-%D8%A8%D8%AF%D9%88%D9%86-%D8%B1%D9%88%D8%BA%D9%86-%D9%85%DB%8C%DA%AF%D9%84-%D9%85%D8%AF%D9%84-gaf-208/
سرخ کن بدون روغن,میگل,7900000,,6.0,,قابلیت شست‌وشو,صفحه نمایش لمسی,برنامه پخت قابلیت تنظیم دما دکمه‌های لمسی تایمر یخ‌زدایی سرخ‌کردن بدون روغن,D:/سرخ کن بدون روغن/image_118.jpg,https://www.digikala.com/product/dkp-17891010/%D8%B3%D8%B1%D8%AE-%DA%A9%D9%86-%D8%A8%D8%AF%D9%88%D9%86-%D8%B1%D9%88%D8%BA%D9%86-%D9%85%DB%8C%DA%AF%D9%84-%D9%85%D8%AF%D9%84-gaf-502/
سرخ کن بدون روغن,دسینی,3899000,3.5,,,nan,صفحه نمایشگر لمسی و دارای 7 برنامه پخت پیش فرض,nan,D:/سرخ کن بدون روغن/image_119.jpg,https://www.digikala.com/product/dkp-9724686/%D8%B3%D8%B1%D8%AE-%DA%A9%D9%86-%D8%A8%D8%AF%D9%88%D9%86-%D8%B1%D9%88%D8%BA%D9%86-%D8%AF%D8%B3%DB%8C%D9%86%DB%8C-%D9%85%D8%AF%D9%84-800/
سرخ کن بدون روغن,مباشی,8150000,3.7,10.0,11.0,شست‌وشو با دست شست‌وشوی اقلام جانبی در ماشین ظرفشویی,نمایشگر LED لمسی,سرخ‌کردن بدون روغن یخ‌زدایی قابلیت تنظیم دما دکمه‌های لمسی تایمر برنامه پخت برنامه پذیری,D:/سرخ کن بدون روغن/image_120.jpg,https://www.digikala.com/product/dkp-15439033/%D8%B3%D8%B1%D8%AE-%DA%A9%D9%86-%D8%A8%D8%AF%D9%88%D9%86-%D8%B1%D9%88%D8%BA%D9%86-%D9%85%D8%A8%D8%A7%D8%B4%DB%8C-%D9%85%D8%AF%D9%84-me-af957/
سرخ کن بدون روغن,کنوود,8100000,4.0,12.0,5.5,nan,صفحه نمایش LCD تاچ اسکرین,nan,D:/سرخ کن بدون روغن/image_121.jpg,https://www.digikala.com/product/dkp-7366159/%D8%B3%D8%B1%D8%AE-%DA%A9%D9%86-%D8%A8%D8%AF%D9%88%D9%86-%D8%B1%D9%88%D8%BA%D9%86-%DA%A9%D9%86%D9%88%D9%88%D8%AF-%D9%85%D8%AF%D9%84-hfp50/
سرخ کن بدون روغن,سیلور کرست,3450000,3.7,4.0,8.0,nan,صفحه نمایش تمام لمس,nan,D:/سرخ کن بدون روغن/image_122.jpg,https://www.digikala.com/product/dkp-15139709/%D8%B3%D8%B1%D8%AE-%DA%A9%D9%86-%D8%A8%D8%AF%D9%88%D9%86-%D8%B1%D9%88%D8%BA%D9%86-%D8%B3%DB%8C%D9%84%D9%88%D8%B1-%DA%A9%D8%B1%D8%B3%D8%AA-%D9%85%D8%AF%D9%84-jd689b/
سرخ کن بدون روغن,کوخ,12300000,,,6.5,nan,صفحه نمایشگر تمام لمسی,nan,D:/سرخ کن بدون روغن/image_123.jpg,https://www.digikala.com/product/dkp-11090885/%D8%B3%D8%B1%D8%AE-%DA%A9%D9%86-%D8%A8%D8%AF%D9%88%D9%86-%D8%B1%D9%88%D8%BA%D9%86-%DA%A9%D9%88%D8%AE-%D9%85%D8%AF%D9%84-kf-2100/
سرخ کن بدون روغن,فیلیپس,8950000,,6.0,6.2,قابلیت نظافت آسان,لمسی,صفحات جداشونده سرخ‌کردن بدون روغن برنامه پخت تابه نچسب تایمر دکمه‌های لمسی قابلیت تنظیم دما,D:/سرخ کن بدون روغن/image_124.jpg,https://www.digikala.com/product/dkp-18392140/%D8%B3%D8%B1%D8%AE-%DA%A9%D9%86-%D8%A8%D8%AF%D9%88%D9%86-%D8%B1%D9%88%D8%BA%D9%86-%D9%81%DB%8C%D9%84%DB%8C%D9%BE%D8%B3-%D9%85%D8%AF%D9%84-9270/
سرخ کن بدون روغن,ترام هاوس,6300000,4.0,7.0,6.0,قابلیت شست‌وشو,nan,سرخ‌کردن بدون روغن برنامه پذیری برنامه پخت تابه نچسب قابلیت تنظیم دما دکمه‌های لمسی تایمر,D:/سرخ کن بدون روغن/image_125.jpg,https://www.digikala.com/product/dkp-17957726/%D8%B3%D8%B1%D8%AE-%DA%A9%D9%86-%D8%A8%D8%AF%D9%88%D9%86-%D8%B1%D9%88%D8%BA%D9%86-%D8%AA%D8%B1%D8%A7%D9%85-%D9%87%D8%A7%D9%88%D8%B3-%D9%85%D8%AF%D9%84-af-25886/
سرخ کن بدون روغن,میگل,3400000,3.6,,1.9,nan,دارای کنترل پنل ولومی تنظیم زمان تا 60 دقیقه,nan,D:/سرخ کن بدون روغن/image_126.jpg,https://www.digikala.com/product/dkp-11562809/%D8%B3%D8%B1%D8%AE-%DA%A9%D9%86-%D8%A8%D8%AF%D9%88%D9%86-%D8%B1%D9%88%D8%BA%D9%86-%D9%85%DB%8C%DA%AF%D9%84-%D9%85%D8%AF%D9%84-gaf-100/
سرخ کن بدون روغن,فیلیپس,7262550,2.6,4.0,4.0,nan,nan,nan,D:/سرخ کن بدون روغن/image_127.jpg,https://www.digikala.com/product/dkp-15125286/%D8%B3%D8%B1%D8%AE-%DA%A9%D9%86-%D8%A8%D8%AF%D9%88%D9%86-%D8%B1%D9%88%D8%BA%D9%86-41-%D9%84%DB%8C%D8%AA%D8%B1%DB%8C-%D9%81%DB%8C%D9%84%DB%8C%D9%BE%D8%B3-%D9%85%D8%AF%D9%84-hd9252/
سرخ کن بدون روغن,نوتریکوک,12394900,,6.0,8.5,nan,nan,یخ‌زدایی سرخ‌کردن بدون روغن برنامه پذیری برنامه پخت تایمر دکمه‌های لمسی,D:/سرخ کن بدون روغن/image_128.jpg,https://www.digikala.com/product/dkp-16040890/%D8%B3%D8%B1%D8%AE-%DA%A9%D9%86-%D8%A8%D8%AF%D9%88%D9%86-%D8%B1%D9%88%D8%BA%D9%86-%D9%86%D9%88%D8%AA%D8%B1%DB%8C%DA%A9%D9%88%DA%A9-%D9%85%D8%AF%D9%84-afd185v/
سرخ کن بدون روغن,نینجا,12000000,4.1,,,nan,صفحه نمایش دیجیتال,nan,D:/سرخ کن بدون روغن/image_129.jpg,https://www.digikala.com/product/dkp-10820549/%D8%B3%D8%B1%D8%AE-%DA%A9%D9%86-%D8%A8%D8%AF%D9%88%D9%86-%D8%B1%D9%88%D8%BA%D9%86-%D9%86%DB%8C%D9%86%D8%AC%D8%A7-%D9%85%D8%AF%D9%84-af100/
سرخ کن بدون روغن,فیلیپس,5582000,3.3,,4.1,nan,nan,nan,D:/سرخ کن بدون روغن/image_130.jpg,https://www.digikala.com/product/dkp-13370004/%D8%B3%D8%B1%D8%AE-%DA%A9%D9%86-%D8%A8%D8%AF%D9%88%D9%86-%D8%B1%D9%88%D8%BA%D9%86-%D9%81%DB%8C%D9%84%DB%8C%D9%BE%D8%B3-%D9%85%D8%AF%D9%84-9200/
سرخ کن بدون روغن,میگل,6900000,4.6,,6.0,قابلیت شست‌وشو در ماشین ظرفشویی,صفحه نمایش لمسی,سرخ‌کردن بدون روغن,D:/سرخ کن بدون روغن/image_131.jpg,https://www.digikala.com/product/dkp-15086583/%D8%B3%D8%B1%D8%AE-%DA%A9%D9%86-%D8%A8%D8%AF%D9%88%D9%86-%D8%B1%D9%88%D8%BA%D9%86-%D9%85%DB%8C%DA%AF%D9%84-%D9%85%D8%AF%D9%84-gaf-602/
سرخ کن بدون روغن,ایکس ویژن,7700000,4.5,6.0,7.0,شست‌وشوی اقلام جانبی در ماشین ظرفشویی ظرف متحرک و قابل شست‌وشو قابلیت نظافت آسان,nan,سرخ‌کردن بدون روغن تایمر قابلیت تنظیم دما,D:/سرخ کن بدون روغن/image_132.jpg,https://www.digikala.com/product/dkp-17649673/%D8%B3%D8%B1%D8%AE-%DA%A9%D9%86-%D8%A8%D8%AF%D9%88%D9%86-%D8%B1%D9%88%D8%BA%D9%86-%D8%A7%DB%8C%DA%A9%D8%B3-%D9%88%DB%8C%DA%98%D9%86-%D9%85%D8%AF%D9%84-af-6070/
سرخ کن بدون روغن,متفرقه,3880420,3.6,8.0,10.0,nan,nan,nan,D:/سرخ کن بدون روغن/image_133.jpg,https://www.digikala.com/product/dkp-7490075/%D9%87%D9%88%D8%A7%D9%BE%D8%B2-%D8%B1%D9%88%D9%85%D8%A7%D9%86%D8%AA%DB%8C%DA%A9-%D9%87%D9%88%D9%85-%D9%85%D8%AF%D9%84-kp70/
سرخ کن بدون روغن,دلونگی,21575630,3.8,4.0,1.7,nan,ااااااا,nan,D:/سرخ کن بدون روغن/image_134.jpg,https://www.digikala.com/product/dkp-4815766/%D8%B3%D8%B1%D8%AE-%DA%A9%D9%86-%D8%A8%D8%AF%D9%88%D9%86-%D8%B1%D9%88%D8%BA%D9%86-%D8%AF%D9%84%D9%88%D9%86%DA%AF%DB%8C-%D9%85%D8%AF%D9%84-fh13961-ex1/
سرخ کن بدون روغن,نینجا,12442000,3.7,,5.2,nan,nan,nan,D:/سرخ کن بدون روغن/image_135.jpg,https://www.digikala.com/product/dkp-9224870/%D8%B3%D8%B1%D8%AE-%DA%A9%D9%86-%D8%A8%D8%AF%D9%88%D9%86-%D8%B1%D9%88%D8%BA%D9%86-%D9%86%DB%8C%D9%86%D8%AC%D8%A7-%D9%85%D8%AF%D9%84-af160/
سرخ کن بدون روغن,فیلیپس,9571190,3.5,6.0,,nan,nan,nan,D:/سرخ کن بدون روغن/image_136.jpg,https://www.digikala.com/product/dkp-17723563/%D8%B3%D8%B1%D8%AE-%DA%A9%D9%86-%D8%A8%D8%AF%D9%88%D9%86-%D8%B1%D9%88%D8%BA%D9%86-%D9%81%DB%8C%D9%84%DB%8C%D9%BE%D8%B3-%D9%85%D8%AF%D9%84-9270/
سرخ کن بدون روغن,کنوود,10527600,5.0,6.0,7.0,nan,nan,برنامه پذیری یخ‌زدایی سرخ‌کردن بدون روغن برنامه پخت تایمر دکمه‌های لمسی قابلیت تنظیم دما,D:/سرخ کن بدون روغن/image_137.jpg,https://www.digikala.com/product/dkp-16041407/%D8%B3%D8%B1%D8%AE-%DA%A9%D9%86-%D8%A8%D8%AF%D9%88%D9%86-%D8%B1%D9%88%D8%BA%D9%86-%DA%A9%D9%86%D9%88%D9%88%D8%AF-%D9%85%D8%AF%D9%84-hfm80-000ss/
سرخ کن بدون روغن,همیلتون بیچ,17000000,4.0,,12.0,nan,nan,nan,D:/سرخ کن بدون روغن/image_138.jpg,https://www.digikala.com/product/dkp-14557176/%D9%87%D9%88%D8%A7%D9%BE%D8%B2-%D9%87%D9%85%DB%8C%D9%84%D8%AA%D9%88%D9%86-%D8%A8%DB%8C%DA%86-%D9%85%D8%AF%D9%84-1212/
سرخ کن بدون روغن,رومانتیک هوم,3059000,3.9,,11.0,nan,nan,nan,D:/سرخ کن بدون روغن/image_139.jpg,https://www.digikala.com/product/dkp-2381743/%D9%87%D9%88%D8%A7%D9%BE%D8%B2-%D8%B1%D9%88%D9%85%D8%A7%D9%86%D8%AA%DB%8C%DA%A9-%D9%87%D9%88%D9%85-%D9%85%D8%AF%D9%84-01/
سرخ کن بدون روغن,میگل,8500000,4.7,,6.0,nan,صفحه نمیش دیجیتال لمسی,nan,D:/سرخ کن بدون روغن/image_140.jpg,https://www.digikala.com/product/dkp-12045246/%D8%B3%D8%B1%D8%AE-%DA%A9%D9%86-%D8%A8%D8%AF%D9%88%D9%86-%D8%B1%D9%88%D8%BA%D9%86-%D9%85%DB%8C%DA%AF%D9%84-%D9%85%D8%AF%D9%84-gaf-135/
سرخ کن بدون روغن,تفال,14707870,5.0,8.0,8.3,شست‌وشوی اقلام جانبی در ماشین ظرفشویی,نمایشگر LED با قابلیت نشان دادن دما و برنامه پخت,سرخ‌کردن بدون روغن برنامه پخت تفکیک قطعات تایمر قابلیت تنظیم دما,D:/سرخ کن بدون روغن/image_141.jpg,https://www.digikala.com/product/dkp-17739325/%D8%B3%D8%B1%D8%AE-%DA%A9%D9%86-%D8%A8%D8%AF%D9%88%D9%86-%D8%B1%D9%88%D8%BA%D9%86-%D8%AA%D9%81%D8%A7%D9%84-%D9%85%D8%AF%D9%84-ey901n40/
سرخ کن بدون روغن,دلمونتی,8380000,3.5,7.0,7.0,قابلیت شست‌وشو,صفحه نمايش لمسي با منو پخت هاي كامل,nan,D:/سرخ کن بدون روغن/image_142.jpg,https://www.digikala.com/product/dkp-15312101/%D8%B3%D8%B1%D8%AE-%DA%A9%D9%86-%D8%A8%D8%AF%D9%88%D9%86-%D8%B1%D9%88%D8%BA%D9%86-%D8%AF%D9%84%D9%85%D9%88%D9%86%D8%AA%DB%8C-%D9%85%D8%AF%D9%84-dl-800/
سرخ کن بدون روغن,بلک اند دکر,15400000,3.0,8.0,15.0,قابلیت شست‌وشو شست‌وشوی اقلام جانبی در ماشین ظرفشویی ظرف متحرک و قابل شست‌وشو قابلیت شست‌وشو در ماشین ظرفشویی قابلیت نظافت آسان شست‌وشو با دست,لمسی,تفکیک قطعات صفحات جداشونده سرخ‌کردن بدون روغن یخ‌زدایی گریل جوجه گردان پخت ترکیبی برنامه پذیری برنامه پخت تایمر دکمه‌های لمسی قابلیت تنظیم دما,D:/سرخ کن بدون روغن/image_143.jpg,https://www.digikala.com/product/dkp-18137641/%D8%B3%D8%B1%D8%AE-%DA%A9%D9%86-%D8%A8%D8%AF%D9%88%D9%86-%D8%B1%D9%88%D8%BA%D9%86-%D8%A8%D9%84%DA%A9-%D8%A7%D9%86%D8%AF-%D8%AF%DA%A9%D8%B1-%D9%85%D8%AF%D9%84-aof-150/
سرخ کن بدون روغن,فیلیپس,9349550,3.3,6.0,,nan,nan,nan,D:/سرخ کن بدون روغن/image_144.jpg,https://www.digikala.com/product/dkp-16623270/%D8%B3%D8%B1%D8%AE-%DA%A9%D9%86-%D8%A8%D8%AF%D9%88%D9%86-%D8%B1%D9%88%D8%BA%D9%86-%D9%81%DB%8C%D9%84%DB%8C%D9%BE%D8%B3-%D9%85%D8%AF%D9%84-9270-%D8%B3%D9%87-%D8%B4%D8%A7%D8%AE/
سرخ کن بدون روغن,زوله‌له,5195000,4.2,,4.5,nan,nan,nan,D:/سرخ کن بدون روغن/image_145.jpg,https://www.digikala.com/product/dkp-11214896/%D9%87%D9%88%D8%A7%D9%BE%D8%B2-%D8%B2%D9%88%D9%84%D9%87-%D9%84%D9%87-%D9%85%D8%AF%D9%84-za004/
سرخ کن بدون روغن,داتیس,9400000,2.0,,8.0,nan,nan,nan,D:/سرخ کن بدون روغن/image_146.jpg,https://www.digikala.com/product/dkp-13259156/%D8%B3%D8%B1%D8%AE-%DA%A9%D9%86-%D8%A8%D8%AF%D9%88%D9%86-%D8%B1%D9%88%D8%BA%D9%86-%D8%AF%D8%A7%D8%AA%DB%8C%D8%B3-%D9%85%D8%AF%D9%84-df202/
سرخ کن بدون روغن,برلین,6950000,,6.0,8.0,قابلیت نظافت آسان,پنل لمسی,برنامه پخت تایمر قابلیت تنظیم دما دکمه‌های لمسی,D:/سرخ کن بدون روغن/image_147.jpg,https://www.digikala.com/product/dkp-16737035/%D8%B3%D8%B1%D8%AE-%DA%A9%D9%86-%D8%A8%D8%AF%D9%88%D9%86-%D8%B1%D9%88%D8%BA%D9%86-%D8%A8%D8%B1%D9%84%DB%8C%D9%86-%D9%85%D8%AF%D9%84-650b/
سرخ کن بدون روغن,گاستروبک,29390000,4.5,,22.0,nan,دارای صفحه لمسی,nan,D:/سرخ کن بدون روغن/image_148.jpg,https://www.digikala.com/product/dkp-12966090/%D8%B3%D8%B1%D8%AE-%DA%A9%D9%86-%D8%A8%D8%AF%D9%88%D9%86-%D8%B1%D9%88%D8%BA%D9%86-%DA%AF%D8%A7%D8%B3%D8%AA%D8%B1%D9%88%D8%A8%DA%A9-%D9%85%D8%AF%D9%84-42815/
سرخ کن بدون روغن,دسینی,4500000,3.0,,8.0,nan,nan,nan,D:/سرخ کن بدون روغن/image_149.jpg,https://www.digikala.com/product/dkp-12492589/%D8%B3%D8%B1%D8%AE-%DA%A9%D9%86-%D8%A8%D8%AF%D9%88%D9%86-%D8%B1%D9%88%D8%BA%D9%86-%D8%AF%D8%B3%DB%8C%D9%86%DB%8C-%D9%85%D8%AF%D9%84-ds-811/
سرخ کن بدون روغن,زوله‌له,8137000,4.1,6.0,6.0,nan,nan,nan,D:/سرخ کن بدون روغن/image_150.jpg,https://www.digikala.com/product/dkp-12710842/%D8%B3%D8%B1%D8%AE-%DA%A9%D9%86-%D8%A8%D8%AF%D9%88%D9%86-%D8%B1%D9%88%D8%BA%D9%86-%D8%B2%D9%88%D9%84%D9%87%D9%84%D9%87-%D9%85%D8%AF%D9%84-za-005/
سرخ کن بدون روغن,متفرقه,9550000,4.1,,,nan,دارای صفحه نمایش لمسی با 9 برنامه پخت برای استفاده راحت و آسان ، سرخ کن Unie US-6800 دارای ظرفیت 7  است که برای خانواده های 4-6 نفر یا بیشتر مناسب است. پخت هزاران غذای خوشمزه از سرخ شده، کبابی گرفته تا بخارپز، خشک کننده قوی میوه ها، پخته، Unie US-6800 همگی می توانند تنها با لمس یک دکمه انجام داد ،قدرت گریل/بخار: 1700 وات/ 900 وات ،ولتاژ: 220 ولت ،محدوده دما: 80-200 درجه سانتیگراد ،جنس: فولاد ضد زنگ 304 و پلاستیک PP ،تکنولوژی: Rapid air + Steam Active ، کنترل: پنل LED ،حجم سینی سرخ کردنی: 7 ; ظرفیت مخزن آب: 1.2 ،حالت خاموش شدن خودکار هنگام بلند کردن سبد سرخ کردنی یا تمام شدن آب، عملکرد کارآمد و به موقع را تضمین می کند و ایمنی مطلق را برای مشتریان تضمین می کند.این اولین ترکیبی است که در بازار ظاهر می شود ،ترکیبی از فناوری سرخ کردن بدون روغن پیشرفته Rapid Air و فناوری بخار فوق گرم Steam Active به غذاهای شما کمک می کند تا بهترین طعم را داشته باشند.فناوری Rapid Air: غذا را با استفاده از حرارت هوا طبخ می کند. نوار حرارتی (Mayso) همراه با یک فن کانوکشن 360 درجه هوای گرم را در اطراف دیگ داخلی به گردش در می‌آورد تا به غذا در داخل لذیذ و از بیرون ترد شود.فن آوری Steam Active: از بخار متناوب استفاده می کند، سوزاندن سطح را به حداقل می رساند، غذا را از بیرون ترد می کند، اما از داخل هنوز نرم و مرطوب می شود، غذا به سطح عالی از شیرینی نرم می رسد، بدون اینکه خشک شود مانند سرخ کردن با ماهی تابه سنتی یا قدیمی. سرخ کن بادی نسل,nan,D:/سرخ کن بدون روغن/image_151.jpg,https://www.digikala.com/product/dkp-10650525/%D8%B3%D8%B1%D8%AE-%DA%A9%D9%86-%D8%A8%D8%AF%D9%88%D9%86-%D8%B1%D9%88%D8%BA%D9%86-%D9%85%D8%AF%D9%84-6800/
سرخ کن بدون روغن,تفال,15984000,4.4,4.0,6.2,nan,لمسی,nan,D:/سرخ کن بدون روغن/image_152.jpg,https://www.digikala.com/product/dkp-11052258/%D8%B3%D8%B1%D8%AE-%DA%A9%D9%86-%D8%A8%D8%AF%D9%88%D9%86-%D8%B1%D9%88%D8%BA%D9%86-%D8%AA%D9%81%D8%A7%D9%84-%D9%85%D8%AF%D9%84-fw201815/
سرخ کن بدون روغن,لاریزو,7000000,,6.0,6.5,nan,لمسی دارای برنامه غذایی پخت اتوماتیک,سرخ‌کردن بدون روغن یخ‌زدایی پخت ترکیبی برنامه پذیری برنامه پخت قابلیت تنظیم دما دکمه‌های لمسی,D:/سرخ کن بدون روغن/image_153.jpg,https://www.digikala.com/product/dkp-16082112/%D8%B3%D8%B1%D8%AE-%DA%A9%D9%86-%D8%A8%D8%AF%D9%88%D9%86-%D8%B1%D9%88%D8%BA%D9%86-%D9%84%D8%A7%D8%B1%DB%8C%D8%B2%D9%88-%D9%85%D8%AF%D9%84-1260/
سرخ کن بدون روغن,هنریچ,9700000,4.5,6.0,4.5,nan,تمام تاچ ال سی دی,nan,D:/سرخ کن بدون روغن/image_154.jpg,https://www.digikala.com/product/dkp-12559314/%D8%B3%D8%B1%D8%AE-%DA%A9%D9%86-%D8%A8%D8%AF%D9%88%D9%86-%D8%B1%D9%88%D8%BA%D9%86-%D9%87%D9%86%D8%B1%DB%8C%DA%86-%D9%85%D8%AF%D9%84-hfr8214/
سرخ کن بدون روغن,ترام هاوس,6900000,5.0,8.0,7.2,شست‌وشوی اقلام جانبی در ماشین ظرفشویی شست‌وشو با دست,nan,سرخ‌کردن بدون روغن,D:/سرخ کن بدون روغن/image_155.jpg,https://www.digikala.com/product/dkp-18303737/%D8%B3%D8%B1%D8%AE-%DA%A9%D9%86-%D8%A8%D8%AF%D9%88%D9%86-%D8%B1%D9%88%D8%BA%D9%86-%D8%AA%D8%B1%D8%A7%D9%85-%D9%87%D8%A7%D9%88%D8%B3-%D9%85%D8%AF%D9%84-af-25700-d/
سرخ کن بدون روغن,ولگا,7100000,4.1,12.0,12.0,nan,لمسی,بازشوندگی چرخش 360 درجه چرخش دو طرفه صفحات جداشونده,D:/سرخ کن بدون روغن/image_156.jpg,https://www.digikala.com/product/dkp-15076944/%D8%B3%D8%B1%D8%AE-%DA%A9%D9%86-%D8%A8%D8%AF%D9%88%D9%86-%D8%B1%D9%88%D8%BA%D9%86-%D9%88%D9%84%DA%AF%D8%A7-%D9%85%D8%AF%D9%84-volga-114-c/
سرخ کن بدون روغن,آ ا گ,11950000,,6.0,5.4,nan,nan,nan,D:/سرخ کن بدون روغن/image_157.jpg,https://www.digikala.com/product/dkp-13243651/%D8%B3%D8%B1%D8%AE-%DA%A9%D9%86-%D8%A8%D8%AF%D9%88%D9%86-%D8%B1%D9%88%D8%BA%D9%86-%D8%A2-%D8%A7-%DA%AF-%D9%85%D8%AF%D9%84-af6-i-6st/
سرخ کن بدون روغن,نوتریکوک,11400000,3.9,,5.7,nan,LED,nan,D:/سرخ کن بدون روغن/image_158.jpg,https://www.digikala.com/product/dkp-11640193/%D8%B3%D8%B1%D8%AE-%DA%A9%D9%86-%D8%A8%D8%AF%D9%88%D9%86-%D8%B1%D9%88%D8%BA%D9%86-%D9%86%D9%88%D8%AA%D8%B1%DB%8C%DA%A9%D9%88%DA%A9-%D9%85%D8%AF%D9%84-af357v/
