category,brand,price,rating,burner_count,material,grid_material,oven_capacity,height,width,depth,image_path,product_url
اجاق گاز,بوگر,10500000,,پنج شعله,آهن با روکش استیل,چدن,nan,90,87,45,D:/اجاق گاز/image_1.jpg,https://www.digikala.com/product/dkp-17692529/%D8%A7%D8%AC%D8%A7%D9%82-%DA%AF%D8%A7%D8%B2-5-%D8%B4%D8%B9%D9%84%D9%87-%D8%A8%D9%88%DA%AF%D8%B1-%D9%85%D8%AF%D9%84-905/?ad_variant_id=61637355
اجاق گاز,دوو,31408350,4.4,چهار شعله,استیل,چدن,nan,94,90,65,D:/اجاق گاز/image_2.jpg,https://www.digikala.com/product/dkp-4018445/%D8%A7%D8%AC%D8%A7%D9%82-%DA%AF%D8%A7%D8%B2-%D8%AF%D9%88%D9%88-%D9%85%D8%AF%D9%84-dgc5-2101n/
اجاق گاز,هاکان,4750000,3.6,پنج شعله,ام‌دی‌اف,چدنی,nan,90,90,52,D:/اجاق گاز/image_3.jpg,https://www.digikala.com/product/dkp-13326264/%D8%A7%D8%AC%D8%A7%D9%82-%DA%AF%D8%A7%D8%B2-%D9%87%D8%A7%DA%A9%D8%A7%D9%86-%D9%85%D8%AF%D9%84-%D8%B1%D9%88%D8%B4%DB%8C%D8%B4%D9%87-%D9%81%D9%86%D8%AF%DA%A9-%D8%AF%D8%A7%D8%B1-%D8%AF%D9%88-%D8%AF%D8%B1%D8%A8-%D8%AC%D8%A7-%D9%82%D8%A7%D8%B4%D9%88%D9%82%DB%8C/
اجاق گاز,بوگر,12000000,,nan,nan,nan,nan,90,nan,45,D:/اجاق گاز/image_4.jpg,https://www.digikala.com/product/dkp-15975445/%D8%A7%D8%AC%D8%A7%D9%82-%DA%AF%D8%A7%D8%B2-5-%D8%B4%D8%B9%D9%84%D9%87-%D8%A8%D9%88%DA%AF%D8%B1-%D9%85%D8%AF%D9%84-%DB%B9%DB%B1%DB%B0-%D9%BE%D9%84%D8%A7%D8%B3/?ad_variant_id=55136305
اجاق گاز,بوگر,11100000,,nan,nan,nan,nan,90,nan,45,D:/اجاق گاز/image_5.jpg,https://www.digikala.com/product/dkp-15997344/%D8%A7%D8%AC%D8%A7%D9%82-%DA%AF%D8%A7%D8%B2-5-%D8%B4%D8%B9%D9%84%D9%87-%D8%A8%D9%88%DA%AF%D8%B1-%D9%85%D8%AF%D9%84-904/?ad_variant_id=55137303
اجاق گاز,بوگر,13000000,4.2,پنج شعله,استیل,چدن,nan,90,nan,45,D:/اجاق گاز/image_6.jpg,https://www.digikala.com/product/dkp-15998215/%D8%A7%D8%AC%D8%A7%D9%82-%DA%AF%D8%A7%D8%B2-5-%D8%B4%D8%B9%D9%84%D9%87-%D8%A8%D9%88%DA%AF%D8%B1-%D9%85%D8%AF%D9%84-911-%D9%BE%D9%84%D8%A7%D8%B3/
اجاق گاز,اسنوا,27250000,4.3,پنج شعله,استیل,چدن,90,86,90,60,D:/اجاق گاز/image_7.jpg,https://www.digikala.com/product/dkp-8839457/%D8%A7%D8%AC%D8%A7%D9%82-%DA%AF%D8%A7%D8%B2-5-%D8%B4%D8%B9%D9%84%D9%87-%D8%A7%D8%B3%D9%86%D9%88%D8%A7-%D9%85%D8%AF%D9%84-sgc5-6111n-valentino-series/
اجاق گاز,دنپاسر,6174000,3.1,پنج شعله,آهن,چدنی,nan,90,90,60,D:/اجاق گاز/image_8.jpg,https://www.digikala.com/product/dkp-12183605/%D8%A7%D8%AC%D8%A7%D9%82-%DA%AF%D8%A7%D8%B2-5-%D8%B4%D8%B9%D9%84%D9%87-%D8%AF%D9%86%D9%BE%D8%A7%D8%B3%D8%B1-%D9%85%D8%AF%D9%84-den3k/
اجاق گاز,دوو,30740000,4.1,پنج شعله,استیل,چدن,nan,94,90,65,D:/اجاق گاز/image_9.jpg,https://www.digikala.com/product/dkp-4018740/%D8%A7%D8%AC%D8%A7%D9%82-%DA%AF%D8%A7%D8%B2-%D8%B1%D9%88%D9%85%DB%8C%D8%B2%DB%8C-%D8%AF%D9%88%D9%88-%D9%85%D8%AF%D9%84-dgc5-2102n/
اجاق گاز,هاکان,4940000,4.1,پنج شعله,ام‌دی‌اف,چدنی,nan,90,90,52,D:/اجاق گاز/image_10.jpg,https://www.digikala.com/product/dkp-13277813/%D8%A7%D8%AC%D8%A7%D9%82-%DA%AF%D8%A7%D8%B2-5-%D8%B4%D8%B9%D9%84%D9%87-%D9%87%D8%A7%DA%A9%D8%A7%D9%86-%D9%85%D8%AF%D9%84-%D9%BE%D9%86%D8%AC-%D8%B4%D8%B9%D9%84%D9%87-%DA%86%D9%87%D8%A7%D8%B1-%D8%AF%D8%B1/
اجاق گاز,اسنوا,29608060,4.5,پنج شعله,استیل,چدنی,90,86,90,60,D:/اجاق گاز/image_11.jpg,https://www.digikala.com/product/dkp-4976009/%D8%A7%D8%AC%D8%A7%D9%82-%DA%AF%D8%A7%D8%B2-%D8%A7%D8%B3%D9%86%D9%88%D8%A7-%D9%85%D8%AF%D9%84-sgc5-6121n-valentino-series/
اجاق گاز,دوو,33008020,4.3,پنج شعله,استیل,چدنی,90,94,65,90,D:/اجاق گاز/image_12.jpg,https://www.digikala.com/product/dkp-4975465/%D8%A7%D8%AC%D8%A7%D9%82-%DA%AF%D8%A7%D8%B2-%D8%AF%D9%88%D9%88-%D9%85%D8%AF%D9%84-dgc5-2112n/
اجاق گاز,اسنوا,26100000,4.2,پنج شعله,استیل,چدنی,110,86,90,60,D:/اجاق گاز/image_13.jpg,https://www.digikala.com/product/dkp-4977240/%D8%A7%D8%AC%D8%A7%D9%82-%DA%AF%D8%A7%D8%B2-%D8%A7%D8%B3%D9%86%D9%88%D8%A7-%D9%85%D8%AF%D9%84-sgc5-3122n-adrina-series/
اجاق گاز,اسنوا,29950720,4.2,پنج شعله,استیل,چدنی,90,86,90,60,D:/اجاق گاز/image_14.jpg,https://www.digikala.com/product/dkp-4975767/%D8%A7%D8%AC%D8%A7%D9%82-%DA%AF%D8%A7%D8%B2-%D8%A7%D8%B3%D9%86%D9%88%D8%A7-%D9%85%D8%AF%D9%84-sgc5-6112n-valentino-series/
اجاق گاز,هاکان,4655000,3.5,پنج شعله,ام‌دی‌اف,چدنی,nan,90,90,52,D:/اجاق گاز/image_15.jpg,https://www.digikala.com/product/dkp-13529858/%D8%A7%D8%AC%D8%A7%D9%82-%DA%AF%D8%A7%D8%B2-5-%D8%B4%D8%B9%D9%84%D9%87-%D9%87%D8%A7%DA%A9%D8%A7%D9%86-%D9%85%D8%AF%D9%84-%D8%B1%D9%88-%D8%B4%DB%8C%D8%B4%D9%87-%D9%81%D9%86%D8%AF%DA%A9-%D8%AF%D8%A7%D8%B1-%D8%AF%D9%88-%D8%AF%D8%B1%D8%A8/
اجاق گاز,اخوان,27180000,4.2,پنج شعله,استیل خش دار,nan,94,90,nan,60,D:/اجاق گاز/image_16.jpg,https://www.digikala.com/product/dkp-12087229/%D8%A7%D8%AC%D8%A7%D9%82-%DA%AF%D8%A7%D8%B2-5-%D8%B4%D8%B9%D9%84%D9%87-%D8%A7%D8%AE%D9%88%D8%A7%D9%86-%D9%85%D8%AF%D9%84-m9-edtr/
اجاق گاز,دنپاسر,4992000,3.7,پنج شعله,ام‌دی‌اف,nan,nan,90,90,60,D:/اجاق گاز/image_17.jpg,https://www.digikala.com/product/dkp-12423017/%D8%A7%D8%AC%D8%A7%D9%82-%DA%AF%D8%A7%D8%B2-5-%D8%B4%D8%B9%D9%84%D9%87-%D8%AF%D9%86%D9%BE%D8%A7%D8%B3%D8%B1-%D9%85%D8%AF%D9%84-denmdf4d/
اجاق گاز,اسنوا,19159270,4.3,پنج شعله,استیل,چدنی,90,95,65,85,D:/اجاق گاز/image_18.jpg,https://www.digikala.com/product/dkp-13900904/%D8%A7%D8%AC%D8%A7%D9%82-%DA%AF%D8%A7%D8%B2-5-%D8%B4%D8%B9%D9%84%D9%87-%D8%A7%D8%B3%D9%86%D9%88%D8%A7-%D9%85%D8%AF%D9%84-sgc5-11102/
اجاق گاز,آذر افروز پویا,4704000,2.4,پنج شعله,آهن,nan,nan,88,80,60,D:/اجاق گاز/image_19.jpg,https://www.digikala.com/product/dkp-12186864/%D8%A7%D8%AC%D8%A7%D9%82-%DA%AF%D8%A7%D8%B2-5-%D8%B4%D8%B9%D9%84%D9%87-%D8%A2%D8%B0%D8%B1-%D8%A7%D9%81%D8%B1%D9%88%D8%B2-%D9%BE%D9%88%DB%8C%D8%A7-%D9%85%D8%AF%D9%84-aztech/
اجاق گاز,اسنوا,21800000,4.0,پنج شعله,لعاب سفید,nan,nan,86,90,60,D:/اجاق گاز/image_20.jpg,https://www.digikala.com/product/dkp-17227067/%D8%A7%D8%AC%D8%A7%D9%82-%DA%AF%D8%A7%D8%B2-5-%D8%B4%D8%B9%D9%84%D9%87-%D8%A7%D8%B3%D9%86%D9%88%D8%A7-%D9%85%D8%AF%D9%84-sgc5-6212/
اجاق گاز,اسنوا,37400000,4.4,پنج شعله,استیل,nan,nan,86,nan,60,D:/اجاق گاز/image_21.jpg,https://www.digikala.com/product/dkp-8954284/%D8%A7%D8%AC%D8%A7%D9%82-%DA%AF%D8%A7%D8%B2-5-%D8%B4%D8%B9%D9%84%D9%87-%D8%A7%D8%B3%D9%86%D9%88%D8%A7-%D9%85%D8%AF%D9%84-sgc5-7111/
اجاق گاز,بوگر,11500000,4.4,پنج شعله,استیل ضدزنگ,چدن,nan,90,87,45,D:/اجاق گاز/image_22.jpg,https://www.digikala.com/product/dkp-16322071/%D8%A7%D8%AC%D8%A7%D9%82-%DA%AF%D8%A7%D8%B2-5-%D8%B4%D8%B9%D9%84%D9%87-%D8%A8%D9%88%DA%AF%D8%B1-%D9%85%D8%AF%D9%84-%DB%B9%DB%B0%DB%B4-%D9%BE%D9%84%D8%A7%D8%B3/
اجاق گاز,هاکان,7695000,2.8,پنج شعله,nan,nan,nan,nan,nan,nan,D:/اجاق گاز/image_23.jpg,https://www.digikala.com/product/dkp-15889058/%D8%A7%D8%AC%D8%A7%D9%82-%DA%AF%D8%A7%D8%B2-5-%D8%B4%D8%B9%D9%84%D9%87-%D9%87%D8%A7%DA%A9%D8%A7%D9%86-%D9%85%D8%AF%D9%84-%D8%A7%D8%AC%D8%A7%D9%82-%DA%AF%D8%A7%D8%B2-%DA%86%D9%87%D8%A7%D8%B1-%D8%AF%D8%B1%D8%A8-%D8%B5%D9%81%D8%AD%D9%87-%D8%A7%D8%B3%D8%AA%DB%8C%D9%84-%D8%A8%D9%88%D8%B4-%D8%A8%D8%A7-%D8%AA%D8%B1%D9%85%D9%88%DA%A9%D9%88%D9%BE%D9%84/
اجاق گاز,هاکان,5985000,1.0,nan,nan,nan,nan,nan,nan,nan,D:/اجاق گاز/image_24.jpg,https://www.digikala.com/product/dkp-15832082/%D8%A7%D8%AC%D8%A7%D9%82-%DA%AF%D8%A7%D8%B2-5-%D8%B4%D8%B9%D9%84%D9%87-%D9%87%D8%A7%DA%A9%D8%A7%D9%86-%D9%85%D8%AF%D9%84-%D8%A7%D8%AC%D8%A7%D9%82-%DA%AF%D8%A7%D8%B2-%D8%AF%D9%88-%D8%AF%D8%B1%D8%A8-%D8%B5%D9%81%D8%AD%D9%87-%D8%A7%D8%B3%D8%AA%DB%8C%D9%84-%D8%A8%D9%88%D8%B4/
اجاق گاز,زرتوس,3300000,4.0,سه شعله,فولاد,چدن,nan,10,nan,30,D:/اجاق گاز/image_25.jpg,https://www.digikala.com/product/dkp-7314047/%D8%A7%D8%AC%D8%A7%D9%82-%DA%AF%D8%A7%D8%B2-%D8%B2%D8%B1%D8%AA%D9%88%D8%B3-%D9%85%D8%AF%D9%84-zg3010/
اجاق گاز,آذر افروز پویا,5626000,2.8,پنج شعله,آهن,چدنی,nan,88,80,60,D:/اجاق گاز/image_26.jpg,https://www.digikala.com/product/dkp-4503837/%D8%A7%D8%AC%D8%A7%D9%82-%DA%AF%D8%A7%D8%B2-%D8%A2%D8%B0%D8%B1-%D8%A7%D9%81%D8%B1%D9%88%D8%B2-%D9%BE%D9%88%DB%8C%D8%A7-%D9%85%D8%AF%D9%84-cho2/
اجاق گاز,اسنوا,31500000,3.7,پنج شعله,استیل,nan,90,80,90,60,D:/اجاق گاز/image_27.jpg,https://www.digikala.com/product/dkp-17345021/%D8%A7%D8%AC%D8%A7%D9%82-%DA%AF%D8%A7%D8%B2-5-%D8%B4%D8%B9%D9%84%D9%87-%D8%A7%D8%B3%D9%86%D9%88%D8%A7-%D9%85%D8%AF%D9%84-sgc5-6211/
اجاق گاز,هاکان,4800000,3.8,پنج شعله,ام‌دی‌اف,چدنی,nan,90,90,52,D:/اجاق گاز/image_28.jpg,https://www.digikala.com/product/dkp-13529960/%D8%A7%D8%AC%D8%A7%D9%82-%DA%AF%D8%A7%D8%B2-5-%D8%B4%D8%B9%D9%84%D9%87-%D9%87%D8%A7%DA%A9%D8%A7%D9%86-%D9%85%D8%AF%D9%84-%D9%BE%D9%86%D8%AC-%D8%B4%D8%B9%D9%84%D9%87-%DA%86%D9%87%D8%A7%D8%B1-%DA%86%D8%AF%D9%86-%DA%AF%D8%B1%D8%AF/
اجاق گاز,دنپاسر,4947000,3.7,پنج شعله,nan,چدنی,nan,nan,nan,nan,D:/اجاق گاز/image_29.jpg,https://www.digikala.com/product/dkp-8649143/%D8%A7%D8%AC%D8%A7%D9%82-%DA%AF%D8%A7%D8%B2-%D8%AF%D9%86%D9%BE%D8%A7%D8%B3%D8%B1-%D9%85%D8%AF%D9%84-mdf1k2d/
اجاق گاز,اخوان,25351000,4.6,پنج شعله,استیل خش دار,nan,nan,90,nan,60,D:/اجاق گاز/image_30.jpg,https://www.digikala.com/product/dkp-12186464/%D8%A7%D8%AC%D8%A7%D9%82-%DA%AF%D8%A7%D8%B2-5-%D8%B4%D8%B9%D9%84%D9%87-%D8%A7%D8%AE%D9%88%D8%A7%D9%86-%D9%85%D8%AF%D9%84-m8-edtr/
اجاق گاز,جی پاس,4420000,3.5,تک شعله,شیشه,شیشه,nan,6.4,41.7,29.7,D:/اجاق گاز/image_31.jpg,https://www.digikala.com/product/dkp-3689347/%D8%A7%D8%AC%D8%A7%D9%82-%DA%AF%D8%A7%D8%B2-%D8%A8%D8%B1%D9%82%DB%8C-%D8%AC%DB%8C-%D9%BE%D8%A7%D8%B3-%D9%85%D8%AF%D9%84-gic6920n/
اجاق گاز,دنپاسر,6596000,2.2,پنج شعله,فلز,چدنی,nan,90,90,60,D:/اجاق گاز/image_33.jpg,https://www.digikala.com/product/dkp-12168703/%D8%A7%D8%AC%D8%A7%D9%82-%DA%AF%D8%A7%D8%B2-5-%D8%B4%D8%B9%D9%84%D9%87-%D8%AF%D9%86%D9%BE%D8%A7%D8%B3%D8%B1-%D9%85%D8%AF%D9%84-den902/
اجاق گاز,دنپاسر,5100000,2.5,پنج شعله,ام‌دی‌اف,چدنی,nan,90,90,60,D:/اجاق گاز/image_35.jpg,https://www.digikala.com/product/dkp-12327621/%D8%A7%D8%AC%D8%A7%D9%82-%DA%AF%D8%A7%D8%B2-5-%D8%B4%D8%B9%D9%84%D9%87-%D8%AF%D9%86%D9%BE%D8%A7%D8%B3%D8%B1-%D9%85%D8%AF%D9%84-mdf2dup/
اجاق گاز,هاکان,5130000,2.3,پنج شعله,ام‌دی‌اف,چدنی,nan,90,90,52,D:/اجاق گاز/image_37.jpg,https://www.digikala.com/product/dkp-13251695/%D8%A7%D8%AC%D8%A7%D9%82-%DA%AF%D8%A7%D8%B2-5-%D8%B4%D8%B9%D9%84%D9%87-%D9%87%D8%A7%DA%A9%D8%A7%D9%86-%D9%85%D8%AF%D9%84-%D8%B5%D9%81%D8%AD%D9%87-%D8%B4%DB%8C%D8%B4%D9%87-%D9%88%D9%84%D9%88%D9%85-%D8%A8%D8%A7%D9%84%D8%A7-%D8%B3%D9%87-%DA%A9%D8%B4%D9%881230/
اجاق گاز,اسنوا,20615670,4.1,پنج شعله,nan,nan,nan,nan,95,nan,D:/اجاق گاز/image_38.jpg,https://www.digikala.com/product/dkp-14120050/%D8%A7%D8%AC%D8%A7%D9%82-%DA%AF%D8%A7%D8%B2-5-%D8%B4%D8%B9%D9%84%D9%87-%D8%A7%D8%B3%D9%86%D9%88%D8%A7-%D9%85%D8%AF%D9%84-sgc5-11101/
اجاق گاز,هاکان,5605000,2.6,پنج شعله,ام‌دی‌اف,چدنی,nan,90,90,52,D:/اجاق گاز/image_39.jpg,https://www.digikala.com/product/dkp-13870987/%D8%A7%D8%AC%D8%A7%D9%82-%DA%AF%D8%A7%D8%B2-5-%D8%B4%D8%B9%D9%84%D9%87-%D9%87%D8%A7%DA%A9%D8%A7%D9%86-%D9%85%D8%AF%D9%84-%D8%B3%D9%87-%DA%A9%D8%B4%D9%88-%DB%8C%DA%A9-%D8%AF%D8%B1%D8%A8/
اجاق گاز,متفرقه,1080000,4.0,دو شعله,آهن,nan,nan,12,nan,ندارد,D:/اجاق گاز/image_40.jpg,https://www.digikala.com/product/dkp-18340730/%D8%A7%D8%AC%D8%A7%D9%82-%DA%AF%D8%A7%D8%B2-%D8%AF%D9%88-%D8%B4%D8%B9%D9%84%D9%87-%D9%85%D8%AF%D9%84-g3641/
اجاق گاز,هاکان,5937500,3.0,چهار شعله,MDF,چدنی,nan,90,59,50,D:/اجاق گاز/image_41.jpg,https://www.digikala.com/product/dkp-16778716/%D8%A7%D8%AC%D8%A7%D9%82-%DA%AF%D8%A7%D8%B2-4-%D8%B4%D8%B9%D9%84%D9%87-%D9%87%D8%A7%DA%A9%D8%A7%D9%86-%D9%85%D8%AF%D9%84-%DA%86%D9%87%D8%A7%D8%B1-%D8%B4%D8%B9%D9%84%D9%87-%D8%AF%D9%88-%D8%AF%D8%B1%D8%A8-%D8%A8%D8%A7-%D8%AA%D8%B1%D9%85%D9%88%DA%A9%D9%88%D9%BE%D9%84-geerd-termocobl/
اجاق گاز,دنپاسر,5820000,3.1,پنج شعله,nan,nan,nan,nan,nan,nan,D:/اجاق گاز/image_42.jpg,https://www.digikala.com/product/dkp-10785330/%D8%A7%D8%AC%D8%A7%D9%82-%DA%AF%D8%A7%D8%B2-%D8%AF%D9%86%D9%BE%D8%A7%D8%B3%D8%B1-%D9%85%D8%AF%D9%84-denpa2/
اجاق گاز,آذر افروز پویا,4872000,3.0,پنج شعله,آهن,nan,nan,88,80,60,D:/اجاق گاز/image_43.jpg,https://www.digikala.com/product/dkp-18031610/%D8%A7%D8%AC%D8%A7%D9%82-%DA%AF%D8%A7%D8%B2-%D8%A2%D8%B0%D8%B1-%D8%A7%D9%81%D8%B1%D9%88%D8%B2-%D9%BE%D9%88%DB%8C%D8%A7-%D9%85%D8%AF%D9%84-az230n/
اجاق گاز,اخوان,26143000,4.5,پنج شعله,nan,nan,nan,nan,nan,nan,D:/اجاق گاز/image_44.jpg,https://www.digikala.com/product/dkp-11625727/%D8%A7%D8%AC%D8%A7%D9%82-%DA%AF%D8%A7%D8%B2-5-%D8%B4%D8%B9%D9%84%D9%87-%D8%A7%D8%AE%D9%88%D8%A7%D9%86-%D9%85%D8%AF%D9%84-m10-edtr-nt/
اجاق گاز,هاکان,6317500,4.0,پنج شعله,nan,nan,nan,nan,nan,nan,D:/اجاق گاز/image_45.jpg,https://www.digikala.com/product/dkp-15888980/%D8%A7%D8%AC%D8%A7%D9%82-%DA%AF%D8%A7%D8%B2-5-%D8%B4%D8%B9%D9%84%D9%87-%D9%87%D8%A7%DA%A9%D8%A7%D9%86-%D9%85%D8%AF%D9%84-%DA%86%D9%87%D8%A7%D8%B1-%D8%AF%D8%B1%D8%A8-%D8%B5%D9%81%D8%AD%D9%87-%D8%A7%D8%B3%D8%AA%DB%8C%D9%84-%D8%A8%D9%88%D8%B4/
اجاق گاز,آکورد,9800000,,پنج شعله,شیشه نشکن,nan,nan,nan,nan,50,D:/اجاق گاز/image_46.jpg,https://www.digikala.com/product/dkp-17301235/%D8%A7%D8%AC%D8%A7%D9%82-%DA%AF%D8%A7%D8%B2-5-%D8%B4%D8%B9%D9%84%D9%87-%D8%A2%DA%A9%D9%88%D8%B1%D8%AF-%D9%85%D8%AF%D9%84-5014/
اجاق گاز,دنپاسر,5795000,2.9,پنج شعله,آهن,چدنی,nan,90,90,60,D:/اجاق گاز/image_47.jpg,https://www.digikala.com/product/dkp-10888242/%D8%A7%D8%AC%D8%A7%D9%82-%DA%AF%D8%A7%D8%B2-%D8%AF%D9%86%D9%BE%D8%A7%D8%B3%D8%B1-%D9%85%D8%AF%D9%84-den20/
اجاق گاز,هاکان,7790000,,پنج شعله,nan,nan,nan,nan,nan,nan,D:/اجاق گاز/image_48.jpg,https://www.digikala.com/product/dkp-15895199/%D8%A7%D8%AC%D8%A7%D9%82-%DA%AF%D8%A7%D8%B2-5-%D8%B4%D8%B9%D9%84%D9%87-%D9%87%D8%A7%DA%A9%D8%A7%D9%86-%D9%85%D8%AF%D9%84-%D8%A7%D8%AC%D8%A7%D9%82-%DA%AF%D8%A7%D8%B2-%D8%AF%D9%88-%D8%AF%D8%B1%D8%A8-%D8%B5%D9%81%D8%AD%D9%87-%D8%A7%D8%B3%D8%AA%DB%8C%D9%84-%D8%A7%D9%BE%DA%A9%D8%B3%DB%8C-%D8%A8%D8%A7-%D8%AA%D8%B1%D9%85%D9%88%DA%A9%D9%88%D9%BE%D9%84/
اجاق گاز,اخوان,33260000,4.9,پنج شعله,nan,nan,94,90,nan,60,D:/اجاق گاز/image_50.jpg,https://www.digikala.com/product/dkp-11623726/%D8%A7%D8%AC%D8%A7%D9%82-%DA%AF%D8%A7%D8%B2-5-%D8%B4%D8%B9%D9%84%D9%87-%D8%A7%D8%AE%D9%88%D8%A7%D9%86-%D9%85%D8%AF%D9%84-m15-edtr/
اجاق گاز,هاکان,5130000,3.5,پنج شعله,ام‌دی‌اف,چدنی,nan,90,90,52,D:/اجاق گاز/image_51.jpg,https://www.digikala.com/product/dkp-14444899/%D8%A7%D8%AC%D8%A7%D9%82-%DA%AF%D8%A7%D8%B2-5-%D8%B4%D8%B9%D9%84%D9%87-%D9%87%D8%A7%DA%A9%D8%A7%D9%86-%D9%85%D8%AF%D9%84-%D9%BE%D9%86%D8%AC-%D8%B4%D8%B9%D9%84%D9%87-%DA%86%D9%87%D8%A7%D8%B1-%D8%AF%D8%B1-chm-gold-m5/
اجاق گاز,دنپاسر,5820000,2.3,پنج شعله,آهن,چدنی,nan,90,90,60,D:/اجاق گاز/image_52.jpg,https://www.digikala.com/product/dkp-10898050/%D8%A7%D8%AC%D8%A7%D9%82-%DA%AF%D8%A7%D8%B2-%D8%AF%D9%86%D9%BE%D8%A7%D8%B3%D8%B1-%D9%85%D8%AF%D9%84-den21/
اجاق گاز,اسنوا,26450000,3.9,nan,nan,nan,nan,86,nan,60,D:/اجاق گاز/image_53.jpg,https://www.digikala.com/product/dkp-14223769/%D8%A7%D8%AC%D8%A7%D9%82-%DA%AF%D8%A7%D8%B2-5-%D8%B4%D8%B9%D9%84%D9%87-%D8%A7%D8%B3%D9%86%D9%88%D8%A7-%D9%85%D8%AF%D9%84-sgc5-31112/
اجاق گاز,هاکان,5320000,3.0,پنج شعله,ام‌دی‌اف,چدنی,nan,90,90,52,D:/اجاق گاز/image_54.jpg,https://www.digikala.com/product/dkp-13251594/%D8%A7%D8%AC%D8%A7%D9%82-%DA%AF%D8%A7%D8%B2-5-%D8%B4%D8%B9%D9%84%D9%87-%D9%87%D8%A7%DA%A9%D8%A7%D9%86-%D9%85%D8%AF%D9%84-%D9%BE%D9%86%D8%AC-%D8%B4%D8%B9%D9%84%D9%87-%DA%86%D9%87%D8%A7%D8%B1-%D8%AF%D8%B1/
اجاق گاز,اخوان,30750000,4.5,پنج شعله,nan,nan,94,90,nan,60,D:/اجاق گاز/image_55.jpg,https://www.digikala.com/product/dkp-11636928/%D8%A7%D8%AC%D8%A7%D9%82-%DA%AF%D8%A7%D8%B2-5-%D8%B4%D8%B9%D9%84%D9%87-%D8%A7%D8%AE%D9%88%D8%A7%D9%86-%D9%85%D8%AF%D9%84-m13-edtr/
اجاق گاز,دنپاسر,5504000,3.5,پنج شعله,nan,چدنی,nan,90,90,60,D:/اجاق گاز/image_56.jpg,https://www.digikala.com/product/dkp-14833127/%D8%A7%D8%AC%D8%A7%D9%82-%DA%AF%D8%A7%D8%B2-5-%D8%B4%D8%B9%D9%84%D9%87-%D8%AF%D9%86%D9%BE%D8%A7%D8%B3%D8%B1-%D9%85%D8%AF%D9%84-uniqeb/
اجاق گاز,دنپاسر,6174000,3.0,پنج شعله,آهن,چدنی مربع,nan,90,60,60,D:/اجاق گاز/image_57.jpg,https://www.digikala.com/product/dkp-17484982/%D8%A7%D8%AC%D8%A7%D9%82-%DA%AF%D8%A7%D8%B2-%D8%AF%D9%86%D9%BE%D8%A7%D8%B3%D8%B1-%D9%85%D8%AF%D9%84-den3k/
اجاق گاز,آکورد,8950000,,پنج شعله,شیشه نشکن,nan,nan,13,nan,50,D:/اجاق گاز/image_58.jpg,https://www.digikala.com/product/dkp-17301181/%D8%A7%D8%AC%D8%A7%D9%82-%DA%AF%D8%A7%D8%B2-5-%D8%B4%D8%B9%D9%84%D9%87-%D8%A2%DA%A9%D9%88%D8%B1%D8%AF-%D9%85%D8%AF%D9%84-5005/
اجاق گاز,هاکان,4655000,3.0,چهار شعله,MDF,چدنی,nan,90,59,50,D:/اجاق گاز/image_59.jpg,https://www.digikala.com/product/dkp-16778551/%D8%A7%D8%AC%D8%A7%D9%82-%DA%AF%D8%A7%D8%B2-4-%D8%B4%D8%B9%D9%84%D9%87-%D9%87%D8%A7%DA%A9%D8%A7%D9%86-%D9%85%D8%AF%D9%84-%DA%86%D9%87%D8%A7%D8%B1-%D8%B4%D8%B9%D9%84%D9%87-%D8%AF%D9%88-%D8%AF%D8%B1%D8%A8-h-geerd/
اجاق گاز,هاکان,5415000,1.8,پنج شعله,nan,nan,nan,nan,nan,60,D:/اجاق گاز/image_60.jpg,https://www.digikala.com/product/dkp-12859379/%D8%A7%D8%AC%D8%A7%D9%82-%DA%AF%D8%A7%D8%B2-%D9%87%D8%A7%DA%A9%D8%A7%D9%86-%D9%85%D8%AF%D9%84-%D9%BE%D9%86%D8%AC-%D8%B4%D8%B9%D9%84%D9%87-%DA%86%D9%87%D8%A7%D8%B1-%D8%AF%D8%B1/
اجاق گاز,هاکان,4845000,5.0,چهار شعله,MDF,چدنی,nan,90,59,50,D:/اجاق گاز/image_61.jpg,https://www.digikala.com/product/dkp-16818712/%D8%A7%D8%AC%D8%A7%D9%82-%DA%AF%D8%A7%D8%B2-4-%D8%B4%D8%B9%D9%84%D9%87-%D9%87%D8%A7%DA%A9%D8%A7%D9%86-%D9%85%D8%AF%D9%84-%D8%AF%D9%88-%D8%AF%D8%B1%D8%A8-thter-padys/
اجاق گاز,اسنوا,12571000,4.0,پنج شعله,استیل,nan,nan,7,nan,50,D:/اجاق گاز/image_62.jpg,https://www.digikala.com/product/dkp-16200018/%D8%A7%D8%AC%D8%A7%D9%82-%DA%AF%D8%A7%D8%B2-%D8%A7%D8%B3%D9%86%D9%88%D8%A7-%D9%85%D8%AF%D9%84-ss-195100/
اجاق گاز,دنپاسر,6596000,3.2,پنج شعله,آهن,چدنی,nan,90,90,60,D:/اجاق گاز/image_63.jpg,https://www.digikala.com/product/dkp-12168678/%D8%A7%D8%AC%D8%A7%D9%82-%DA%AF%D8%A7%D8%B2-5-%D8%B4%D8%B9%D9%84%D9%87-%D8%AF%D9%86%D9%BE%D8%A7%D8%B3%D8%B1-%D9%85%D8%AF%D9%84-den901/
اجاق گاز,هاکان,5320000,3.2,nan,nan,nan,nan,90,nan,90,D:/اجاق گاز/image_64.jpg,https://www.digikala.com/product/dkp-12895496/%D8%A7%D8%AC%D8%A7%D9%82-%DA%AF%D8%A7%D8%B2-5-%D8%B4%D8%B9%D9%84%D9%87-%D9%87%D8%A7%DA%A9%D8%A7%D9%86-%D9%85%D8%AF%D9%84-%DA%86%D9%87%D8%A7%D8%B1-%D8%AF%D8%B1-m6/
اجاق گاز,هاکان,7600000,,پنج شعله,MDF,چدنی,nan,90,52,52,D:/اجاق گاز/image_65.jpg,https://www.digikala.com/product/dkp-15832175/%D8%A7%D8%AC%D8%A7%D9%82-%DA%AF%D8%A7%D8%B2-5-%D8%B4%D8%B9%D9%84%D9%87-%D9%87%D8%A7%DA%A9%D8%A7%D9%86-%D9%85%D8%AF%D9%84-%D8%A7%D8%AC%D8%A7%D9%82-%DA%AF%D8%A7%D8%B2-%D8%AF%D9%88-%D8%AF%D8%B1%D8%A8-%D8%B5%D9%81%D8%AD%D9%87-%D8%A7%D8%B3%D8%AA%DB%8C%D9%84-%D8%A8%D9%88%D8%B4-%D8%A8%D8%A7%D8%AA%D8%B1%D9%85%D9%88%DA%A9%D9%88%D9%BE%D9%84/
اجاق گاز,دنپاسر,7178000,5.0,پنج شعله,آهن,چدنی سه تیکه,باکالیت,90,70,60,D:/اجاق گاز/image_66.jpg,https://www.digikala.com/product/dkp-15984082/%D8%A7%D8%AC%D8%A7%D9%82-%DA%AF%D8%A7%D8%B2-%D8%AF%D9%86%D9%BE%D8%A7%D8%B3%D8%B1-%D9%85%D8%AF%D9%84-rs201k/
اجاق گاز,هاکان,8075000,3.0,پنج شعله,nan,nan,nan,nan,nan,nan,D:/اجاق گاز/image_67.jpg,https://www.digikala.com/product/dkp-15901896/%D8%A7%D8%AC%D8%A7%D9%82-%DA%AF%D8%A7%D8%B2-5-%D8%B4%D8%B9%D9%84%D9%87-%D9%87%D8%A7%DA%A9%D8%A7%D9%86-%D9%85%D8%AF%D9%84-%D8%A7%D8%AC%D8%A7%D9%82-%DA%AF%D8%A7%D8%B2-%DA%86%D9%87%D8%A7%D8%B1-%D8%AF%D8%B1%D8%A8-%D8%B5%D9%81%D8%AD%D9%87-%D8%A7%D8%B3%D8%AA%DB%8C%D9%84-%D8%A7%D9%BE%DA%A9%D8%B3%DB%8C-%DA%A9%D9%88%D9%87%D8%A7%D9%86-%D8%AF%D8%A7%D8%B1-%D8%A8%D8%A7-%D8%AA%D8%B1%D9%85%D9%88%DA%A9%D9%88%D9%BE%D9%84/
اجاق گاز,هاکان,5320000,3.3,پنج شعله,ام‌دی‌اف,چدنی,nan,90,90,52,D:/اجاق گاز/image_68.jpg,https://www.digikala.com/product/dkp-14444738/%D8%A7%D8%AC%D8%A7%D9%82-%DA%AF%D8%A7%D8%B2-5-%D8%B4%D8%B9%D9%84%D9%87-%D9%87%D8%A7%DA%A9%D8%A7%D9%86-%D9%85%D8%AF%D9%84-%D9%BE%D9%86%D8%AC-%D8%B4%D8%B9%D9%84%D9%87-%DA%86%D9%87%D8%A7%D8%B1-%D8%AF%D8%B1-chm-gol-m6/
اجاق گاز,دنپاسر,5280000,3.0,پنج شعله,ام‌دی‌اف,چدنی,nan,90,90,50,D:/اجاق گاز/image_69.jpg,https://www.digikala.com/product/dkp-14340811/%D8%A7%D8%AC%D8%A7%D9%82-%DA%AF%D8%A7%D8%B2-5-%D8%B4%D8%B9%D9%84%D9%87-%D8%AF%D9%86%D9%BE%D8%A7%D8%B3%D8%B1-%D9%85%D8%AF%D9%84-mdf2d-wm5/
اجاق گاز,آکورد,9650000,,پنج شعله,شیشه نشکن,nan,nan,nan,nan,50,D:/اجاق گاز/image_70.jpg,https://www.digikala.com/product/dkp-17301262/%D8%A7%D8%AC%D8%A7%D9%82-%DA%AF%D8%A7%D8%B2-5-%D8%B4%D8%B9%D9%84%D9%87-%D8%A2%DA%A9%D9%88%D8%B1%D8%AF-%D9%85%D8%AF%D9%84-5008/
اجاق گاز,هاکان,5130000,3.8,پنج شعله,ام‌دی‌اف,چدنی,nan,90,90,52,D:/اجاق گاز/image_71.jpg,https://www.digikala.com/product/dkp-14444488/%D8%A7%D8%AC%D8%A7%D9%82-%DA%AF%D8%A7%D8%B2-5-%D8%B4%D8%B9%D9%84%D9%87-%D9%87%D8%A7%DA%A9%D8%A7%D9%86-%D9%85%D8%AF%D9%84-%D8%B1%D9%88-%D8%B4%DB%8C%D8%B4%D9%87-%D9%81%D9%86%D8%AF%DA%A9-%D8%AF%D8%A7%D8%B1-%D8%AF%D9%88-%D8%AF%D8%B1%D8%A8-%D8%AC%D8%A7-%D9%82%D8%A7%D8%B4%D9%88%D9%82%DB%8C-chm-m6/
اجاق گاز,دنپاسر,5104000,3.0,5,MDF,چدن,nan,nan,nan,nan,D:/اجاق گاز/image_72.jpg,https://www.digikala.com/product/dkp-15428468/%D8%A7%D8%AC%D8%A7%D9%82-%DA%AF%D8%A7%D8%B2-5-%D8%B4%D8%B9%D9%84%D9%87-%D8%AF%D9%86%D9%BE%D8%A7%D8%B3%D8%B1-%D9%85%D8%AF%D9%84-mdf4dup/
اجاق گاز,سینجر,8500000,,پنج شعله,nan,nan,nan,nan,nan,nan,D:/اجاق گاز/image_73.jpg,https://www.digikala.com/product/dkp-16590096/%D8%A7%D8%AC%D8%A7%D9%82-%DA%AF%D8%A7%D8%B2-5-%D8%B4%D8%B9%D9%84%D9%87-%D8%B3%DB%8C%D9%86%D8%AC%D8%B1-%D9%85%D8%AF%D9%84-%D8%A7%D8%AC%D8%A7%D9%82-%DA%AF%D8%A7%D8%B2-%D8%B5%D9%81%D8%AD%D9%87-%D8%A7%DB%8C%DB%8C-%D9%85%D8%AF%D9%84-dg-508-d/
اجاق گاز,هاکان,5320000,3.0,پنج شعله,ام‌دی‌اف,چدنی,nan,90,90,52,D:/اجاق گاز/image_74.jpg,https://www.digikala.com/product/dkp-14457229/%D8%A7%D8%AC%D8%A7%D9%82-%DA%AF%D8%A7%D8%B2-5-%D8%B4%D8%B9%D9%84%D9%87-%D9%87%D8%A7%DA%A9%D8%A7%D9%86-%D9%85%D8%AF%D9%84-%D8%B3%D9%87-%DA%A9%D8%B4%D9%88-%DB%8C%DA%A9-%D8%AF%D8%B1%D8%A8-chm-tri-m5/
اجاق گاز,نیک کالا,14647000,,nan,nan,nan,nan,8,nan,8,D:/اجاق گاز/image_75.jpg,https://www.digikala.com/product/dkp-13625327/%D8%A7%D8%AC%D8%A7%D9%82-%DA%AF%D8%A7%D8%B2-%D9%86%DB%8C%DA%A9-%DA%A9%D8%A7%D9%84%D8%A7-%D9%85%D8%AF%D9%84-egh-103/
اجاق گاز,هاکان,6555000,3.0,پنج شعله,nan,nan,nan,nan,nan,nan,D:/اجاق گاز/image_76.jpg,https://www.digikala.com/product/dkp-15901782/%D8%A7%D8%AC%D8%A7%D9%82-%DA%AF%D8%A7%D8%B2-5-%D8%B4%D8%B9%D9%84%D9%87-%D9%87%D8%A7%DA%A9%D8%A7%D9%86-%D9%85%D8%AF%D9%84-%D8%A7%D8%AC%D8%A7%D9%82-%DA%AF%D8%A7%D8%B2-%DA%86%D9%87%D8%A7%D8%B1-%D8%AF%D8%B1%D8%A8-%D8%B5%D9%81%D8%AD%D9%87-%D8%A7%D8%B3%D8%AA%DB%8C%D9%84-%D8%A7%D9%BE%DA%A9%D8%B3%DB%8C-%DA%A9%D9%88%D9%87%D8%A7%D9%86-%D8%AF%D8%A7%D8%B1/
اجاق گاز,تایسز,25500000,,پنج شعله,استیل,nan,90,84,nan,67,D:/اجاق گاز/image_77.jpg,https://www.digikala.com/product/dkp-17490123/%D8%A7%D8%AC%D8%A7%D9%82-%DA%AF%D8%A7%D8%B2-5-%D8%B4%D8%B9%D9%84%D9%87-%D8%AA%D8%A7%DB%8C%D8%B3%D8%B2-%D9%85%D8%AF%D9%84-ce-5211/
اجاق گاز,هاکان,4845000,2.7,پنج شعله,ام‌دی‌اف,چدنی,nan,90,90,52,D:/اجاق گاز/image_78.jpg,https://www.digikala.com/product/dkp-13530068/%D8%A7%D8%AC%D8%A7%D9%82-%DA%AF%D8%A7%D8%B2-5-%D8%B4%D8%B9%D9%84%D9%87-%D9%87%D8%A7%DA%A9%D8%A7%D9%86-%D9%85%D8%AF%D9%84-%DA%86%D9%87%D8%A7%D8%B1-%D8%AF%D8%B1/
اجاق گاز,هاکان,4940000,3.3,پنج شعله,ام‌دی‌اف,چدنی,nan,90,90,52,D:/اجاق گاز/image_79.jpg,https://www.digikala.com/product/dkp-14444301/%D8%A7%D8%AC%D8%A7%D9%82-%DA%AF%D8%A7%D8%B2-5-%D8%B4%D8%B9%D9%84%D9%87-%D9%87%D8%A7%DA%A9%D8%A7%D9%86-%D9%85%D8%AF%D9%84-%D8%B1%D9%88-%D8%B4%DB%8C%D8%B4%D9%87-%D9%81%D9%86%D8%AF%DA%A9-%D8%AF%D8%A7%D8%B1-%D8%AF%D9%88-%D8%AF%D8%B1%D8%A8-%D8%AC%D8%A7-%D9%82%D8%A7%D8%B4%D9%82%DB%8C-chm-m5/
اجاق گاز,هاکان,4845000,3.0,چهار شعله,MDF,چدنی,nan,90,59,50,D:/اجاق گاز/image_80.jpg,https://www.digikala.com/product/dkp-16827529/%D8%A7%D8%AC%D8%A7%D9%82-%DA%AF%D8%A7%D8%B2-4-%D8%B4%D8%B9%D9%84%D9%87-%D9%87%D8%A7%DA%A9%D8%A7%D9%86-%D9%85%D8%AF%D9%84-%DA%86%D9%87%D8%A7%D8%B1-%D8%B4%D8%B9%D9%84%D9%87-%D8%AF%D9%88-%D8%AF%D8%B1%D8%A8-hbm5/
اجاق گاز,دنپاسر,5280000,1.0,پنج شعله,ام‌دی‌اف,چدنی,nan,90,90,50,D:/اجاق گاز/image_81.jpg,https://www.digikala.com/product/dkp-14340783/%D8%A7%D8%AC%D8%A7%D9%82-%DA%AF%D8%A7%D8%B2-5-%D8%B4%D8%B9%D9%84%D9%87-%D8%AF%D9%86%D9%BE%D8%A7%D8%B3%D8%B1-%D9%85%D8%AF%D9%84-1k2d-m5/
اجاق گاز,هاکان,6175000,1.0,چهار شعله,nan,nan,nan,nan,nan,nan,D:/اجاق گاز/image_82.jpg,https://www.digikala.com/product/dkp-16817184/%D8%A7%D8%AC%D8%A7%D9%82-%DA%AF%D8%A7%D8%B2-4-%D8%B4%D8%B9%D9%84%D9%87-%D9%87%D8%A7%DA%A9%D8%A7%D9%86-%D9%85%D8%AF%D9%84-%D8%AF%D9%88-%D8%AF%D8%B1%D8%A8-%D8%A8%D8%A7-%D8%AA%D8%B1%D9%85%D9%88%DA%A9%D9%88%D9%BE%D9%84/
اجاق گاز,دنپاسر,5280000,,پنج شعله,nan,چدنی,nan,nan,nan,nan,D:/اجاق گاز/image_83.jpg,https://www.digikala.com/product/dkp-13538191/%D8%A7%D8%AC%D8%A7%D9%82-%DA%AF%D8%A7%D8%B2-5-%D8%B4%D8%B9%D9%84%D9%87-%D8%AF%D9%86%D9%BE%D8%A7%D8%B3%D8%B1-%D9%85%D8%AF%D9%84-4dup-wm5/
اجاق گاز,باورسان,2500000,,nan,nan,nan,nan,10,nan,35,D:/اجاق گاز/image_84.jpg,https://www.digikala.com/product/dkp-15421235/%D8%A7%D8%AC%D8%A7%D9%82-%DA%AF%D8%A7%D8%B2-2-%D8%B4%D8%B9%D9%84%D9%87-%D8%A8%D8%A7%D9%88%D8%B1%D8%B3%D8%A7%D9%86-%D9%85%D8%AF%D9%84-101/
اجاق گاز,هاکان,6080000,1.0,چهار شعله,MDF,چدنی,nan,90,59,50,D:/اجاق گاز/image_85.jpg,https://www.digikala.com/product/dkp-16827585/%D8%A7%D8%AC%D8%A7%D9%82-%DA%AF%D8%A7%D8%B2-4-%D8%B4%D8%B9%D9%84%D9%87-%D9%87%D8%A7%DA%A9%D8%A7%D9%86-%D9%85%D8%AF%D9%84-%D8%AF%D9%88-%D8%AF%D8%B1%D8%A8-%D8%A8%D8%A7-%D8%AA%D8%B1%D9%85%D9%88%DA%A9%D9%88%D9%BE%D9%84-thtbm5termokopl/
اجاق گاز,دنپاسر,4900000,2.9,پنج شعله,ام‌دی‌اف,چدنی,nan,90,90,60,D:/اجاق گاز/image_86.jpg,https://www.digikala.com/product/dkp-12512692/%D8%A7%D8%AC%D8%A7%D9%82-%DA%AF%D8%A7%D8%B2-5-%D8%B4%D8%B9%D9%84%D9%87-%D8%AF%D9%86%D9%BE%D8%A7%D8%B3%D8%B1-%D9%85%D8%AF%D9%84-denmdf2d/
اجاق گاز,داتیس,19826000,,پنج شعله,استیل,nan,nan,nan,nan,15,D:/اجاق گاز/image_87.jpg,https://www.digikala.com/product/dkp-16734137/%D8%A7%D8%AC%D8%A7%D9%82-%DA%AF%D8%A7%D8%B2-5-%D8%B4%D8%B9%D9%84%D9%87-%D8%AF%D8%A7%D8%AA%DB%8C%D8%B3-%D9%85%D8%AF%D9%84-%D8%A7%D8%AC%D8%A7%D9%82-ds-534-steel/
اجاق گاز,هاکان,6175000,1.0,چهار شعله,MDF,چدنی,nan,90,59,50,D:/اجاق گاز/image_88.jpg,https://www.digikala.com/product/dkp-16827678/%D8%A7%D8%AC%D8%A7%D9%82-%DA%AF%D8%A7%D8%B2-4-%D8%B4%D8%B9%D9%84%D9%87-%D9%87%D8%A7%DA%A9%D8%A7%D9%86-%D9%85%D8%AF%D9%84-%D8%AF%D9%88-%D8%AF%D8%B1%D8%A8-%D8%A8%D8%A7-%D8%AA%D8%B1%D9%85%D9%88%DA%A9%D9%88%D9%BE%D9%84-hth-padysny-termokopl/
اجاق گاز,هنریچ,7900000,5.0,دو شعله,استیل,nan,nan,nan,nan,30,D:/اجاق گاز/image_89.jpg,https://www.digikala.com/product/dkp-12671023/%D8%A7%D8%AC%D8%A7%D9%82-%DA%AF%D8%A7%D8%B2-2-%D8%B4%D8%B9%D9%84%D9%87-%D9%87%D9%86%D8%B1%DB%8C%DA%86-%D9%85%D8%AF%D9%84-hdk-8696/
اجاق گاز,دروسی,10990000,,پنج شعله,استیل,nan,nan,11,nan,52,D:/اجاق گاز/image_90.jpg,https://www.digikala.com/product/dkp-17649319/%D8%A7%D8%AC%D8%A7%D9%82-%DA%AF%D8%A7%D8%B2-5-%D8%B4%D8%B9%D9%84%D9%87-%D8%AF%D8%B1%D9%88%D8%B3%DB%8C-%D9%85%D8%AF%D9%84-gs792/
اجاق گاز,باورسان,3200000,5.0,nan,شیشه,nan,nan,10,nan,33,D:/اجاق گاز/image_91.jpg,https://www.digikala.com/product/dkp-15427696/%D8%A7%D8%AC%D8%A7%D9%82-%DA%AF%D8%A7%D8%B2-2-%D8%B4%D8%B9%D9%84%D9%87-%D8%A8%D8%A7%D9%88%D8%B1%D8%B3%D8%A7%D9%86-%D9%85%D8%AF%D9%84-sd/
اجاق گاز,دروسی,8870000,,پنج شعله,استیل,nan,nan,11,nan,52,D:/اجاق گاز/image_92.jpg,https://www.digikala.com/product/dkp-17649268/%D8%A7%D8%AC%D8%A7%D9%82-%DA%AF%D8%A7%D8%B2-5-%D8%B4%D8%B9%D9%84%D9%87-%D8%AF%D8%B1%D9%88%D8%B3%DB%8C-%D9%85%D8%AF%D9%84-gs692/
اجاق گاز,آويرا آكو,8833000,,پنج شعله,شیشه سکوریت,nan,nan,nan,nan,nan,D:/اجاق گاز/image_93.jpg,https://www.digikala.com/product/dkp-16745920/%D8%A7%D8%AC%D8%A7%D9%82-%DA%AF%D8%A7%D8%B2-5-%D8%B4%D8%B9%D9%84%D9%87-%D8%A2%D9%83%D9%88-%D9%85%D8%AF%D9%84-arina/
اجاق گاز,اسنوا,27540000,3.7,پنج شعله,استیل,nan,nan,85,90,57,D:/اجاق گاز/image_94.jpg,https://www.digikala.com/product/dkp-14119400/%D8%A7%D8%AC%D8%A7%D9%82-%DA%AF%D8%A7%D8%B2-5-%D8%B4%D8%B9%D9%84%D9%87-%D8%A7%D8%B3%D9%86%D9%88%D8%A7-%D9%85%D8%AF%D9%84-sgc5-31111/
اجاق گاز,دروسی,15870000,,پنج شعله,شیشه,nan,nan,11,nan,52,D:/اجاق گاز/image_95.jpg,https://www.digikala.com/product/dkp-17649125/%D8%A7%D8%AC%D8%A7%D9%82-%DA%AF%D8%A7%D8%B2-5-%D8%B4%D8%B9%D9%84%D9%87-%D8%AF%D8%B1%D9%88%D8%B3%DB%8C-%D9%85%D8%AF%D9%84-g800/
اجاق گاز,های هوم,7750000,,پنج شعله,شیشه,nan,nan,5,nan,5,D:/اجاق گاز/image_96.jpg,https://www.digikala.com/product/dkp-16860076/%D8%A7%D8%AC%D8%A7%D9%82-%DA%AF%D8%A7%D8%B2-5-%D8%B4%D8%B9%D9%84%D9%87-%D9%87%D8%A7%DB%8C-%D9%87%D9%88%D9%85-%D9%85%D8%AF%D9%84-h810g/
اجاق گاز,دروسی,8625000,,پنج شعله,شیشه,nan,nan,11,nan,52,D:/اجاق گاز/image_97.jpg,https://www.digikala.com/product/dkp-17648576/%D8%A7%D8%AC%D8%A7%D9%82-%DA%AF%D8%A7%D8%B2-5-%D8%B4%D8%B9%D9%84%D9%87-%D8%AF%D8%B1%D9%88%D8%B3%DB%8C-%D9%85%D8%AF%D9%84-g601/
اجاق گاز,اسنوا,22070000,3.7,پنج شعله,استیل,چدنی,110,95,65,85,D:/اجاق گاز/image_98.jpg,https://www.digikala.com/product/dkp-14161951/%D8%A7%D8%AC%D8%A7%D9%82-%DA%AF%D8%A7%D8%B2-%D8%A7%D8%B3%D9%86%D9%88%D8%A7-%D9%85%D8%AF%D9%84-sgc5-11101/
اجاق گاز,دروسی,13680000,,پنج شعله,شیشه,nan,nan,11,nan,52,D:/اجاق گاز/image_99.jpg,https://www.digikala.com/product/dkp-17649156/%D8%A7%D8%AC%D8%A7%D9%82-%DA%AF%D8%A7%D8%B2-5-%D8%B4%D8%B9%D9%84%D9%87-%D8%AF%D8%B1%D9%88%D8%B3%DB%8C-%D9%85%D8%AF%D9%84-g810/
اجاق گاز,دروسی,8870000,,پنج شعله,استیل,nan,nan,11,nan,52,D:/اجاق گاز/image_100.jpg,https://www.digikala.com/product/dkp-17649183/%D8%A7%D8%AC%D8%A7%D9%82-%DA%AF%D8%A7%D8%B2-5-%D8%B4%D8%B9%D9%84%D9%87-%D8%AF%D8%B1%D9%88%D8%B3%DB%8C-%D9%85%D8%AF%D9%84-gs592/
اجاق گاز,آکورد,10100000,,پنج شعله,شیشه,nan,nan,13,nan,50,D:/اجاق گاز/image_101.jpg,https://www.digikala.com/product/dkp-17058222/%D8%A7%D8%AC%D8%A7%D9%82-%DA%AF%D8%A7%D8%B2-5-%D8%B4%D8%B9%D9%84%D9%87-%D8%A2%DA%A9%D9%88%D8%B1%D8%AF-%D9%85%D8%AF%D9%84-ag5031/
اجاق گاز,دروسی,8060000,,پنج شعله,شیشه,nan,nan,11,nan,52,D:/اجاق گاز/image_102.jpg,https://www.digikala.com/product/dkp-17648470/%D8%A7%D8%AC%D8%A7%D9%82-%DA%AF%D8%A7%D8%B2-5-%D8%B4%D8%B9%D9%84%D9%87-%D8%AF%D8%B1%D9%88%D8%B3%DB%8C-%D9%85%D8%AF%D9%84-g533/
اجاق گاز,متفرقه,8500000,,پنج شعله,استیل,nan,nan,10,nan,5,D:/اجاق گاز/image_103.jpg,https://www.digikala.com/product/dkp-18010825/%D8%A7%D8%AC%D8%A7%D9%82-%DA%AF%D8%A7%D8%B2-5-%D8%B4%D8%B9%D9%84%D9%87-%D9%85%D8%AF%D9%84-g2882/
اجاق گاز,آکورد,9800000,,پنج شعله,شیشه,nan,nan,nan,nan,50,D:/اجاق گاز/image_104.jpg,https://www.digikala.com/product/dkp-17301149/%D8%A7%D8%AC%D8%A7%D9%82-%DA%AF%D8%A7%D8%B2-5-%D8%B4%D8%B9%D9%84%D9%87-%D8%A2%DA%A9%D9%88%D8%B1%D8%AF-%D9%85%D8%AF%D9%84-5013/
اجاق گاز,دروسی,10980000,,پنج شعله,استیل,nan,nan,11,nan,52,D:/اجاق گاز/image_105.jpg,https://www.digikala.com/product/dkp-17649371/%D8%A7%D8%AC%D8%A7%D9%82-%DA%AF%D8%A7%D8%B2-5-%D8%B4%D8%B9%D9%84%D9%87-%D8%AF%D8%B1%D9%88%D8%B3%DB%8C-%D9%85%D8%AF%D9%84-gs892/
اجاق گاز,آکورد,10350000,,پنج شعله,شیشه,nan,nan,nan,nan,50,D:/اجاق گاز/image_106.jpg,https://www.digikala.com/product/dkp-17238492/%D8%A7%D8%AC%D8%A7%D9%82-%DA%AF%D8%A7%D8%B2-5-%D8%B4%D8%B9%D9%84%D9%87-%D8%A2%DA%A9%D9%88%D8%B1%D8%AF-%D9%85%D8%AF%D9%84-ag5033/
اجاق گاز,دروسی,8780000,,پنج شعله,شیشه,nan,nan,11,nan,52,D:/اجاق گاز/image_107.jpg,https://www.digikala.com/product/dkp-17648238/%D8%A7%D8%AC%D8%A7%D9%82-%DA%AF%D8%A7%D8%B2-5-%D8%B4%D8%B9%D9%84%D9%87-%D8%AF%D8%B1%D9%88%D8%B3%DB%8C-%D9%85%D8%AF%D9%84-g515/
اجاق گاز,آذر افروز پویا,4920000,,پنج شعله,فلز,nan,nan,88,80,80,D:/اجاق گاز/image_108.jpg,https://www.digikala.com/product/dkp-18043078/%D8%A7%D8%AC%D8%A7%D9%82-%DA%AF%D8%A7%D8%B2-5-%D8%B4%D8%B9%D9%84%D9%87-%D8%A2%D8%B0%D8%B1-%D8%A7%D9%81%D8%B1%D9%88%D8%B2-%D9%BE%D9%88%DB%8C%D8%A7-%D9%85%D8%AF%D9%84-denstl/
اجاق گاز,اخوان,27410000,4.1,پنج شعله,nan,nan,94,90,nan,60,D:/اجاق گاز/image_109.jpg,https://www.digikala.com/product/dkp-12120803/%D8%A7%D8%AC%D8%A7%D9%82-%DA%AF%D8%A7%D8%B2-5-%D8%B4%D8%B9%D9%84%D9%87-%D8%A7%D8%AE%D9%88%D8%A7%D9%86-%D9%85%D8%AF%D9%84-m11-edtr/
اجاق گاز,دوو,35902870,4.0,پنج شعله,استیل,چدنی,90,94,65,90,D:/اجاق گاز/image_110.jpg,https://www.digikala.com/product/dkp-4977405/%D8%A7%D8%AC%D8%A7%D9%82-%DA%AF%D8%A7%D8%B2-%D8%AF%D9%88%D9%88-%D9%85%D8%AF%D9%84-dgc5-2111n-new-imperial/
اجاق گاز,زرتوس,3400000,3.7,سه شعله,nan,nan,nan,nan,nan,nan,D:/اجاق گاز/image_111.jpg,https://www.digikala.com/product/dkp-7323165/%D8%A7%D8%AC%D8%A7%D9%82-%DA%AF%D8%A7%D8%B2-%D8%B2%D8%B1%D8%AA%D9%88%D8%B3-%D9%85%D8%AF%D9%84-%D8%B1%D9%88%D9%85%DB%8C%D8%B2%DB%8C-zg3011/
اجاق گاز,هاکان,4940000,3.1,پنج شعله,ام‌دی‌اف,چدنی,nan,90,90,52,D:/اجاق گاز/image_112.jpg,https://www.digikala.com/product/dkp-13326180/%D8%A7%D8%AC%D8%A7%D9%82-%DA%AF%D8%A7%D8%B2-%D9%87%D8%A7%DA%A9%D8%A7%D9%86-%D9%85%D8%AF%D9%84-%D9%85%D8%AF%D9%84-%D9%BE%D9%86%D8%AC-%D8%B4%D8%B9%D9%84%D9%87-%DA%86%D9%87%D8%A7%D8%B1-%D8%AF%D8%B1/
اجاق گاز,اسنوا,24000000,3.4,پنج شعله,استیل,چدنی,110,86,90,60,D:/اجاق گاز/image_113.jpg,https://www.digikala.com/product/dkp-5568143/%D8%A7%D8%AC%D8%A7%D9%82-%DA%AF%D8%A7%D8%B2-%D8%A7%D8%B3%D9%86%D9%88%D8%A7-sgc5-3112n-adrina-series/
اجاق گاز,آلتون,13420000,,nan,nan,nan,nan,30,nan,90,D:/اجاق گاز/image_114.jpg,https://www.digikala.com/product/dkp-15591509/%D8%A7%D8%AC%D8%A7%D9%82-%DA%AF%D8%A7%D8%B2-%D8%B1%D9%88%D9%85%DB%8C%D8%B2%DB%8C-%D8%A2%D9%84%D8%AA%D9%88%D9%86-%D9%85%D8%AF%D9%84-sg518n/
اجاق گاز,آذر افروز پویا,4872000,1.0,پنج شعله,آهن,nan,nan,88,80,50,D:/اجاق گاز/image_115.jpg,https://www.digikala.com/product/dkp-18042941/%D8%A7%D8%AC%D8%A7%D9%82-%DA%AF%D8%A7%D8%B2-5-%D8%B4%D8%B9%D9%84%D9%87-%D8%A2%D8%B0%D8%B1-%D8%A7%D9%81%D8%B1%D9%88%D8%B2-%D9%BE%D9%88%DB%8C%D8%A7-%D9%85%D8%AF%D9%84-aztech/
اجاق گاز,دنپاسر,2592000,2.4,دو شعله,آهن,nan,nan,30,nan,53,D:/اجاق گاز/image_116.jpg,https://www.digikala.com/product/dkp-10805984/%D8%A7%D8%AC%D8%A7%D9%82-%DA%AF%D8%A7%D8%B2-%D8%AF%D9%86%D9%BE%D8%A7%D8%B3%D8%B1-%D9%85%D8%AF%D9%84-shy2b/
اجاق گاز,دروسی,10500000,,پنج شعله,استیل,nan,nan,11,nan,52,D:/اجاق گاز/image_117.jpg,https://www.digikala.com/product/dkp-17649217/%D8%A7%D8%AC%D8%A7%D9%82-%DA%AF%D8%A7%D8%B2-5-%D8%B4%D8%B9%D9%84%D9%87-%D8%AF%D8%B1%D9%88%D8%B3%DB%8C-%D9%85%D8%AF%D9%84-g596/
اجاق گاز,دنپاسر,5820000,2.3,پنج شعله,فلز,چدنی,nan,90,90,60,D:/اجاق گاز/image_118.jpg,https://www.digikala.com/product/dkp-10785299/%D8%A7%D8%AC%D8%A7%D9%82-%DA%AF%D8%A7%D8%B2-%D8%AF%D9%86%D9%BE%D8%A7%D8%B3%D8%B1-%D9%85%D8%AF%D9%84-denpa1/
اجاق گاز,دنپاسر,5141000,1.9,پنج شعله,nan,nan,nan,nan,nan,nan,D:/اجاق گاز/image_119.jpg,https://www.digikala.com/product/dkp-12532914/%D8%A7%D8%AC%D8%A7%D9%82-%DA%AF%D8%A7%D8%B2-5-%D8%B4%D8%B9%D9%84%D9%87-%D8%AF%D9%86%D9%BE%D8%A7%D8%B3%D8%B1-%D9%85%D8%AF%D9%84-4dflash/
اجاق گاز,دروسی,8625000,,پنج شعله,شیشه,nan,nan,11,nan,52,D:/اجاق گاز/image_120.jpg,https://www.digikala.com/product/dkp-17648540/%D8%A7%D8%AC%D8%A7%D9%82-%DA%AF%D8%A7%D8%B2-5-%D8%B4%D8%B9%D9%84%D9%87-%D8%AF%D8%B1%D9%88%D8%B3%DB%8C-%D9%85%D8%AF%D9%84-g600/
اجاق گاز,دنپاسر,6000000,3.7,nan,nan,چدنی,nan,nan,nan,50,D:/اجاق گاز/image_121.jpg,https://www.digikala.com/product/dkp-15402673/%D8%A7%D8%AC%D8%A7%D9%82-%DA%AF%D8%A7%D8%B2-5-%D8%B4%D8%B9%D9%84%D9%87-%D8%AF%D9%86%D9%BE%D8%A7%D8%B3%D8%B1-%D9%85%D8%AF%D9%84-mdf3k/
اجاق گاز,آکورد,15700000,,پنج شعله,شیشه نشکن,nan,nan,nan,nan,50,D:/اجاق گاز/image_122.jpg,https://www.digikala.com/product/dkp-17238602/%D8%A7%D8%AC%D8%A7%D9%82-%DA%AF%D8%A7%D8%B2-5-%D8%B4%D8%B9%D9%84%D9%87-%D8%A2%DA%A9%D9%88%D8%B1%D8%AF%D9%85%D8%AF%D9%84-%D8%B1%D9%88%D9%85%DB%8C%D8%B2%DB%8C-ag5028/
اجاق گاز,آذر افروز پویا,5820000,3.1,پنج شعله,فلز,چدنی,nan,nan,nan,nan,D:/اجاق گاز/image_123.jpg,https://www.digikala.com/product/dkp-10688118/%D8%A7%D8%AC%D8%A7%D9%82-%DA%AF%D8%A7%D8%B2-%D8%A2%D8%B0%D8%B1-%D8%A7%D9%81%D8%B1%D9%88%D8%B2-%D9%BE%D9%88%DB%8C%D8%A7-%D9%85%D8%AF%D9%84-cho1/
اجاق گاز,دروسی,8810000,,پنج شعله,شیشه,nan,nan,11,nan,52,D:/اجاق گاز/image_124.jpg,https://www.digikala.com/product/dkp-17648297/%D8%A7%D8%AC%D8%A7%D9%82-%DA%AF%D8%A7%D8%B2-%D8%AF%D8%B1%D9%88%D8%B3%DB%8C-%D9%85%D8%AF%D9%84-g516/
اجاق گاز,اخوان,8400000,4.3,پنج شعله,nan,چدنی,nan,nan,nan,nan,D:/اجاق گاز/image_126.jpg,https://www.digikala.com/product/dkp-900899/%D8%A7%D8%AC%D8%A7%D9%82-%DA%AF%D8%A7%D8%B2-%D8%B5%D9%81%D8%AD%D9%87-%D8%A7%DB%8C-%D8%A7%D8%AE%D9%88%D8%A7%D9%86-%D9%85%D8%AF%D9%84-gi-35-np/
اجاق گاز,اخوان,12350000,4.3,پنج شعله,nan,چدنی,nan,nan,nan,nan,D:/اجاق گاز/image_128.jpg,https://www.digikala.com/product/dkp-902535/%D8%A7%D8%AC%D8%A7%D9%82-%DA%AF%D8%A7%D8%B2-%D8%B5%D9%81%D8%AD%D9%87-%D8%A7%DB%8C-%D8%A7%D8%AE%D9%88%D8%A7%D9%86-%D9%85%D8%AF%D9%84-g135-s/
اجاق گاز,اخوان,8400000,4.3,پنج شعله,nan,چدنی,nan,nan,nan,nan,D:/اجاق گاز/image_129.jpg,https://www.digikala.com/product/dkp-895893/%D8%A7%D8%AC%D8%A7%D9%82-%DA%AF%D8%A7%D8%B2-%D8%B5%D9%81%D8%AD%D9%87-%D8%A7%DB%8C-%D8%A7%D8%AE%D9%88%D8%A7%D9%86-%D9%85%D8%AF%D9%84-gi-24-np/
اجاق گاز,اخوان,9150000,4.2,پنج شعله,nan,چدن,nan,nan,nan,nan,D:/اجاق گاز/image_130.jpg,https://www.digikala.com/product/dkp-1628844/%D8%A7%D8%AC%D8%A7%D9%82-%DA%AF%D8%A7%D8%B2-%D8%B5%D9%81%D8%AD%D9%87-%D8%A7%DB%8C-%D8%A7%D8%AE%D9%88%D8%A7%D9%86-%D9%85%D8%AF%D9%84-gi-135-np/
اجاق گاز,اخوان,9572000,4.3,پنج شعله,nan,nan,nan,nan,nan,nan,D:/اجاق گاز/image_134.jpg,https://www.digikala.com/product/dkp-2742341/%D8%A7%D8%AC%D8%A7%D9%82-%DA%AF%D8%A7%D8%B2-%D8%B5%D9%81%D8%AD%D9%87-%D8%A7%DB%8C-%D8%A7%D8%AE%D9%88%D8%A7%D9%86-%D9%85%D8%AF%D9%84-gi-142/
اجاق گاز,بوگر,5990000,4.2,پنج شعله,nan,چدن,nan,nan,nan,nan,D:/اجاق گاز/image_135.jpg,https://www.digikala.com/product/dkp-16064433/%D8%A7%D8%AC%D8%A7%D9%82-%DA%AF%D8%A7%D8%B2-%D8%B5%D9%81%D8%AD%D9%87-%D8%A7%DB%8C-%D8%A8%D9%88%DA%AF%D8%B1-%D9%85%D8%AF%D9%84-800/
اجاق گاز,اخوان,8500000,4.2,پنج شعله,nan,چدنی,nan,nan,nan,nan,D:/اجاق گاز/image_136.jpg,https://www.digikala.com/product/dkp-900993/%D8%A7%D8%AC%D8%A7%D9%82-%DA%AF%D8%A7%D8%B2-%D8%B5%D9%81%D8%AD%D9%87-%D8%A7%DB%8C-%D8%A7%D8%AE%D9%88%D8%A7%D9%86-%D9%85%D8%AF%D9%84-gi-35-s-np/
اجاق گاز,اخوان,12876000,4.3,پنج شعله,nan,nan,nan,nan,nan,nan,D:/اجاق گاز/image_138.jpg,https://www.digikala.com/product/dkp-2741557/%D8%A7%D8%AC%D8%A7%D9%82-%DA%AF%D8%A7%D8%B2-%D8%B5%D9%81%D8%AD%D9%87-%D8%A7%DB%8C-%D8%A7%D8%AE%D9%88%D8%A7%D9%86-%D9%85%D8%AF%D9%84-%D9%88%D9%86%D9%88%D8%B3-%DA%A9%D8%AF-v5/
اجاق گاز,کن,11200000,4.2,پنج شعله,nan,چدنی,nan,nan,nan,nan,D:/اجاق گاز/image_139.jpg,https://www.digikala.com/product/dkp-1132800/%D8%A7%D8%AC%D8%A7%D9%82-%DA%AF%D8%A7%D8%B2-%D8%B5%D9%81%D8%AD%D9%87-%D8%A7%DB%8C-%DA%A9%D9%86-%D9%85%D8%AF%D9%84-ig-8507/
اجاق گاز,اخوان,9588000,4.3,پنج شعله,nan,nan,nan,nan,nan,nan,D:/اجاق گاز/image_140.jpg,https://www.digikala.com/product/dkp-6784035/%D8%A7%D8%AC%D8%A7%D9%82-%DA%AF%D8%A7%D8%B2-%D8%B5%D9%81%D8%AD%D9%87-%D8%A7%DB%8C-%D8%A7%D8%AE%D9%88%D8%A7%D9%86-%D9%85%D8%AF%D9%84-gi-13/
اجاق گاز,جی پاس,1830000,3.4,2,آهن و فولاد,فولاد,nan,nan,nan,nan,D:/اجاق گاز/image_142.jpg,https://www.digikala.com/product/dkp-2253426/%D8%A7%D8%AC%D8%A7%D9%82-%D8%A8%D8%B1%D9%82%DB%8C-%D8%AC%DB%8C-%D9%BE%D8%A7%D8%B3-%D9%85%D8%AF%D9%84-ghp32014/
اجاق گاز,متفرقه,2840000,3.1,پنج شعله,nan,nan,nan,nan,nan,nan,D:/اجاق گاز/image_143.jpg,https://www.digikala.com/product/dkp-6436920/%D8%A7%D8%AC%D8%A7%D9%82-%DA%AF%D8%A7%D8%B2-%D8%B5%D9%81%D8%AD%D9%87-%D8%A7%DB%8C-%D8%A2%DA%98%DB%8C%D9%86%D9%87-%D9%85%D8%AF%D9%84-%D9%88%D9%84%DA%AF%D8%A7/
اجاق گاز,اخوان,9800000,4.5,پنج شعله,nan,nan,nan,nan,nan,nan,D:/اجاق گاز/image_144.jpg,https://www.digikala.com/product/dkp-14040338/%D8%A7%D8%AC%D8%A7%D9%82-%DA%AF%D8%A7%D8%B2-%D8%B5%D9%81%D8%AD%D9%87-%D8%A7%DB%8C-%D8%A7%D8%AE%D9%88%D8%A7%D9%86-%D9%85%D8%AF%D9%84-gi145-np/
اجاق گاز,نیک کالا,17800000,4.5,پنج شعله,nan,چدنی,nan,nan,nan,nan,D:/اجاق گاز/image_145.jpg,https://www.digikala.com/product/dkp-552217/%D8%A7%D8%AC%D8%A7%D9%82-%DA%AF%D8%A7%D8%B2-%D8%B5%D9%81%D8%AD%D9%87-%D8%A7%DB%8C-%D9%86%DB%8C%DA%A9-%DA%A9%D8%A7%D9%84%D8%A7-%D9%85%D8%AF%D9%84-sgh-101/
اجاق گاز,متفرقه,1300000,2.7,سه شعله,nan,nan,nan,nan,nan,nan,D:/اجاق گاز/image_146.jpg,https://www.digikala.com/product/dkp-17541861/%D8%A7%D8%AC%D8%A7%D9%82-%DA%AF%D8%A7%D8%B2-%D8%B5%D9%81%D8%AD%D9%87-%D8%A7%DB%8C-%D9%85%D8%AF%D9%84-%D8%B1%D9%88%D9%85%DB%8C%D8%B2%DB%8C-%D8%B3%D9%87-%D8%B4%D8%B9%D9%84%D9%87/
اجاق گاز,اخوان,15250000,4.3,پنج شعله,nan,nan,nan,nan,nan,nan,D:/اجاق گاز/image_147.jpg,https://www.digikala.com/product/dkp-3928840/%D8%A7%D8%AC%D8%A7%D9%82-%DA%AF%D8%A7%D8%B2-%D8%B5%D9%81%D8%AD%D9%87-%D8%A7%DB%8C-%D8%A7%D8%AE%D9%88%D8%A7%D9%86-%D9%85%D8%AF%D9%84-v8/
اجاق گاز,نیک کالا,17597000,4.5,پنج شعله,nan,چدن,nan,nan,nan,nan,D:/اجاق گاز/image_148.jpg,https://www.digikala.com/product/dkp-542754/%D8%A7%D8%AC%D8%A7%D9%82-%DA%AF%D8%A7%D8%B2-%D8%B5%D9%81%D8%AD%D9%87-%D8%A7%DB%8C-%D9%86%DB%8C%DA%A9-%DA%A9%D8%A7%D9%84%D8%A7-%D9%85%D8%AF%D9%84-sgh-102/
اجاق گاز,بوگر,6720000,2.3,پنج شعله,nan,nan,nan,nan,nan,nan,D:/اجاق گاز/image_149.jpg,https://www.digikala.com/product/dkp-17758801/%D8%A7%D8%AC%D8%A7%D9%82-%DA%AF%D8%A7%D8%B2-5-%D8%B4%D8%B9%D9%84%D9%87-%D8%A8%D9%88%DA%AF%D8%B1-%D9%85%D8%AF%D9%84-808/
اجاق گاز,هاکان,5546000,2.8,پنج شعله,nan,چدنی,nan,nan,nan,nan,D:/اجاق گاز/image_150.jpg,https://www.digikala.com/product/dkp-13922658/%D8%A7%D8%AC%D8%A7%D9%82-%DA%AF%D8%A7%D8%B2-%D8%B5%D9%81%D8%AD%D9%87-%D8%A7%DB%8C-%D9%87%D8%A7%DA%A9%D8%A7%D9%86-%D9%85%D8%AF%D9%84-%D8%A7%D8%AC%D8%A7%D9%82-%DA%AF%D8%A7%D8%B2-%D8%B1%D9%88%D9%85%DB%8C%D8%B2%DB%8C-%D8%B5%D9%81%D8%AD%D9%87-%D8%A7%D8%B3%D8%AA%DB%8C%D9%84-%D9%85%D8%AF%D9%84-%D8%A8%D9%88%D8%B4-%D8%AA%D8%B1%D9%85%D9%88%DA%A9%D9%88%D8%A8%D9%84-%D8%AF%D8%A7%D8%B1/
اجاق گاز,اخوان,8252000,3.8,پنج شعله,nan,nan,nan,nan,nan,nan,D:/اجاق گاز/image_151.jpg,https://www.digikala.com/product/dkp-11886584/%D8%A7%D8%AC%D8%A7%D9%82-%DA%AF%D8%A7%D8%B2-%D8%B5%D9%81%D8%AD%D9%87-%D8%A7%DB%8C-%D8%A7%D8%AE%D9%88%D8%A7%D9%86-%D9%85%D8%AF%D9%84-z5/
اجاق گاز,بوگر,6500000,4.1,پنج شعله,nan,چدن,nan,nan,nan,nan,D:/اجاق گاز/image_153.jpg,https://www.digikala.com/product/dkp-16950052/%D8%A7%D8%AC%D8%A7%D9%82-%DA%AF%D8%A7%D8%B2-%D8%B5%D9%81%D8%AD%D9%87-%D8%A7%DB%8C-%D8%A8%D9%88%DA%AF%D8%B1-%D9%85%D8%AF%D9%84-813/
اجاق گاز,هاکان,5452000,4.0,پنج شعله,nan,چدنی,nan,nan,nan,nan,D:/اجاق گاز/image_154.jpg,https://www.digikala.com/product/dkp-14286225/%D8%A7%D8%AC%D8%A7%D9%82-%DA%AF%D8%A7%D8%B2-%D8%B5%D9%81%D8%AD%D9%87-%D8%A7%DB%8C-%D9%87%D8%A7%DA%A9%D8%A7%D9%86-%D9%85%D8%AF%D9%84-%D8%A7%D8%AC%D8%A7%D9%82-%DA%AF%D8%A7%D8%B2-%D8%B1%D9%88%D9%85%DB%8C%D8%B2%DB%8C-%D8%B4%DB%8C%D8%B4%D9%87-%D8%A7%DB%8C-%D8%AA%D8%B1%D9%85%D9%88%DA%A9%D9%88%D8%A8%D9%84-%D8%AF%D8%A7%D8%B1gerd-term/
اجاق گاز,بوگر,6500000,4.2,پنج شعله,nan,چدن,nan,nan,nan,nan,D:/اجاق گاز/image_155.jpg,https://www.digikala.com/product/dkp-16083387/%D8%A7%D8%AC%D8%A7%D9%82-%DA%AF%D8%A7%D8%B2-%D8%B5%D9%81%D8%AD%D9%87-%D8%A7%DB%8C-%D8%A8%D9%88%DA%AF%D8%B1-%D9%85%D8%AF%D9%84-804/
اجاق گاز,استیل البرز,10100000,4.1,پنج شعله,nan,چدن,nan,nan,nan,nan,D:/اجاق گاز/image_157.jpg,https://www.digikala.com/product/dkp-2269221/%D8%A7%D8%AC%D8%A7%D9%82-%DA%AF%D8%A7%D8%B2-%D8%B5%D9%81%D8%AD%D9%87-%D8%A7%DB%8C-%D8%A7%D8%B3%D8%AA%DB%8C%D9%84-%D8%A7%D9%84%D8%A8%D8%B1%D8%B2-%D9%85%D8%AF%D9%84-s-5960i/
اجاق گاز,اخوان,14310000,4.2,پنج شعله,nan,چدنی,nan,nan,nan,nan,D:/اجاق گاز/image_158.jpg,https://www.digikala.com/product/dkp-924927/%D8%A7%D8%AC%D8%A7%D9%82-%DA%AF%D8%A7%D8%B2-%D8%B5%D9%81%D8%AD%D9%87-%D8%A7%DB%8C-%D8%A7%D8%AE%D9%88%D8%A7%D9%86-%D9%85%D8%AF%D9%84-v14/
اجاق گاز,زرتوس,3782400,3.3,nan,nan,چدن,nan,nan,nan,nan,D:/اجاق گاز/image_159.jpg,https://www.digikala.com/product/dkp-7912708/%D8%A7%D8%AC%D8%A7%D9%82-%DA%AF%D8%A7%D8%B2-%D8%B1%D9%88%D9%85%DB%8C%D8%B2%DB%8C-%D8%B2%D8%B1%D8%AA%D9%88%D8%B3-%D9%85%D8%AF%D9%84-zg3013/
اجاق گاز,استیل البرز,9030000,4.5,پنج شعله,nan,nan,nan,nan,nan,nan,D:/اجاق گاز/image_162.jpg,https://www.digikala.com/product/dkp-3515481/%D8%A7%D8%AC%D8%A7%D9%82-%DA%AF%D8%A7%D8%B2-%D8%B5%D9%81%D8%AD%D9%87-%D8%A7%DB%8C-%D8%A7%D8%B3%D8%AA%DB%8C%D9%84-%D8%A7%D9%84%D8%A8%D8%B1%D8%B2-%D9%85%D8%AF%D9%84-g-5960/
اجاق گاز,بوگر,6500000,4.2,پنج شعله,nan,چدن,nan,nan,nan,nan,D:/اجاق گاز/image_163.jpg,https://www.digikala.com/product/dkp-15977777/%D8%A7%D8%AC%D8%A7%D9%82-%DA%AF%D8%A7%D8%B2-%D8%B5%D9%81%D8%AD%D9%87-%D8%A7%DB%8C-%D8%A8%D9%88%DA%AF%D8%B1-%D9%85%D8%AF%D9%84-805/
اجاق گاز,تکنوگاز,15350000,5.0,پنج شعله,nan,آخرین تکنولوژی انشعابات آلومینیومی یکپارچه,nan,nan,nan,nan,D:/اجاق گاز/image_164.jpg,https://www.digikala.com/product/dkp-12994970/%D8%A7%D8%AC%D8%A7%D9%82-%DA%AF%D8%A7%D8%B2-%D8%B5%D9%81%D8%AD%D9%87-%D8%A7%DB%8C-%D8%AA%DA%A9%D9%86%D9%88%DA%AF%D8%A7%D8%B2-%D9%85%D8%AF%D9%84-ttg-15987/
اجاق گاز,کن,12700000,4.4,پنج شعله,nan,شبکه چدنی لعابدار+ چدنی وک,nan,nan,nan,nan,D:/اجاق گاز/image_165.jpg,https://www.digikala.com/product/dkp-200822/%D8%A7%D8%AC%D8%A7%D9%82-%DA%AF%D8%A7%D8%B2-%D8%B5%D9%81%D8%AD%D9%87-%D8%A7%DB%8C-%DA%A9%D9%86-%D9%85%D8%AF%D9%84-518s/
اجاق گاز,اخوان,9945000,4.3,پنج شعله,nan,nan,nan,nan,nan,nan,D:/اجاق گاز/image_166.jpg,https://www.digikala.com/product/dkp-3928822/%D8%A7%D8%AC%D8%A7%D9%82-%DA%AF%D8%A7%D8%B2-%D8%B5%D9%81%D8%AD%D9%87-%D8%A7%DB%8C-%D8%A7%D8%AE%D9%88%D8%A7%D9%86-%D9%85%D8%AF%D9%84-gi-135-s/
اجاق گاز,استیل البرز,11995000,3.9,پنج شعله,nan,چدنی با لعاب مات,nan,nan,nan,nan,D:/اجاق گاز/image_167.jpg,https://www.digikala.com/product/dkp-944512/%D8%A7%D8%AC%D8%A7%D9%82-%DA%AF%D8%A7%D8%B2-%D8%B5%D9%81%D8%AD%D9%87-%D8%A7%DB%8C-%D8%A7%D8%B3%D8%AA%DB%8C%D9%84-%D8%A7%D9%84%D8%A8%D8%B1%D8%B2-%D9%85%D8%AF%D9%84-g-5910/
اجاق گاز,اخوان,12280000,4.3,پنج شعله,nan,چدنی,nan,nan,nan,nan,D:/اجاق گاز/image_168.jpg,https://www.digikala.com/product/dkp-902509/%D8%A7%D8%AC%D8%A7%D9%82-%DA%AF%D8%A7%D8%B2-%D8%B5%D9%81%D8%AD%D9%87-%D8%A7%DB%8C-%D8%A7%D8%AE%D9%88%D8%A7%D9%86-%D9%85%D8%AF%D9%84-g135/
اجاق گاز,رینوزیت استار,1800000,3.3,دو شعله,nan,چدنی,nan,nan,nan,nan,D:/اجاق گاز/image_169.jpg,https://www.digikala.com/product/dkp-4232646/%D8%A7%D8%AC%D8%A7%D9%82-%DA%AF%D8%A7%D8%B2-%D8%B5%D9%81%D8%AD%D9%87-%D8%A7%DB%8C-%D8%B1%DB%8C%D9%86%D9%88%D8%B2%DB%8C%D8%AA-%D8%A7%D8%B3%D8%AA%D8%A7%D8%B1-%D9%85%D8%AF%D9%84-sh2ge/
اجاق گاز,استیل البرز,8787000,4.1,پنج شعله,nan,چدن,nan,nan,nan,nan,D:/اجاق گاز/image_170.jpg,https://www.digikala.com/product/dkp-4510017/%D8%A7%D8%AC%D8%A7%D9%82-%DA%AF%D8%A7%D8%B2-%D8%B5%D9%81%D8%AD%D9%87-%D8%A7%DB%8C-%D8%A7%D8%B3%D8%AA%DB%8C%D9%84-%D8%A7%D9%84%D8%A8%D8%B1%D8%B2-%D9%85%D8%AF%D9%84-s5960i/
اجاق گاز,استیل البرز,17230000,4.8,پنج شعله,nan,nan,nan,nan,nan,nan,D:/اجاق گاز/image_171.jpg,https://www.digikala.com/product/dkp-14113245/%D8%A7%D8%AC%D8%A7%D9%82-%DA%AF%D8%A7%D8%B2-%D8%B5%D9%81%D8%AD%D9%87-%D8%A7%DB%8C-%D8%A7%D8%B3%D8%AA%DB%8C%D9%84-%D8%A7%D9%84%D8%A8%D8%B1%D8%B2-%D9%85%D8%AF%D9%84-g5913/
اجاق گاز,اخوان,9886000,4.2,پنج شعله,nan,چدنی,nan,nan,nan,nan,D:/اجاق گاز/image_174.jpg,https://www.digikala.com/product/dkp-902602/%D8%A7%D8%AC%D8%A7%D9%82-%DA%AF%D8%A7%D8%B2-%D8%B5%D9%81%D8%AD%D9%87-%D8%A7%DB%8C-%D8%A7%D8%AE%D9%88%D8%A7%D9%86-%D9%85%D8%AF%D9%84-gi-14/
اجاق گاز,اخوان,8252000,4.1,پنج شعله,nan,nan,nan,nan,nan,nan,D:/اجاق گاز/image_175.jpg,https://www.digikala.com/product/dkp-3928803/%D8%A7%D8%AC%D8%A7%D9%82-%DA%AF%D8%A7%D8%B2-%D8%B5%D9%81%D8%AD%D9%87-%D8%A7%DB%8C-%D8%A7%D8%AE%D9%88%D8%A7%D9%86-%D9%85%D8%AF%D9%84-z6/
اجاق گاز,آذرلوکس,3506600,3.7,پنج شعله,nan,چدن صادراتی,nan,nan,nan,nan,D:/اجاق گاز/image_176.jpg,https://www.digikala.com/product/dkp-10312845/%D8%A7%D8%AC%D8%A7%D9%82-%DA%AF%D8%A7%D8%B2-%D8%B5%D9%81%D8%AD%D9%87-%D8%A7%DB%8C-%D8%A2%D8%B0%D8%B1%D9%84%D9%88%DA%A9%D8%B3-%D9%85%D8%AF%D9%84-%D8%AC%DB%8C-%DB%8C%DA%A9-%D8%B3%D8%A7%D8%AF%D9%87/
