category,brand,price,rating,juice_container_capacity,blade_material,input_size,pulp_container_desc,image_path,product_url
آبمیوه گیری,فارموکس,7560000,nan,یک,nan,80 mm,حجم سه  برای تفاله,D:/آبمیوه گیری/image_1.jpg,https://www.digikala.com/product/dkp-17168653/%D8%A2%D8%A8%D9%85%DB%8C%D9%88%D9%87-%DA%AF%DB%8C%D8%B1%DB%8C-%D9%81%D8%A7%D8%B1%D9%85%D9%88%DA%A9%D8%B3-%D9%85%D8%AF%D9%84-fx3314/?ad_variant_id=59715758
آبمیوه گیری,پارس خزر,4999100,4,1,nan,75,دارای حجم 2,D:/آبمیوه گیری/image_2.jpg,https://www.digikala.com/product/dkp-32109/%D8%A2%D8%A8%D9%85%DB%8C%D9%88%D9%87-%DA%AF%DB%8C%D8%B1%DB%8C-%D9%BE%D8%A7%D8%B1%D8%B3-%D8%AE%D8%B2%D8%B1-%D9%85%D8%AF%D9%84-tiger/
آبمیوه گیری,پاناسونیک,15000000,3.8,1.5,nan,75,دارای حجم 2,D:/آبمیوه گیری/image_3.jpg,https://www.digikala.com/product/dkp-104669/%D8%A2%D8%A8%D9%85%DB%8C%D9%88%D9%87-%DA%AF%DB%8C%D8%B1%DB%8C-%D9%BE%D8%A7%D9%86%D8%A7%D8%B3%D9%88%D9%86%DB%8C%DA%A9-%D9%85%D8%AF%D9%84-mj-dj31/
آبمیوه گیری,ماتسو,8990000,nan,0.6,nan,80 میلی متر,مخزن تفاله گیر با ظرفیت 0.6,D:/آبمیوه گیری/image_4.jpg,https://www.digikala.com/product/dkp-16226333/%D8%A2%D8%A8%D9%85%DB%8C%D9%88%D9%87-%DA%AF%DB%8C%D8%B1%DB%8C-%D9%85%D8%A7%D8%AA%D8%B3%D9%88-%D9%85%D8%AF%D9%84-ma-640/?ad_variant_id=56106428
آبمیوه گیری,هیملر,9750000,nan,1,nan,8.4,مخزن تفاله 3 ی با جداشوندگی آسان,D:/آبمیوه گیری/image_5.jpg,https://www.digikala.com/product/dkp-13822857/%D8%A2%D8%A8%D9%85%DB%8C%D9%88%D9%87-%DA%AF%DB%8C%D8%B1%DB%8C-%D9%87%DB%8C%D9%85%D9%84%D8%B1-%D9%85%D8%AF%D9%84-hjc-4250/?ad_variant_id=63028859
آبمیوه گیری,پارس خزر,3365000,4.1,0.7,nan,nan,دارای حجم 1.3,D:/آبمیوه گیری/image_6.jpg,https://www.digikala.com/product/dkp-27959/%D8%A2%D8%A8-%D9%85%DB%8C%D9%88%D9%87-%DA%AF%DB%8C%D8%B1%DB%8C-%D9%BE%D8%A7%D8%B1%D8%B3-%D8%AE%D8%B2%D8%B1-%D9%85%D8%AF%D9%84-avocado/
آبمیوه گیری,پارس خزر,2104200,3.9,0.5,nan,70,nan,D:/آبمیوه گیری/image_7.jpg,https://www.digikala.com/product/dkp-26666/%D8%A2%D8%A8-%D9%85%DB%8C%D9%88%D9%87-%DA%AF%DB%8C%D8%B1%DB%8C-%D9%BE%D8%A7%D8%B1%D8%B3-%D8%AE%D8%B2%D8%B1-%D9%85%D8%AF%D9%84-jc-700p/
آبمیوه گیری,تولیپس,4400000,4.1,700,nan,75,دارای گنجایش 1.8,D:/آبمیوه گیری/image_8.jpg,https://www.digikala.com/product/dkp-3677206/%D8%A2%D8%A8-%D9%85%DB%8C%D9%88%D9%87-%DA%AF%DB%8C%D8%B1%DB%8C-%D8%AA%D9%88%D9%84%DB%8C%D9%BE%D8%B3-%D9%85%D8%AF%D9%84-fj-479/
آبمیوه گیری,پارس خزر,5100000,3.9,0.7,nan,60,دارای حجم 1,D:/آبمیوه گیری/image_9.jpg,https://www.digikala.com/product/dkp-33912/%D8%A2%D8%A8%D9%85%DB%8C%D9%88%D9%87-%DA%AF%DB%8C%D8%B1%DB%8C-%D9%BE%D8%A7%D8%B1%D8%B3-%D8%AE%D8%B2%D8%B1-%D9%85%D8%AF%D9%84-vitafruit/
آبمیوه گیری,فکر,8200000,4.1,1.0,nan,nan,دریچه بزرگ برای خروج راحت تر تفاله میوه و سبزیجات,D:/آبمیوه گیری/image_10.jpg,https://www.digikala.com/product/dkp-11135185/%D8%A2%D8%A8%D9%85%DB%8C%D9%88%D9%87-%DA%AF%DB%8C%D8%B1%DB%8C-%D9%81%DA%A9%D8%B1-%D9%85%D8%AF%D9%84-vitaly/
آبمیوه گیری,ویداس,4350000,3.7,2,nan,قابلیت ورود یک سیب کامل,مخزن تفاله 2 ی,D:/آبمیوه گیری/image_11.jpg,https://www.digikala.com/product/dkp-567430/%D8%A2%D8%A8%D9%85%DB%8C%D9%88%D9%87-%DA%AF%DB%8C%D8%B1%DB%8C-4-%DA%A9%D8%A7%D8%B1%D9%87-%D8%A7%D8%B3%D8%AA%DB%8C%D9%84-%D9%88%DB%8C%D8%AF%D8%A7%D8%B3-%D9%85%D8%AF%D9%84-vir-3613/
آبمیوه گیری,دنور,3150000,4.1,1 ی,nan,70 میلیمتر,دارای مخزن 2 ی,D:/آبمیوه گیری/image_12.jpg,https://www.digikala.com/product/dkp-15997270/%D8%A2%D8%A8%D9%85%DB%8C%D9%88%D9%87-%DA%AF%DB%8C%D8%B1%DB%8C-%D8%AF%D9%86%D9%88%D8%B1-%D9%85%D8%AF%D9%84-dr-5576-power/
آبمیوه گیری,پاناسونیک,6000000,3.2,nan,nan,85 میلی‌ متر,مخزن پسماند 2 ی,D:/آبمیوه گیری/image_13.jpg,https://www.digikala.com/product/dkp-17873852/%D8%A2%D8%A8%D9%85%DB%8C%D9%88%D9%87-%DA%AF%DB%8C%D8%B1%DB%8C-%D9%BE%D8%A7%D9%86%D8%A7%D8%B3%D9%88%D9%86%DB%8C%DA%A9-%D9%85%D8%AF%D9%84-%DA%86%D9%87%D8%A7%D8%B1-%DA%A9%D8%A7%D8%B1%D9%87-4in1/
آبمیوه گیری,فیلیپس,6400000,3.3,nan,nan,nan,2,D:/آبمیوه گیری/image_14.jpg,https://www.digikala.com/product/dkp-16630645/%D8%A2%D8%A8%D9%85%DB%8C%D9%88%D9%87-%DA%AF%DB%8C%D8%B1%DB%8C-%D9%81%DB%8C%D9%84%DB%8C%D9%BE%D8%B3-%D9%85%D8%AF%D9%84-%DA%86%D9%87%D8%A7%D8%B1-%DA%A9%D8%A7%D8%B1%D9%87/
آبمیوه گیری,متفرقه,658220,3.2,nan,nan,nan,nan,D:/آبمیوه گیری/image_15.jpg,https://www.digikala.com/product/dkp-15030702/%D8%A2%D8%A8%D9%85%DB%8C%D9%88%D9%87-%DA%AF%DB%8C%D8%B1%DB%8C-%D9%85%D8%AF%D9%84-1510-%D8%A2%D8%B3%D8%A7%D9%86%D8%B3%D9%88%D8%B1%DB%8C/
آبمیوه گیری,فیلیپس,9420600,3.7,0.8,nan,75,دارای حجم 1.2,D:/آبمیوه گیری/image_16.jpg,https://www.digikala.com/product/dkp-49647/%D8%A2%D8%A8%D9%85%DB%8C%D9%88%D9%87-%DA%AF%DB%8C%D8%B1%DB%8C-%D9%81%DB%8C%D9%84%DB%8C%D9%BE%D8%B3-%D9%85%D8%AF%D9%84-hr1863/
آبمیوه گیری,فیلیپس,5950000,nan,nan,nan,nan,2,D:/آبمیوه گیری/image_17.jpg,https://www.digikala.com/product/dkp-18041803/%D8%A2%D8%A8%D9%85%DB%8C%D9%88%D9%87-%DA%AF%DB%8C%D8%B1%DB%8C-%D9%81%DB%8C%D9%84%DB%8C%D9%BE%D8%B3-%D9%85%D8%AF%D9%84-%DA%86%D9%87%D8%A7%D8%B1-%DA%A9%D8%A7%D8%B1%D9%87-%DA%A9%D8%AF-1845/
آبمیوه گیری,تکنو,3470000,4.1,0.8,nan,75,2 ی و متحرک,D:/آبمیوه گیری/image_18.jpg,https://www.digikala.com/product/dkp-2168697/%D8%A2%D8%A8-%D9%85%DB%8C%D9%88%D9%87-%DA%AF%DB%8C%D8%B1%DB%8C-%D8%AA%DA%A9%D9%86%D9%88-%D9%85%D8%AF%D9%84-te-219/
آبمیوه گیری,میگل,4700000,4.4,0.5,nan,75,2.5,D:/آبمیوه گیری/image_19.jpg,https://www.digikala.com/product/dkp-3967112/%D8%A2%D8%A8%D9%85%DB%8C%D9%88%D9%87-%DA%AF%DB%8C%D8%B1%DB%8C-%D9%85%DB%8C%DA%AF%D9%84-%D9%85%D8%AF%D9%84-gpj-182/
آبمیوه گیری,تولیپس,4960000,4.2,nan,nan,65 میلی‌متری,nan,D:/آبمیوه گیری/image_20.jpg,https://www.digikala.com/product/dkp-7925237/%D8%A2%D8%A8%D9%85%DB%8C%D9%88%D9%87-%DA%AF%DB%8C%D8%B1%DB%8C-%D8%AA%D9%88%D9%84%DB%8C%D9%BE%D8%B3-%D9%85%D8%AF%D9%84-fj-a-480/
آبمیوه گیری,پاناسونیک,10200000,4,1.5,nan,75,دارای حجم 2,D:/آبمیوه گیری/image_21.jpg,https://www.digikala.com/product/dkp-63284/%D8%A2%D8%A8%D9%85%DB%8C%D9%88%D9%87-%DA%AF%DB%8C%D8%B1%DB%8C-%D9%BE%D8%A7%D9%86%D8%A7%D8%B3%D9%88%D9%86%DB%8C%DA%A9-%D9%85%D8%AF%D9%84-mj-dj01/
آبمیوه گیری,پاناسونیک,9100000,3.6,nan,nan,nan,nan,D:/آبمیوه گیری/image_22.jpg,https://www.digikala.com/product/dkp-7670642/%D8%A2%D8%A8%D9%85%DB%8C%D9%88%D9%87-%DA%AF%DB%8C%D8%B1%DB%8C-%D9%BE%D8%A7%D9%86%D8%A7%D8%B3%D9%88%D9%86%DB%8C%DA%A9-%D9%85%D8%AF%D9%84-mj-j176p/
آبمیوه گیری,براون,9481280,4.1,1.25,nan,75,دارای حجم 2,D:/آبمیوه گیری/image_23.jpg,https://www.digikala.com/product/dkp-100383/%D8%A2%D8%A8%D9%85%DB%8C%D9%88%D9%87-%DA%AF%DB%8C%D8%B1%DB%8C-%D8%A8%D8%B1%D8%A7%D9%88%D9%86-%D9%85%D8%AF%D9%84-j500/
آبمیوه گیری,المپیا,2932000,3.6,nan,nan,nan,nan,D:/آبمیوه گیری/image_24.jpg,https://www.digikala.com/product/dkp-1716386/%D8%A2%D8%A8%D9%85%DB%8C%D9%88%D9%87-%DA%AF%DB%8C%D8%B1%DB%8C-%D8%A7%D9%84%D9%85%D9%BE%DB%8C%D8%A7-%D9%85%D8%AF%D9%84-oe-176p/
آبمیوه گیری,پارس خزر,3225000,4.2,0.7,nan,nan,1.3,D:/آبمیوه گیری/image_25.jpg,https://www.digikala.com/product/dkp-3328297/%D8%A2%D8%A8-%D9%85%DB%8C%D9%88%D9%87-%DA%AF%DB%8C%D8%B1%DB%8C-%D9%BE%D8%A7%D8%B1%D8%B3-%D8%AE%D8%B2%D8%B1-%D9%85%D8%AF%D9%84-%D8%A2%D9%88%D8%A7%DA%A9%D8%A7%D8%AF%D9%88/
آبمیوه گیری,گوسونیک,4999000,3.7,nan,nan,85,nan,D:/آبمیوه گیری/image_26.jpg,https://www.digikala.com/product/dkp-3735718/%D8%A2%D8%A8%D9%85%DB%8C%D9%88%D9%87-%DA%AF%DB%8C%D8%B1%DB%8C-%DA%AF%D9%88%D8%B3%D9%88%D9%86%DB%8C%DA%A9-%D9%85%D8%AF%D9%84-gsj-719/
آبمیوه گیری,کنوود,7100000,4,1.1,nan,nan,دارد,D:/آبمیوه گیری/image_27.jpg,https://www.digikala.com/product/dkp-8661407/%D8%A2%D8%A8%D9%85%DB%8C%D9%88%D9%87-%DA%AF%DB%8C%D8%B1%DB%8C-%DA%A9%D9%86%D9%88%D9%88%D8%AF-%D9%85%D8%AF%D9%84-jem02/
آبمیوه گیری,تکنو,5050000,4.3,0.85,nan,75,1.7 ی,D:/آبمیوه گیری/image_28.jpg,https://www.digikala.com/product/dkp-547442/%D8%A2%D8%A8%D9%85%DB%8C%D9%88%D9%87-%DA%AF%DB%8C%D8%B1%DB%8C-%D8%AA%DA%A9%D9%86%D9%88-%D9%85%D8%AF%D9%84-te-311/
آبمیوه گیری,پارس خزر,3800000,4,1,nan,nan,nan,D:/آبمیوه گیری/image_29.jpg,https://www.digikala.com/product/dkp-27962/%D8%A2%D8%A8-%D9%85%DB%8C%D9%88%D9%87-%DA%AF%DB%8C%D8%B1%DB%8C-%D9%BE%D8%A7%D8%B1%D8%B3-%D8%AE%D8%B2%D8%B1-%D9%85%D8%AF%D9%84-jbg-610p/
آبمیوه گیری,تولیپس,4566000,4.2,2,nan,75,1.8,D:/آبمیوه گیری/image_30.jpg,https://www.digikala.com/product/dkp-5379998/%D8%A2%D8%A8%D9%85%DB%8C%D9%88%D9%87-%DA%AF%DB%8C%D8%B1%DB%8C-%D8%AA%D9%88%D9%84%DB%8C%D9%BE%D8%B3-%D9%85%D8%AF%D9%84-fj-a480/
آبمیوه گیری,متفرقه,6200000,4,1.1,nan,75,دارای مخزن 2 ی,D:/آبمیوه گیری/image_31.jpg,https://www.digikala.com/product/dkp-3323893/%D8%A2%D8%A8-%D9%85%DB%8C%D9%88%D9%87-%DA%AF%DB%8C%D8%B1%DB%8C-%D9%85%DA%A9%D8%B3%DB%8C-%D9%85%D8%AF%D9%84-614/
آبمیوه گیری,پارس خزر,2695000,3.9,nan,nan,nan,nan,D:/آبمیوه گیری/image_32.jpg,https://www.digikala.com/product/dkp-5205987/%D8%A2%D8%A8%D9%85%DB%8C%D9%88%D9%87-%DA%AF%DB%8C%D8%B1%DB%8C-%D9%BE%D8%A7%D8%B1%D8%B3-%D8%AE%D8%B2%D8%B1-%D9%85%D8%AF%D9%84-%D9%85%D8%A7%D9%86%DA%AF%D9%88/
آبمیوه گیری,همیلتون,9950000,3.8,1,nan,85,nan,D:/آبمیوه گیری/image_33.jpg,https://www.digikala.com/product/dkp-1771315/%D8%A2%D8%A8%D9%85%DB%8C%D9%88%D9%87-%DA%AF%DB%8C%D8%B1%DB%8C-%D9%87%D9%85%DB%8C%D9%84%D8%AA%D9%88%D9%86-%D9%85%D8%AF%D9%84-jh-154/
آبمیوه گیری,تولیپس,4900000,3.9,nan,nan,nan,nan,D:/آبمیوه گیری/image_34.jpg,https://www.digikala.com/product/dkp-10662081/%D8%A2%D8%A8%D9%85%DB%8C%D9%88%D9%87-%DA%AF%DB%8C%D8%B1%DB%8C-%D8%AA%D9%88%D9%84%DB%8C%D9%BE%D8%B3-%D9%85%D8%AF%D9%84-fj-a-481/
آبمیوه گیری,سوئیس پلاس,4400000,4.8,1,nan,10,nan,D:/آبمیوه گیری/image_35.jpg,https://www.digikala.com/product/dkp-15072744/%D8%A2%D8%A8%D9%85%DB%8C%D9%88%D9%87-%DA%AF%DB%8C%D8%B1%DB%8C-%D8%B3%D9%88%D8%A6%DB%8C%D8%B3-%D9%BE%D9%84%D8%A7%D8%B3-%D9%85%D8%AF%D9%84-je-822s/
آبمیوه گیری,گاستروبک,27800000,4,2,nan,84,جدا شونده,D:/آبمیوه گیری/image_36.jpg,https://www.digikala.com/product/dkp-3838538/%D8%A2%D8%A8%D9%85%DB%8C%D9%88%D9%87-%DA%AF%DB%8C%D8%B1%DB%8C-%DA%AF%D8%A7%D8%B3%D8%AA%D8%B1%D9%88%D8%A8%DA%A9-%D9%85%D8%AF%D9%84-40152/
آبمیوه گیری,نانیوا,3600000,4.1,1.25,nan,nan,nan,D:/آبمیوه گیری/image_37.jpg,https://www.digikala.com/product/dkp-5361807/%D8%A2%D8%A8%D9%85%DB%8C%D9%88%D9%87-%DA%AF%DB%8C%D8%B1%DB%8C-%D9%86%D8%A7%D9%86%DB%8C%D9%88%D8%A7-%D9%85%D8%AF%D9%84-mj-176nr/
آبمیوه گیری,دسینی,4600000,2.6,1.1,nan,75,nan,D:/آبمیوه گیری/image_38.jpg,https://www.digikala.com/product/dkp-474946/%D8%A2%D8%A8%D9%85%DB%8C%D9%88%D9%87-%DA%AF%DB%8C%D8%B1%DB%8C-%DA%86%D9%86%D8%AF-%DA%A9%D8%A7%D8%B1%D9%87-%D8%AF%D8%B3%DB%8C%D9%86%DB%8C-%D9%85%D8%AF%D9%84-222/
آبمیوه گیری,بلک اند دکر,3900000,4.5,nan,nan,nan,nan,D:/آبمیوه گیری/image_39.jpg,https://www.digikala.com/product/dkp-14374436/%D8%A2%D8%A8%D9%85%DB%8C%D9%88%D9%87-%DA%AF%DB%8C%D8%B1%DB%8C-%D8%A8%D9%84%DA%A9-%D8%A7%D9%86%D8%AF-%D8%AF%DA%A9%D8%B1-%D9%85%D8%AF%D9%84-sbx300/
آبمیوه گیری,براون,11693270,4.2,1.25,nan,75,دارای حجم 2,D:/آبمیوه گیری/image_40.jpg,https://www.digikala.com/product/dkp-100379/%D8%A2%D8%A8%D9%85%DB%8C%D9%88%D9%87-%DA%AF%DB%8C%D8%B1%DB%8C-%D8%A8%D8%B1%D8%A7%D9%88%D9%86-%D9%85%D8%AF%D9%84-j700/
آبمیوه گیری,گاستروبک,21900000,4.5,1.25,nan,84,nan,D:/آبمیوه گیری/image_41.jpg,https://www.digikala.com/product/dkp-4165071/%D8%A2%D8%A8%D9%85%DB%8C%D9%88%D9%87-%DA%AF%DB%8C%D8%B1%DB%8C-%DA%AF%D8%A7%D8%B3%D8%AA%D8%B1%D9%88%D8%A8%DA%A9-%D9%85%D8%AF%D9%84-40151/
آبمیوه گیری,گوسونیک,5589660,2.4,یک,nan,85,2  گنجایش,D:/آبمیوه گیری/image_42.jpg,https://www.digikala.com/product/dkp-16420455/%D8%A2%D8%A8%D9%85%DB%8C%D9%88%D9%87-%DA%AF%DB%8C%D8%B1%DB%8C-%DA%AF%D9%88%D8%B3%D9%88%D9%86%DB%8C%DA%A9-%D9%85%D8%AF%D9%84-gsj-805/
آبمیوه گیری,سوناشی,8800000,5,nan,nan,nan,nan,D:/آبمیوه گیری/image_43.jpg,https://www.digikala.com/product/dkp-12487990/%D8%A2%D8%A8%D9%85%DB%8C%D9%88%D9%87-%DA%AF%DB%8C%D8%B1%DB%8C-%D8%B3%D9%88%D9%86%D8%A7%D8%B4%DB%8C-%D9%85%D8%AF%D9%84-spj-505/
آبمیوه گیری,دسینی,4500000,4.6,1,nan,85,2,D:/آبمیوه گیری/image_44.jpg,https://www.digikala.com/product/dkp-3741456/%D8%A2%D8%A8%D9%85%DB%8C%D9%88%D9%87-%DA%AF%DB%8C%D8%B1%DB%8C-%D8%AF%D8%B3%DB%8C%D9%86%DB%8C-%D9%85%D8%AF%D9%84-ds-1100/
آبمیوه گیری,میگل,8280000,4.4,1,nan,85,دارای گنجایش 2,D:/آبمیوه گیری/image_45.jpg,https://www.digikala.com/product/dkp-2498280/%D8%A2%D8%A8%D9%85%DB%8C%D9%88%D9%87-%DA%AF%DB%8C%D8%B1%DB%8C-%D9%85%DB%8C%DA%AF%D9%84-%D9%85%D8%AF%D9%84-gpj-802/
آبمیوه گیری,مولینکس,7900000,4,nan,nan,nan,1.5 ی,D:/آبمیوه گیری/image_46.jpg,https://www.digikala.com/product/dkp-167922/%D8%A2%D8%A8%D9%85%DB%8C%D9%88%D9%87-%DA%AF%DB%8C%D8%B1%DB%8C-%D9%85%D9%88%D9%84%DB%8C%D9%86%DA%A9%D8%B3-%D9%85%D8%AF%D9%84-ju450/
آبمیوه گیری,سوئیس پلاس,5600000,5,nan,nan,nan,nan,D:/آبمیوه گیری/image_47.jpg,https://www.digikala.com/product/dkp-11786590/%D8%A2%D8%A8%D9%85%DB%8C%D9%88%D9%87-%DA%AF%DB%8C%D8%B1%DB%8C-%D8%B3%D9%88%D8%A6%DB%8C%D8%B3-%D9%BE%D9%84%D8%A7%D8%B3-%D9%85%D8%AF%D9%84-je-8420s/
آبمیوه گیری,تولیپس,4960000,4.3,2,nan,75,1.8,D:/آبمیوه گیری/image_48.jpg,https://www.digikala.com/product/dkp-4246419/%D8%A2%D8%A8%D9%85%DB%8C%D9%88%D9%87-%DA%AF%DB%8C%D8%B1%DB%8C-%D8%AA%D9%88%D9%84%DB%8C%D9%BE%D8%B3-%D9%85%D8%AF%D9%84-fj-480/
آبمیوه گیری,متفرقه,910000,2,nan,nan,nan,nan,D:/آبمیوه گیری/image_49.jpg,https://www.digikala.com/product/dkp-18030476/%D8%A2%D8%A8%D9%85%DB%8C%D9%88%D9%87-%DA%AF%DB%8C%D8%B1%DB%8C-%D9%85%D8%AF%D9%84-%D8%A2%D8%B3%D8%A7%D9%86%D8%B3%D9%88%D8%B1%DB%8C/
آبمیوه گیری,پاناسونیک,9100000,1,nan,nan,nan,nan,D:/آبمیوه گیری/image_50.jpg,https://www.digikala.com/product/dkp-14032541/%D8%A2%D8%A8%D9%85%DB%8C%D9%88%D9%87-%DA%AF%DB%8C%D8%B1%DB%8C-%D9%BE%D8%A7%D9%86%D8%A7%D8%B3%D9%88%D9%86%DB%8C%DA%A9-%D9%85%D8%AF%D9%84-mj-m176p/
آبمیوه گیری,پارس خزر,3200000,nan,0.7,nan,nan,دارای حجم 1.3,D:/آبمیوه گیری/image_51.jpg,https://www.digikala.com/product/dkp-17469875/%D8%A2%D8%A8%D9%85%DB%8C%D9%88%D9%87-%DA%AF%DB%8C%D8%B1%DB%8C-%D9%BE%D8%A7%D8%B1%D8%B3-%D8%AE%D8%B2%D8%B1-%D9%85%D8%AF%D9%84-%D8%A2%D9%88%D9%88%DA%A9%D8%A7%D8%AF%D9%88/
آبمیوه گیری,فلر,12000000,3,nan,nan,84,nan,D:/آبمیوه گیری/image_52.jpg,https://www.digikala.com/product/dkp-14452782/%D8%A2%D8%A8%D9%85%DB%8C%D9%88%D9%87-%DA%AF%DB%8C%D8%B1%DB%8C-%D9%81%D9%84%D8%B1-%D9%85%D8%AF%D9%84-pj1100/
آبمیوه گیری,روگن,6380000,4,1.1,nan,85 میلیمتر,nan,D:/آبمیوه گیری/image_53.jpg,https://www.digikala.com/product/dkp-10975546/%D8%A2%D8%A8%D9%85%DB%8C%D9%88%D9%87-%DA%AF%DB%8C%D8%B1%DB%8C-%D8%B1%D9%88%DA%AF%D9%86-%D9%85%D8%AF%D9%84-ru-1260/
آبمیوه گیری,ناسا الکتریک,6950000,4.5,1,nan,80 میلی,پلاستیکی,D:/آبمیوه گیری/image_54.jpg,https://www.digikala.com/product/dkp-9071944/%D8%A2%D8%A8%D9%85%DB%8C%D9%88%D9%87-%DA%AF%DB%8C%D8%B1%DB%8C-%D9%86%D8%A7%D8%B3%D8%A7-%D8%A7%D9%84%DA%A9%D8%AA%D8%B1%DB%8C%DA%A9-%D9%85%D8%AF%D9%84-ns-945/
آبمیوه گیری,دنور,4800000,4,1 ی,nan,70 میلیمتر,دارای مخزن 2 ی,D:/آبمیوه گیری/image_55.jpg,https://www.digikala.com/product/dkp-16951785/%D8%A2%D8%A8%D9%85%DB%8C%D9%88%D9%87-%DA%AF%DB%8C%D8%B1%DB%8C-%D8%AF%D9%86%D9%88%D8%B1-%D9%85%D8%AF%D9%84-dr-7799-power/
آبمیوه گیری,ویداس,3130000,3.4,nan,nan,nan,nan,D:/آبمیوه گیری/image_56.jpg,https://www.digikala.com/product/dkp-17525883/%D8%A2%D8%A8%D9%85%DB%8C%D9%88%D9%87-%DA%AF%DB%8C%D8%B1%DB%8C-%D9%88%DB%8C%D8%AF%D8%A7%D8%B3-%D9%85%D8%AF%D9%84-3605/
آبمیوه گیری,نانیوا,7000000,4.2,nan,nan,nan,nan,D:/آبمیوه گیری/image_57.jpg,https://www.digikala.com/product/dkp-5571007/%D8%A2%D8%A8%D9%85%DB%8C%D9%88%D9%87-%DA%AF%DB%8C%D8%B1%DB%8C-%D9%86%D8%A7%D9%86%DB%8C%D9%88%D8%A7-%D9%85%D8%AF%D9%84-nj-178/
آبمیوه گیری,متفرقه,19200000,4.3,nan,nan,nan,nan,D:/آبمیوه گیری/image_58.jpg,https://www.digikala.com/product/dkp-3824042/%D8%A2%D8%A8%D9%85%DB%8C%D9%88%D9%87-%DA%AF%DB%8C%D8%B1%DB%8C-%D9%85%D9%88%D8%AF%DA%A9%D8%B3-%D9%85%D8%AF%D9%84-sj595/
آبمیوه گیری,کنوود,6265200,4,0.85,nan,nan,nan,D:/آبمیوه گیری/image_59.jpg,https://www.digikala.com/product/dkp-3153771/%D8%A2%D8%A8-%D9%85%DB%8C%D9%88%D9%87-%DA%AF%DB%8C%D8%B1%DB%8C-%DA%A9%D9%86%D9%88%D9%88%D8%AF-%D9%85%D8%AF%D9%84-jep02/
آبمیوه گیری,براون,8900000,3.8,1.25,nan,75,دارای حجم 1.25,D:/آبمیوه گیری/image_60.jpg,https://www.digikala.com/product/dkp-100386/%D8%A2%D8%A8%D9%85%DB%8C%D9%88%D9%87-%DA%AF%DB%8C%D8%B1%DB%8C-%D8%A8%D8%B1%D8%A7%D9%88%D9%86-%D9%85%D8%AF%D9%84-j300/
آبمیوه گیری,گرین لاین,1650000,3.8,nan,nan,nan,nan,D:/آبمیوه گیری/image_61.jpg,https://www.digikala.com/product/dkp-17197418/%D8%A2%D8%A8%D9%85%DB%8C%D9%88%D9%87-%DA%AF%DB%8C%D8%B1%DB%8C-%DA%AF%D8%B1%DB%8C%D9%86-%D9%84%D8%A7%DB%8C%D9%86-%D9%85%D8%AF%D9%84-gnjetpls/
آبمیوه گیری,گوسونیک,4320000,3.8,1,nan,85 میلی متر,2,D:/آبمیوه گیری/image_62.jpg,https://www.digikala.com/product/dkp-17955853/%D8%A2%D8%A8%D9%85%DB%8C%D9%88%D9%87-%DA%AF%DB%8C%D8%B1%DB%8C-%DA%AF%D9%88%D8%B3%D9%88%D9%86%DB%8C%DA%A9-%D9%85%D8%AF%D9%84-gsj-803/
آبمیوه گیری,میگل,5570000,4.3,0.5,nan,75,2.5,D:/آبمیوه گیری/image_63.jpg,https://www.digikala.com/product/dkp-3967090/%D8%A2%D8%A8%D9%85%DB%8C%D9%88%D9%87-%DA%AF%DB%8C%D8%B1%DB%8C-%D9%85%DB%8C%DA%AF%D9%84-%D9%85%D8%AF%D9%84-gpj-180/
آبمیوه گیری,کنوود,6110200,4.2,0.85,nan,nan,nan,D:/آبمیوه گیری/image_64.jpg,https://www.digikala.com/product/dkp-8661674/%D8%A2%D8%A8%D9%85%DB%8C%D9%88%D9%87-%DA%AF%DB%8C%D8%B1%DB%8C-%DA%A9%D9%86%D9%88%D9%88%D8%AF-%D9%85%D8%AF%D9%84-jep02/
آبمیوه گیری,متفرقه,4365000,nan,nan,nan,nan,nan,D:/آبمیوه گیری/image_65.jpg,https://www.digikala.com/product/dkp-18073236/%D8%A2%D8%A8%D9%85%DB%8C%D9%88%D9%87-%DA%AF%DB%8C%D8%B1%DB%8C-%D8%A2-%D8%A7-%DA%AF-%D9%85%D8%AF%D9%84-ae-2250/
آبمیوه گیری,متفرقه,8740000,3.4,nan,nan,nan,nan,D:/آبمیوه گیری/image_66.jpg,https://www.digikala.com/product/dkp-11852223/%D8%A2%D8%A8%D9%85%DB%8C%D9%88%D9%87-%DA%AF%DB%8C%D8%B1%DB%8C-%D8%AF%D8%A7%D8%AA%DB%8C%D8%B3-%D9%85%D8%AF%D9%84-db-770/
آبمیوه گیری,آ ا گ,11400000,nan,nan,nan,nan,nan,D:/آبمیوه گیری/image_67.jpg,https://www.digikala.com/product/dkp-14314098/%D8%A2%D8%A8%D9%85%DB%8C%D9%88%D9%87-%DA%AF%DB%8C%D8%B1%DB%8C-%D8%A2-%D8%A7-%DA%AF-%D9%85%D8%AF%D9%84-ag-7008/
آبمیوه گیری,سوئیس پلاس,5700000,4,2.4,nan,nan,nan,D:/آبمیوه گیری/image_68.jpg,https://www.digikala.com/product/dkp-13072417/%D8%A2%D8%A8%D9%85%DB%8C%D9%88%D9%87-%DA%AF%DB%8C%D8%B1%DB%8C-%D8%B3%D9%88%D8%A6%DB%8C%D8%B3-%D9%BE%D9%84%D8%A7%D8%B3-%D9%85%D8%AF%D9%84-sje-8230d/
آبمیوه گیری,تکنو,5950000,4,0.85,nan,75,1.7 ی,D:/آبمیوه گیری/image_69.jpg,https://www.digikala.com/product/dkp-559783/%D8%A2%D8%A8%D9%85%DB%8C%D9%88%D9%87-%DA%AF%DB%8C%D8%B1%DB%8C-%D8%AA%DA%A9%D9%86%D9%88-%D9%85%D8%AF%D9%84-te-312/
آبمیوه گیری,کاراجا,8999000,5,nan,nan,nan,nan,D:/آبمیوه گیری/image_70.jpg,https://www.digikala.com/product/dkp-12792056/%D8%A2%D8%A8%D9%85%DB%8C%D9%88%D9%87-%DA%AF%DB%8C%D8%B1%DB%8C-%DA%A9%D8%A7%D8%B1%D8%A7%D8%AC%D8%A7-%D9%85%D8%AF%D9%84-%D8%A2%D9%86%D8%AA%D8%B1%D8%A7%D8%B3%DB%8C%D8%AA-%DA%A9%D8%AF-15301064893/
آبمیوه گیری,کنوود,8800000,3.5,nan,nan,nan,2 ی,D:/آبمیوه گیری/image_71.jpg,https://www.digikala.com/product/dkp-4924748/%D8%A2%D8%A8%D9%85%DB%8C%D9%88%D9%87-%DA%AF%DB%8C%D8%B1%DB%8C-%DA%A9%D9%86%D9%88%D9%88%D8%AF-%D9%85%D8%AF%D9%84-jem500ss/
آبمیوه گیری,نانیوا,3500000,4,nan,nan,nan,nan,D:/آبمیوه گیری/image_72.jpg,https://www.digikala.com/product/dkp-3174043/%D8%A2%D8%A8-%D9%85%DB%8C%D9%88%D9%87-%DA%AF%DB%8C%D8%B1%DB%8C-%D9%86%D8%A7%D9%86%DB%8C%D9%88%D8%A7-%D9%85%D8%AF%D9%84-176nr/
آبمیوه گیری,تکنو,3060000,nan,nan,nan,nan,nan,D:/آبمیوه گیری/image_73.jpg,https://www.digikala.com/product/dkp-17828153/%D8%A2%D8%A8%D9%85%DB%8C%D9%88%D9%87-%DA%AF%DB%8C%D8%B1%DB%8C-%D8%AA%DA%A9%D9%86%D9%88-%D9%85%D8%AF%D9%84-te-218/
آبمیوه گیری,متفرقه,4700000,4.3,1,nan,75,دارای مخزن 2.2,D:/آبمیوه گیری/image_74.jpg,https://www.digikala.com/product/dkp-2834070/%D8%A2%D8%A8-%D9%85%DB%8C%D9%88%D9%87-%DA%AF%DB%8C%D8%B1%DB%8C-%D9%88%D8%B1%D8%AF%D8%A7-%D9%85%D8%AF%D9%84-60/
آبمیوه گیری,مجیمیکس,46000000,nan,nan,nan,nan,nan,D:/آبمیوه گیری/image_75.jpg,https://www.digikala.com/product/dkp-14133848/%D8%A2%D8%A8%D9%85%DB%8C%D9%88%D9%87-%DA%AF%DB%8C%D8%B1%DB%8C-%D9%85%D8%AC%DB%8C%D9%85%DB%8C%DA%A9%D8%B3-%D9%85%D8%AF%D9%84-18082/
آبمیوه گیری,تکنو,5999000,3.4,1,nan,75 میلی‌متر,1.7,D:/آبمیوه گیری/image_76.jpg,https://www.digikala.com/product/dkp-7663306/%D8%A2%D8%A8%D9%85%DB%8C%D9%88%D9%87-%DA%AF%DB%8C%D8%B1%DB%8C-%D8%AA%DA%A9%D9%86%D9%88-%D9%85%D8%AF%D9%84-te-314/
آبمیوه گیری,تولیپس,5200000,4.7,nan,nan,nan,nan,D:/آبمیوه گیری/image_77.jpg,https://www.digikala.com/product/dkp-17696116/%D8%A2%D8%A8%D9%85%DB%8C%D9%88%D9%87-%DA%AF%DB%8C%D8%B1%DB%8C-%D8%AA%D9%88%D9%84%DB%8C%D9%BE%D8%B3-%D9%85%D8%AF%D9%84-fj-a-481/
آبمیوه گیری,تکنو,3390000,3.6,nan,nan,75,nan,D:/آبمیوه گیری/image_78.jpg,https://www.digikala.com/product/dkp-2178005/%D8%A2%D8%A8-%D9%85%DB%8C%D9%88%D9%87-%DA%AF%DB%8C%D8%B1%DB%8C-%D8%AA%DA%A9%D9%86%D9%88-%D9%85%D8%AF%D9%84-te-219/
آبمیوه گیری,ترام هاوس,3850000,4,1,nan,nan,nan,D:/آبمیوه گیری/image_79.jpg,https://www.digikala.com/product/dkp-15392224/%D8%A2%D8%A8%D9%85%DB%8C%D9%88%D9%87-%DA%AF%DB%8C%D8%B1%DB%8C-%D8%AA%D8%B1%D8%A7%D9%85-%D9%87%D8%A7%D9%88%D8%B3-%D9%85%D8%AF%D9%84-pj-45010d/
آبمیوه گیری,گرند,11400000,3.6,1,nan,85,دارای مخزن 2 ی تفاله,D:/آبمیوه گیری/image_80.jpg,https://www.digikala.com/product/dkp-934581/%D8%A2%D8%A8%D9%85%DB%8C%D9%88%D9%87-%DA%AF%DB%8C%D8%B1%DB%8C-%DA%AF%D8%B1%D9%86%D8%AF-%D9%85%D8%AF%D9%84-gr-1072/
آبمیوه گیری,آ ای سی اچ,3420000,nan,nan,nan,nan,nan,D:/آبمیوه گیری/image_81.jpg,https://www.digikala.com/product/dkp-15865417/%D8%A2%D8%A8%D9%85%DB%8C%D9%88%D9%87-%DA%AF%DB%8C%D8%B1%DB%8C-%D8%A2-%D8%A7%DB%8C-%D8%B3%DB%8C-%D8%A7%DA%86-%D9%85%D8%AF%D9%84-aec-h860/
آبمیوه گیری,سوئیس پلاس,5600000,nan,nan,nan,nan,nan,D:/آبمیوه گیری/image_82.jpg,https://www.digikala.com/product/dkp-14048197/%D8%A2%D8%A8%D9%85%DB%8C%D9%88%D9%87-%DA%AF%DB%8C%D8%B1%DB%8C-%D8%B3%D9%88%D8%A6%DB%8C%D8%B3-%D9%BE%D9%84%D8%A7%D8%B3-%D9%85%D8%AF%D9%84-je-8420s/
آبمیوه گیری,ارشیا,4300000,4,nan,nan,nan,nan,D:/آبمیوه گیری/image_83.jpg,https://www.digikala.com/product/dkp-8936865/%D8%A2%D8%A8%D9%85%DB%8C%D9%88%D9%87-%DA%AF%DB%8C%D8%B1%DB%8C-%D8%A7%D8%B1%D8%B4%DB%8C%D8%A7-%D9%85%D8%AF%D9%84-4-%DA%A9%D8%A7%D8%B1%D9%87/
آبمیوه گیری,متفرقه,4610000,nan,nan,nan,nan,nan,D:/آبمیوه گیری/image_84.jpg,https://www.digikala.com/product/dkp-14282967/%D8%A2%D8%A8%D9%85%DB%8C%D9%88%D9%87-%DA%AF%DB%8C%D8%B1%DB%8C-4%DA%A9%D8%A7%D8%B1%D9%87-%D9%85%D8%AF%D9%84-sr-j700/
آبمیوه گیری,ناسا الکتریک,7700000,4.3,nan,nan,nan,nan,D:/آبمیوه گیری/image_85.jpg,https://www.digikala.com/product/dkp-7441153/%D8%A2%D8%A8%D9%85%DB%8C%D9%88%D9%87-%DA%AF%DB%8C%D8%B1%DB%8C-%D9%86%D8%A7%D8%B3%D8%A7-%D8%A7%D9%84%DA%A9%D8%AA%D8%B1%DB%8C%DA%A9-%D9%85%D8%AF%D9%84-ns-946/
آبمیوه گیری,گرند,9500000,2.5,1,nan,85,دارای مخزن 2 ی تفاله,D:/آبمیوه گیری/image_86.jpg,https://www.digikala.com/product/dkp-934582/%D8%A2%D8%A8%D9%85%DB%8C%D9%88%D9%87-%DA%AF%DB%8C%D8%B1%DB%8C-%DA%AF%D8%B1%D9%86%D8%AF-%D9%85%D8%AF%D9%84-gr-1040/
آبمیوه گیری,جنرال پلاس,15200000,nan,nan,nan,nan,nan,D:/آبمیوه گیری/image_87.jpg,https://www.digikala.com/product/dkp-11915257/%D8%A2%D8%A8%D9%85%DB%8C%D9%88%D9%87-%DA%AF%DB%8C%D8%B1%DB%8C-%D8%AC%D9%86%D8%B1%D8%A7%D9%84-%D9%BE%D9%84%D8%A7%D8%B3-%D9%85%D8%AF%D9%84-ge-9845/
آبمیوه گیری,بلانتون,7640000,4.7,1,nan,عریض,2.4,D:/آبمیوه گیری/image_88.jpg,https://www.digikala.com/product/dkp-15307079/%D8%A2%D8%A8%D9%85%DB%8C%D9%88%D9%87-%DA%AF%DB%8C%D8%B1%DB%8C-%D8%A8%D9%84%D8%A7%D9%86%D8%AA%D9%88%D9%86-%D9%85%D8%AF%D9%84-bcr-ju2404/
آبمیوه گیری,سوئیس پلاس,5480000,4.3,nan,nan,nan,nan,D:/آبمیوه گیری/image_89.jpg,https://www.digikala.com/product/dkp-15073225/%D8%A2%D8%A8%D9%85%DB%8C%D9%88%D9%87-%DA%AF%DB%8C%D8%B1%DB%8C-%D8%B3%D9%88%D8%A6%DB%8C%D8%B3-%D9%BE%D9%84%D8%A7%D8%B3-%D9%85%D8%AF%D9%84-sje-8230d/
آبمیوه گیری,متفرقه,5830000,3.8,1,nan,75,nan,D:/آبمیوه گیری/image_90.jpg,https://www.digikala.com/product/dkp-2857734/%D8%A2%D8%A8%D9%85%DB%8C%D9%88%D9%87-%DA%AF%DB%8C%D8%B1%DB%8C-%D9%88%DB%8C%DA%A9%D9%86%D8%B2-%D9%85%D8%AF%D9%84-vic-985/
آبمیوه گیری,آیکو,11900000,nan,nan,nan,nan,nan,D:/آبمیوه گیری/image_91.jpg,https://www.digikala.com/product/dkp-15069958/%D8%A2%D8%A8%D9%85%DB%8C%D9%88%D9%87-%DA%AF%DB%8C%D8%B1%DB%8C-4-%DA%A9%D8%A7%D8%B1%D9%87-%D8%A2%DB%8C%DA%A9%D9%88-%D9%85%D8%AF%D9%84-ak122jc/
آبمیوه گیری,سیج,33000000,3,nan,nan,84 میلی متر,nan,D:/آبمیوه گیری/image_92.jpg,https://www.digikala.com/product/dkp-12147903/%D8%A2%D8%A8%D9%85%DB%8C%D9%88%D9%87-%DA%AF%DB%8C%D8%B1%DB%8C-%D8%B3%DB%8C%D8%AC-%D9%85%D8%AF%D9%84-bje410/
آبمیوه گیری,آزور,8800000,nan,nan,nan,80,nan,D:/آبمیوه گیری/image_93.jpg,https://www.digikala.com/product/dkp-13843237/%D8%A2%D8%A8%D9%85%DB%8C%D9%88%D9%87-%DA%AF%DB%8C%D8%B1%DB%8C-%D8%A2%D8%B2%D9%88%D8%B1-%D9%85%D8%AF%D9%84-az-222jc/
آبمیوه گیری,نانیوا,3800000,3.7,nan,nan,nan,nan,D:/آبمیوه گیری/image_94.jpg,https://www.digikala.com/product/dkp-3046070/%D8%A2%D8%A8%D9%85%DB%8C%D9%88%D9%87-%DA%AF%DB%8C%D8%B1%DB%8C-%D9%86%D8%A7%D9%86%DB%8C%D9%88%D8%A7-%D9%85%D8%AF%D9%84-mj-176nr/
آبمیوه گیری,باریتون,18850000,3,nan,nan,84 میلی متر,گنجایش 2 ی,D:/آبمیوه گیری/image_95.jpg,https://www.digikala.com/product/dkp-11295459/%D8%A2%D8%A8%D9%85%DB%8C%D9%88%D9%87-%DA%AF%DB%8C%D8%B1%DB%8C-%D8%A8%D8%A7%D8%B1%DB%8C%D8%AA%D9%88%D9%86-%D9%85%D8%AF%D9%84-bj-13004st/
آبمیوه گیری,باروکس,17150000,nan,nan,nan,75,تخلیه اتوماتیک تفاله در مخزن 2 ی,D:/آبمیوه گیری/image_96.jpg,https://www.digikala.com/product/dkp-15220473/%D8%A2%D8%A8%D9%85%DB%8C%D9%88%D9%87-%DA%AF%DB%8C%D8%B1%DB%8C-%D8%A8%D8%A7%D8%B1%D9%88%DA%A9%D8%B3-%D9%85%D8%AF%D9%84-jb-141/
آبمیوه گیری,ارشیا,3700000,nan,nan,nan,nan,nan,D:/آبمیوه گیری/image_97.jpg,https://www.digikala.com/product/dkp-7705128/%D8%A2%D8%A8%D9%85%DB%8C%D9%88%D9%87-%DA%AF%DB%8C%D8%B1%DB%8C-%D8%A7%D8%B1%D8%B4%DB%8C%D8%A7-%D9%85%D8%AF%D9%84-jb-6141a/
آبمیوه گیری,بلک اند دکر,6504300,4.3,1.7,nan,nan,nan,D:/آبمیوه گیری/image_98.jpg,https://www.digikala.com/product/dkp-4815832/%D8%A2%D8%A8%D9%85%DB%8C%D9%88%D9%87-%DA%AF%DB%8C%D8%B1%DB%8C-%D8%A8%D9%84%DA%A9-%D8%A7%D9%86%D8%AF-%D8%AF%DA%A9%D8%B1-%D9%85%D8%AF%D9%84-je800-b5/
آبمیوه گیری,سوئیس پلاس,3300000,nan,nan,nan,nan,nan,D:/آبمیوه گیری/image_99.jpg,https://www.digikala.com/product/dkp-14413018/%D8%A2%D8%A8%D9%85%DB%8C%D9%88%D9%87-%DA%AF%DB%8C%D8%B1%DB%8C-%D8%B3%D9%88%D8%A6%DB%8C%D8%B3-%D9%BE%D9%84%D8%A7%D8%B3-%D9%85%D8%AF%D9%84-sje-8210/
آبمیوه گیری,کوریزن,19500000,nan,nan,nan,nan,nan,D:/آبمیوه گیری/image_100.jpg,https://www.digikala.com/product/dkp-12311479/%D8%A2%D8%A8%D9%85%DB%8C%D9%88%D9%87-%DA%AF%DB%8C%D8%B1%DB%8C-%DA%A9%D9%88%D8%B1%DB%8C%D8%B2%D9%86-%D9%85%D8%AF%D9%84-ju-401/
آبمیوه گیری,unknown,8700000,nan,nan,nan,85 میلی متر,nan,D:/آبمیوه گیری/image_101.jpg,https://www.digikala.com/product/dkp-17512543/%D8%A2%D8%A8%D9%85%DB%8C%D9%88%D9%87-%DA%AF%DB%8C%D8%B1%DB%8C-%D8%A8%D9%84%DA%A9-%D8%A7%D9%86%D8%AF-%DA%A9%D9%88%DA%A9%D8%B1-%D9%85%D8%AF%D9%84-bc-js-767/
آبمیوه گیری,متفرقه,13600000,nan,nan,nan,nan,nan,D:/آبمیوه گیری/image_102.jpg,https://www.digikala.com/product/dkp-17299097/%D8%A2%D8%A8%D9%85%DB%8C%D9%88%D9%87-%DA%AF%DB%8C%D8%B1%DB%8C-%D9%85%D8%AF%D9%84-mes4010/
آبمیوه گیری,وسترن هاوس,23850000,nan,nan,nan,85 میلی‌متر,nan,D:/آبمیوه گیری/image_103.jpg,https://www.digikala.com/product/dkp-17288147/%D8%A2%D8%A8%D9%85%DB%8C%D9%88%D9%87-%DA%AF%DB%8C%D8%B1%DB%8C-%D9%88%D8%B3%D8%AA%D8%B1%D9%86-%D9%87%D8%A7%D9%88%D8%B3-%D9%85%D8%AF%D9%84-wju-4140/
آبمیوه گیری,جی پاس,4100000,2.4,nan,nan,nan,nan,D:/آبمیوه گیری/image_104.jpg,https://www.digikala.com/product/dkp-14202229/%D8%A2%D8%A8%D9%85%DB%8C%D9%88%D9%87-%DA%AF%DB%8C%D8%B1%DB%8C-%D8%AC%DB%8C-%D9%BE%D8%A7%D8%B3-%D9%85%D8%AF%D9%84-gsb6147n/
آبمیوه گیری,ساکس,5450000,nan,nan,nan,75 میلی متر,گنجایش 2,D:/آبمیوه گیری/image_105.jpg,https://www.digikala.com/product/dkp-15294364/%D8%A2%D8%A8%D9%85%DB%8C%D9%88%D9%87-%DA%AF%DB%8C%D8%B1%DB%8C-%D8%B3%D8%A7%DA%A9%D8%B3-%D9%85%D8%AF%D9%84-gt-mj5040/
آبمیوه گیری,ناسا الکتریک,7285000,nan,nan,nan,nan,2,D:/آبمیوه گیری/image_106.jpg,https://www.digikala.com/product/dkp-9005725/%D8%A2%D8%A8%D9%85%DB%8C%D9%88%D9%87-%DA%AF%DB%8C%D8%B1%DB%8C-%D9%86%D8%A7%D8%B3%D8%A7-%D8%A7%D9%84%DA%A9%D8%AA%D8%B1%DB%8C%DA%A9-%D9%85%D8%AF%D9%84-ns-945/
آبمیوه گیری,گرند,8400000,4.3,1,nan,85,دارای مخزن 2 ی تفاله,D:/آبمیوه گیری/image_107.jpg,https://www.digikala.com/product/dkp-934542/%D8%A2%D8%A8%D9%85%DB%8C%D9%88%D9%87-%DA%AF%DB%8C%D8%B1%DB%8C-%DA%AF%D8%B1%D9%86%D8%AF-%D9%85%D8%AF%D9%84-gr-1030/
آبمیوه گیری,مایدیا,5499900,3,1.25,nan,85,پلاستیکی,D:/آبمیوه گیری/image_108.jpg,https://www.digikala.com/product/dkp-506033/%D8%A2%D8%A8%D9%85%DB%8C%D9%88%D9%87-%DA%AF%DB%8C%D8%B1%DB%8C-%D9%85%D8%A7%DB%8C%D8%AF%DB%8C%D8%A7-%D9%85%D8%AF%D9%84-mj-60jm01b/
آبمیوه گیری,بیترون,5500000,3.6,nan,nan,75,2,D:/آبمیوه گیری/image_109.jpg,https://www.digikala.com/product/dkp-563686/%D8%A2%D8%A8%D9%85%DB%8C%D9%88%D9%87-%DA%AF%DB%8C%D8%B1%DB%8C-%D8%A8%D8%A7%DB%8C%D8%AA%D8%B1%D9%88%D9%86-%D9%85%D8%AF%D9%84-bam-800/
آبمیوه گیری,متفرقه,3990000,nan,nan,nan,84,nan,D:/آبمیوه گیری/image_110.jpg,https://www.digikala.com/product/dkp-13656651/%D8%A2%D8%A8%D9%85%DB%8C%D9%88%D9%87-%DA%AF%DB%8C%D8%B1%DB%8C-%DA%A9%D9%88%D9%85%D8%AA%D8%A7%DB%8C-%D9%85%D8%AF%D9%84-710/
آبمیوه گیری,جنرال پلاس,12598000,2,nan,nan,nan,nan,D:/آبمیوه گیری/image_111.jpg,https://www.digikala.com/product/dkp-11915474/%D8%A2%D8%A8%D9%85%DB%8C%D9%88%D9%87-%DA%AF%DB%8C%D8%B1%DB%8C-%D8%AC%D9%86%D8%B1%D8%A7%D9%84-%D9%BE%D9%84%D8%A7%D8%B3-%D9%85%D8%AF%D9%84-ge-9843/
آبمیوه گیری,آ ا گ,4350000,3,nan,nan,nan,nan,D:/آبمیوه گیری/image_112.jpg,https://www.digikala.com/product/dkp-14820978/%D8%A2%D8%A8%D9%85%DB%8C%D9%88%D9%87-%DA%AF%DB%8C%D8%B1%DB%8C-%D8%A2-%D8%A7-%DA%AF-%D9%85%D8%AF%D9%84-ae-b314/
آبمیوه گیری,نانیوا,5900000,2.6,nan,nan,nan,nan,D:/آبمیوه گیری/image_113.jpg,https://www.digikala.com/product/dkp-7580996/%D8%A2%D8%A8%D9%85%DB%8C%D9%88%D9%87-%DA%AF%DB%8C%D8%B1%DB%8C-%D9%86%D8%A7%D9%86%DB%8C%D9%88%D8%A7-%D9%85%D8%AF%D9%84-nsj-190/
آبمیوه گیری,رنه,14300000,nan,1.6,nan,85 میلی‌متر,گنجایش 3,D:/آبمیوه گیری/image_114.jpg,https://www.digikala.com/product/dkp-17592937/%D8%A2%D8%A8%D9%85%DB%8C%D9%88%D9%87-%DA%AF%DB%8C%D8%B1%DB%8C-%D8%B1%D9%86%D9%87-%D9%85%D8%AF%D9%84-rjb-1706/
آبمیوه گیری,رنه,12850000,nan,1.1,nan,85 میلی‌متر,2,D:/آبمیوه گیری/image_115.jpg,https://www.digikala.com/product/dkp-17592671/%D8%A2%D8%A8%D9%85%DB%8C%D9%88%D9%87-%DA%AF%DB%8C%D8%B1%DB%8C-%D8%B1%D9%86%D9%87-%D9%85%D8%AF%D9%84-rjb-1704/
آبمیوه گیری,وسترن هاوس,20900000,nan,nan,nan,85 میلی‌متر,nan,D:/آبمیوه گیری/image_116.jpg,https://www.digikala.com/product/dkp-17287661/%D8%A2%D8%A8%D9%85%DB%8C%D9%88%D9%87-%DA%AF%DB%8C%D8%B1%DB%8C-%D9%88%D8%B3%D8%AA%D8%B1%D9%86-%D9%87%D8%A7%D9%88%D8%B3-%D9%85%D8%AF%D9%84-wju-4120/
آبمیوه گیری,لونا,5250000,4,1,nan,7.5,nan,D:/آبمیوه گیری/image_117.jpg,https://www.digikala.com/product/dkp-11602364/%D8%A2%D8%A8%D9%85%DB%8C%D9%88%D9%87-%DA%AF%DB%8C%D8%B1%DB%8C-%D9%84%D9%88%D9%86%D8%A7-%D9%85%D8%AF%D9%84-503/
آبمیوه گیری,متفرقه,10700000,nan,nan,nan,nan,nan,D:/آبمیوه گیری/image_118.jpg,https://www.digikala.com/product/dkp-4084161/%D8%A2%D8%A8%D9%85%DB%8C%D9%88%D9%87-%DA%AF%DB%8C%D8%B1%DB%8C-%D9%85%D8%AF%D9%84-j500/
آبمیوه گیری,متفرقه,3750000,nan,nan,nan,nan,2.2,D:/آبمیوه گیری/image_119.jpg,https://www.digikala.com/product/dkp-18256788/%D8%A2%D8%A8%D9%85%DB%8C%D9%88%D9%87-%DA%AF%DB%8C%D8%B1%DB%8C-%DA%A9%D8%A7%D8%B2%D9%88%DA%A9%DB%8C-%D9%85%D8%AF%D9%84-%D8%AA%DA%A9-%DA%A9%D8%A7%D8%B1%D9%87/
آبمیوه گیری,ترام هاوس,5500000,nan,1,nan,85 میلمتر,دارای ظرفیت 2.4,D:/آبمیوه گیری/image_120.jpg,https://www.digikala.com/product/dkp-17009172/%D8%A2%D8%A8%D9%85%DB%8C%D9%88%D9%87-%DA%AF%DB%8C%D8%B1%DB%8C-%D8%AA%D8%B1%D8%A7%D9%85-%D9%87%D8%A7%D9%88%D8%B3-%D9%85%D8%AF%D9%84-pj-45802d/
آبمیوه گیری,سان لوکس,5950000,3.1,دارای مخزن 1 ی,nan,nan,دارای مخزن,D:/آبمیوه گیری/image_121.jpg,https://www.digikala.com/product/dkp-10509574/%D8%A2%D8%A8%D9%85%DB%8C%D9%88%D9%87-%DA%AF%DB%8C%D8%B1%DB%8C-%D8%B3%D8%A7%D9%86-%D9%84%D9%88%DA%A9%D8%B3-%D9%85%D8%AF%D9%84-jb-400-ss/
آبمیوه گیری,ناسا الکتریک,6180000,4.5,nan,nan,یک سیب کامل,nan,D:/آبمیوه گیری/image_122.jpg,https://www.digikala.com/product/dkp-7605332/%D8%A2%D8%A8%D9%85%DB%8C%D9%88%D9%87-%DA%AF%DB%8C%D8%B1%DB%8C-%D9%86%D8%A7%D8%B3%D8%A7-%D8%A7%D9%84%DA%A9%D8%AA%D8%B1%DB%8C%DA%A9-%D9%85%D8%AF%D9%84-ns-947/
آبمیوه گیری,تولیپس,5000000,nan,nan,nan,nan,nan,D:/آبمیوه گیری/image_123.jpg,https://www.digikala.com/product/dkp-17696075/%D8%A2%D8%A8%D9%85%DB%8C%D9%88%D9%87-%DA%AF%DB%8C%D8%B1%DB%8C-%D8%AA%D9%88%D9%84%DB%8C%D9%BE%D8%B3-%D9%85%D8%AF%D9%84-fj-a480/
آبمیوه گیری,گرین لاین,5960000,nan,nan,nan,nan,nan,D:/آبمیوه گیری/image_124.jpg,https://www.digikala.com/product/dkp-17108757/%D8%A2%D8%A8%D9%85%DB%8C%D9%88%D9%87-%DA%AF%DB%8C%D8%B1%DB%8C-%DA%AF%D8%B1%DB%8C%D9%86-%D9%84%D8%A7%DB%8C%D9%86-%D9%85%D8%AF%D9%84-gnsljucr/
آبمیوه گیری,بیشل,5799000,3.5,nan,nan,nan,nan,D:/آبمیوه گیری/image_125.jpg,https://www.digikala.com/product/dkp-7346310/%D8%A2%D8%A8%D9%85%DB%8C%D9%88%D9%87-%DA%AF%DB%8C%D8%B1%DB%8C-%D8%A8%DB%8C%D8%B4%D9%84-%D9%85%D8%AF%D9%84-bl-fp-012/
آبمیوه گیری,ناسا الکتریک,10470560,nan,nan,nan,85 میلی متر,ظرفیت 2,D:/آبمیوه گیری/image_126.jpg,https://www.digikala.com/product/dkp-17865565/%D8%A2%D8%A8%D9%85%DB%8C%D9%88%D9%87-%DA%AF%DB%8C%D8%B1%DB%8C-%D9%86%D8%A7%D8%B3%D8%A7-%D8%A7%D9%84%DA%A9%D8%AA%D8%B1%DB%8C%DA%A9-%D9%85%D8%AF%D9%84-ns-915/
آبمیوه گیری,جی پاس,6200000,3,1,nan,nan,2,D:/آبمیوه گیری/image_127.jpg,https://www.digikala.com/product/dkp-3623327/%D8%A2%D8%A8%D9%85%DB%8C%D9%88%D9%87-%DA%AF%DB%8C%D8%B1%DB%8C-%D8%AC%DB%8C-%D9%BE%D8%A7%D8%B3-%D9%85%D8%AF%D9%84-gsb5451/
آبمیوه گیری,دلمونتی,8500000,nan,nan,nan,nan,nan,D:/آبمیوه گیری/image_128.jpg,https://www.digikala.com/product/dkp-16542275/%D8%A2%D8%A8%D9%85%DB%8C%D9%88%D9%87-%DA%AF%DB%8C%D8%B1%DB%8C-%D8%AF%D9%84%D9%85%D9%88%D9%86%D8%AA%DB%8C-%D9%85%D8%AF%D9%84-dl700/
آبمیوه گیری,هیلداکس,9900000,5,nan,nan,nan,nan,D:/آبمیوه گیری/image_129.jpg,https://www.digikala.com/product/dkp-14495895/%D8%A2%D8%A8%D9%85%DB%8C%D9%88%D9%87-%DA%AF%DB%8C%D8%B1%DB%8C-%D9%87%DB%8C%D9%84%D8%AF%D8%A7%DA%A9%D8%B3-%D9%85%D8%AF%D9%84-hd-6005jb/
آبمیوه گیری,وسترن هاوس,19250000,nan,nan,nan,85 میلی‌متر,nan,D:/آبمیوه گیری/image_130.jpg,https://www.digikala.com/product/dkp-17288259/%D8%A2%D8%A8%D9%85%DB%8C%D9%88%D9%87-%DA%AF%DB%8C%D8%B1%DB%8C-%D9%88%D8%B3%D8%AA%D8%B1%D9%86-%D9%87%D8%A7%D9%88%D8%B3-%D9%85%D8%AF%D9%84-wju-4130/
آبمیوه گیری,فکر,7000000,4.7,1.5,nan,nan,2,D:/آبمیوه گیری/image_131.jpg,https://www.digikala.com/product/dkp-2637856/%D8%A2%D8%A8-%D9%85%DB%8C%D9%88%D9%87-%DA%AF%DB%8C%D8%B1%DB%8C-%D9%81%DA%A9%D8%B1-%D9%85%D8%AF%D9%84-juice-max/
آبمیوه گیری,متفرقه,4250000,5,nan,nan,75 میلی متر,2 ی,D:/آبمیوه گیری/image_132.jpg,https://www.digikala.com/product/dkp-708949/%D8%A2%D8%A8%D9%85%D9%8A%D9%88%D9%87-%DA%AF%D9%8A%D8%B1%D9%8A-%D8%AA%D9%83-%D9%83%D8%A7%D8%B1%D9%87-%D9%86%D8%A7%D8%B3%D8%A7-%D8%A7%D9%84%D9%83%D8%AA%D8%B1%D9%8A%D9%83-%D9%85%D8%AF%D9%84-ns-918/
آبمیوه گیری,تولیپس,4700000,nan,nan,nan,nan,nan,D:/آبمیوه گیری/image_133.jpg,https://www.digikala.com/product/dkp-17696040/%D8%A2%D8%A8%D9%85%DB%8C%D9%88%D9%87-%DA%AF%DB%8C%D8%B1%DB%8C-%D8%AA%D9%88%D9%84%DB%8C%D9%BE%D8%B3-%D9%85%D8%AF%D9%84-fj-479/
آبمیوه گیری,راف,5299000,nan,1.2,nan,75میلی,nan,D:/آبمیوه گیری/image_134.jpg,https://www.digikala.com/product/dkp-16081284/%D8%A2%D8%A8%D9%85%DB%8C%D9%88%D9%87-%DA%AF%DB%8C%D8%B1%DB%8C-%D8%B1%D8%A7%D9%81-%D9%85%D8%AF%D9%84-2830/
آبمیوه گیری,لونا,7650000,5,1,nan,7.5,nan,D:/آبمیوه گیری/image_135.jpg,https://www.digikala.com/product/dkp-11396496/%D8%A2%D8%A8%D9%85%DB%8C%D9%88%D9%87-%DA%AF%DB%8C%D8%B1%DB%8C-%D9%86%D9%87-%DA%A9%D8%A7%D8%B1%D9%87-%D9%84%D9%88%D9%86%D8%A7-%D9%85%D8%AF%D9%84-505/
آبمیوه گیری,زنیت,9700000,nan,یک,nan,nan,nan,D:/آبمیوه گیری/image_136.jpg,https://www.digikala.com/product/dkp-17615678/%D8%A2%D8%A8%D9%85%DB%8C%D9%88%D9%87-%DA%AF%DB%8C%D8%B1%DB%8C-%D8%B2%D9%86%DB%8C%D8%AA-%D9%85%D8%AF%D9%84-zjb-1435/
آبمیوه گیری,ایفل,11600000,nan,nan,nan,nan,nan,D:/آبمیوه گیری/image_137.jpg,https://www.digikala.com/product/dkp-16006075/%D8%A2%D8%A8%D9%85%DB%8C%D9%88%D9%87-%DA%AF%DB%8C%D8%B1%DB%8C-%D8%A7%DB%8C%D9%81%D9%84-%D9%85%D8%AF%D9%84-el-3788jc/
آبمیوه گیری,متفرقه,5500000,5,10,nan,75,ظرف بزرگ تفاله گیر به حجم 2,D:/آبمیوه گیری/image_138.jpg,https://www.digikala.com/product/dkp-203371/%D8%A2%D8%A8-%D9%85%DB%8C%D9%88%D9%87%DA%AF%DB%8C%D8%B1%DB%8C-%DA%A9%D9%84%D8%AA%D8%B1%D9%88%D9%86%DB%8C%DA%A9-%D9%85%D8%AF%D9%84-ae-3532/
آبمیوه گیری,متفرقه,4300000,nan,1,nan,nan,nan,D:/آبمیوه گیری/image_139.jpg,https://www.digikala.com/product/dkp-2145194/%D8%A2%D8%A8%D9%85%DB%8C%D9%88%D9%87-%DA%AF%DB%8C%D8%B1%DB%8C-%DA%A9%D9%BE%D9%84%D8%B1-%D9%85%D8%AF%D9%84-kpj-770/
آبمیوه گیری,برلین,9900000,nan,600 میلی,nan,10 سانت,ظرف مخصوص جدا در پشت دستگاه,D:/آبمیوه گیری/image_140.jpg,https://www.digikala.com/product/dkp-17706157/%D8%A2%D8%A8%D9%85%DB%8C%D9%88%D9%87-%DA%AF%DB%8C%D8%B1%DB%8C-%D8%A8%D8%B1%D9%84%DB%8C%D9%86-%D9%85%D8%AF%D9%84-bg-1161/
آبمیوه گیری,بلانتون,5710000,5,1,nan,nan,2.4,D:/آبمیوه گیری/image_141.jpg,https://www.digikala.com/product/dkp-15320611/%D8%A2%D8%A8%D9%85%DB%8C%D9%88%D9%87-%DA%AF%DB%8C%D8%B1%DB%8C-%D8%A8%D9%84%D8%A7%D9%86%D8%AA%D9%88%D9%86-%D9%85%D8%AF%D9%84-bcr-ju1110/
آبمیوه گیری,هیلتون,11700000,nan,nan,nan,nan,nan,D:/آبمیوه گیری/image_142.jpg,https://www.digikala.com/product/dkp-15818021/%D8%A2%D8%A8%D9%85%DB%8C%D9%88%D9%87-%DA%AF%DB%8C%D8%B1%DB%8C-%D9%87%DB%8C%D9%84%D8%AA%D9%88%D9%86-%D9%85%D8%AF%D9%84-hl-4670jc/
آبمیوه گیری,فیشر,10760000,nan,نیم,nan,بزرگ,باکس فایبر با کیفیت,D:/آبمیوه گیری/image_143.jpg,https://www.digikala.com/product/dkp-15111795/%D8%A2%D8%A8%D9%85%DB%8C%D9%88%D9%87-%DA%AF%DB%8C%D8%B1%DB%8C-%D9%81%DB%8C%D8%B4%D8%B1-%D9%85%D8%AF%D9%84-fjb1270-4%DA%A9%D8%A7%D8%B1%D9%87/
آبمیوه گیری,تولیپس,4700000,nan,nan,nan,nan,nan,D:/آبمیوه گیری/image_144.jpg,https://www.digikala.com/product/dkp-18115399/%D8%A2%D8%A8%D9%85%DB%8C%D9%88%D9%87-%DA%AF%DB%8C%D8%B1%DB%8C-%D8%AA%D9%88%D9%84%DB%8C%D9%BE%D8%B3-%D9%85%D8%AF%D9%84-fj-479/
آبمیوه گیری,ناسا الکتریک,7660000,3.5,1.2,nan,nan,nan,D:/آبمیوه گیری/image_145.jpg,https://www.digikala.com/product/dkp-734519/%D8%A2%D8%A8%D9%85%DB%8C%D9%88%D9%87-%DA%AF%DB%8C%D8%B1%DB%8C-%D9%86%D8%A7%D8%B3%D8%A7-%D8%A7%D9%84%DA%A9%D8%AA%D8%B1%DB%8C%DA%A9-%D9%85%D8%AF%D9%84-ns-917/
آبمیوه گیری,لاریزو,8700000,nan,nan,nan,nan,nan,D:/آبمیوه گیری/image_146.jpg,https://www.digikala.com/product/dkp-17193674/%D8%A2%D8%A8%D9%85%DB%8C%D9%88%D9%87-%DA%AF%DB%8C%D8%B1%DB%8C-%D9%84%D8%A7%D8%B1%DB%8C%D8%B2%D9%88-%D9%85%D8%AF%D9%84-1270/
آبمیوه گیری,دلمونتی,7275000,nan,nan,nan,nan,nan,D:/آبمیوه گیری/image_147.jpg,https://www.digikala.com/product/dkp-18097645/%D8%A2%D8%A8%D9%85%DB%8C%D9%88%D9%87-%DA%AF%DB%8C%D8%B1%DB%8C-%D8%AF%D9%84%D9%85%D9%88%D9%86%D8%AA%DB%8C-%D9%85%D8%AF%D9%84-d-720/
آبمیوه گیری,ساپر,6850000,nan,nan,nan,nan,nan,D:/آبمیوه گیری/image_148.jpg,https://www.digikala.com/product/dkp-11391447/%D8%A2%D8%A8%D9%85%D9%8A%D9%88%D9%87-%DA%AF%D9%8A%D8%B1%D9%8A-4-%D9%83%D8%A7%D8%B1%D9%87-%D8%B3%D8%A7%D9%BE%D8%B1-%D9%85%D8%AF%D9%84-sjbg-5800/
آبمیوه گیری,فیشر,10350000,nan,نیم,nan,بزرگ,باکس فایبر با کیفیت,D:/آبمیوه گیری/image_149.jpg,https://www.digikala.com/product/dkp-15111755/%D8%A2%D8%A8%D9%85%DB%8C%D9%88%D9%87-%DA%AF%DB%8C%D8%B1%DB%8C-%D9%81%DB%8C%D8%B4%D8%B1-%D9%85%D8%AF%D9%84-fjc1271/
آبمیوه گیری,لایق,3660000,nan,nan,nan,nan,nan,D:/آبمیوه گیری/image_150.jpg,https://www.digikala.com/product/dkp-16710039/%D8%A2%D8%A8%D9%85%DB%8C%D9%88%D9%87-%DA%AF%DB%8C%D8%B1%DB%8C-%D9%84%D8%A7%DB%8C%D9%82-%D9%85%D8%AF%D9%84-lje-01/
آبمیوه گیری,متفرقه,4400000,nan,1.1,nan,nan,nan,D:/آبمیوه گیری/image_151.jpg,https://www.digikala.com/product/dkp-2911084/%D8%A2%D8%A8%D9%85%DB%8C%D9%88%D9%87-%DA%AF%DB%8C%D8%B1%DB%8C-%D8%AA%DB%8C%D9%84%DB%8C%D9%88%D9%86%DB%8C%DA%A9%D8%B3-%D9%85%D8%AF%D9%84-tje3799/
آبمیوه گیری,گرند,9759000,nan,nan,nan,nan,nan,D:/آبمیوه گیری/image_152.jpg,https://www.digikala.com/product/dkp-17463473/%D8%A2%D8%A8%D9%85%DB%8C%D9%88%D9%87-%DA%AF%DB%8C%D8%B1%DB%8C-%DA%AF%D8%B1%D9%86%D8%AF-%D9%85%D8%AF%D9%84-gr-1082/
آبمیوه گیری,ساپر,4200000,nan,nan,nan,nan,nan,D:/آبمیوه گیری/image_153.jpg,https://www.digikala.com/product/dkp-4128283/%D8%A2%D8%A8%D9%85%DB%8C%D9%88%D9%87-%DA%AF%DB%8C%D8%B1%DB%8C-%D8%B3%D8%A7%D9%BE%D8%B1-%D9%85%D8%AF%D9%84-3080/
آبمیوه گیری,ادمیلسون,6371810,3,nan,nan,75 میلی متر,گنجایش مخزن تفاله 1.8,D:/آبمیوه گیری/image_154.jpg,https://www.digikala.com/product/dkp-13600744/%D8%A2%D8%A8%D9%85%DB%8C%D9%88%D9%87-%DA%AF%DB%8C%D8%B1%DB%8C-%D8%A7%D8%AF%D9%85%DB%8C%D9%84%D8%B3%D9%88%D9%86-%D9%85%D8%AF%D9%84-ju617/
آبمیوه گیری,ترام هاوس,3500000,2,1,nan,85 میلی‌متر,nan,D:/آبمیوه گیری/image_155.jpg,https://www.digikala.com/product/dkp-15502543/%D8%A2%D8%A8%D9%85%DB%8C%D9%88%D9%87-%DA%AF%DB%8C%D8%B1%DB%8C-%D8%AA%D8%B1%D8%A7%D9%85-%D9%87%D8%A7%D9%88%D8%B3-%D9%85%D8%AF%D9%84-pj-45040/
آبمیوه گیری,رومانتیک هوم,4987000,3.8,nan,nan,nan,nan,D:/آبمیوه گیری/image_156.jpg,https://www.digikala.com/product/dkp-1770766/%D8%A2%D8%A8%D9%85%DB%8C%D9%88%D9%87-%DA%AF%DB%8C%D8%B1%DB%8C-%D8%B1%D9%85%D8%A7%D9%86%D8%AA%DB%8C%DA%A9-%D9%87%D9%88%D9%85-%D9%85%D8%AF%D9%84-fun70/
آبمیوه گیری,بیشل,5000000,nan,nan,nan,14,nan,D:/آبمیوه گیری/image_157.jpg,https://www.digikala.com/product/dkp-8799374/%D8%A2%D8%A8%D9%85%DB%8C%D9%88%D9%87-%DA%AF%DB%8C%D8%B1%DB%8C-%D8%A8%DB%8C%D8%B4%D9%84-%D9%85%D8%AF%D9%84-bl-jc-006/
آبمیوه گیری,بیشل,6900000,nan,nan,nan,nan,nan,D:/آبمیوه گیری/image_158.jpg,https://www.digikala.com/product/dkp-1089651/%D8%A2%D8%A8%D9%85%DB%8C%D9%88%D9%87-%DA%AF%DB%8C%D8%B1%DB%8C-%D8%A8%DB%8C%D8%B4%D9%84-%D9%85%D8%AF%D9%84-bl-fp-011/
آبمیوه گیری,سوپر کاسا,5292000,nan,1,nan,85 میلی متر,2,D:/آبمیوه گیری/image_159.jpg,https://www.digikala.com/product/dkp-17890957/%D8%A2%D8%A8%D9%85%DB%8C%D9%88%D9%87-%DA%AF%DB%8C%D8%B1%DB%8C-%D8%B3%D9%88%D9%BE%D8%B1-%DA%A9%D8%A7%D8%B3%D8%A7-%D9%85%D8%AF%D9%84-ca-520/
آبمیوه گیری,متفرقه,8500000,2.9,700 میلی,nan,75 میلی متر,nan,D:/آبمیوه گیری/image_160.jpg,https://www.digikala.com/product/dkp-15002215/%D8%A2%D8%A8%D9%85%DB%8C%D9%88%D9%87-%DA%AF%DB%8C%D8%B1%DB%8C-%D9%86%D8%A7%D9%86%D8%A7%D9%86%DB%8C-%D9%85%D8%AF%D9%84-nkm-041/
آبمیوه گیری,سونیفر,9200000,nan,nan,nan,84 میلی متر,nan,D:/آبمیوه گیری/image_161.jpg,https://www.digikala.com/product/dkp-15032737/%D8%A2%D8%A8%D9%85%DB%8C%D9%88%D9%87-%DA%AF%DB%8C%D8%B1%DB%8C-%D8%B3%D9%88%D9%86%DB%8C%D9%81%D8%B1-%D9%85%D8%AF%D9%84-sf-5536/
آبمیوه گیری,تولیپس,4900000,nan,nan,nan,nan,nan,D:/آبمیوه گیری/image_162.jpg,https://www.digikala.com/product/dkp-17275336/%D8%A2%D8%A8%D9%85%DB%8C%D9%88%D9%87-%DA%AF%DB%8C%D8%B1%DB%8C-%D8%AA%D9%88%D9%84%DB%8C%D9%BE%D8%B3-%D9%85%D8%AF%D9%84-fj-479/
آبمیوه گیری,ترام هاوس,5950000,nan,nan,nan,85 میلمتر,با ظرفیت 2,D:/آبمیوه گیری/image_163.jpg,https://www.digikala.com/product/dkp-17008919/%D8%A2%D8%A8%D9%85%DB%8C%D9%88%D9%87-%DA%AF%DB%8C%D8%B1%DB%8C-%D8%AA%D8%B1%D8%A7%D9%85-%D9%87%D8%A7%D9%88%D8%B3-%D9%85%D8%AF%D9%84-pj-45801s/
آبمیوه گیری,آی کیو,12800000,nan,nan,nan,nan,nan,D:/آبمیوه گیری/image_164.jpg,https://www.digikala.com/product/dkp-18266424/%D8%A2%D8%A8%D9%85%DB%8C%D9%88%D9%87%DA%AF%DB%8C%D8%B1%DB%8C-%D8%A2%DB%8C-%DA%A9%DB%8C%D9%88-%D9%85%D8%AF%D9%84-ij-102jb/
آبمیوه گیری,سنکور,9804000,nan,1,nan,75,2  گنجایش دارد,D:/آبمیوه گیری/image_165.jpg,https://www.digikala.com/product/dkp-3240976/%D8%A2%D8%A8-%D9%85%DB%8C%D9%88%D9%87-%DA%AF%DB%8C%D8%B1%DB%8C-%D8%B3%D9%86%DA%A9%D9%88%D8%B1-%D9%85%D8%AF%D9%84-sje-5050ss/
آبمیوه گیری,برلین,6985000,4,1,nan,10,مخزن جدا شونده,D:/آبمیوه گیری/image_166.jpg,https://www.digikala.com/product/dkp-15315325/%D8%A2%D8%A8%D9%85%DB%8C%D9%88%D9%87-%DA%AF%DB%8C%D8%B1%DB%8C-%D8%A8%D8%B1%D9%84%DB%8C%D9%86-%D9%85%D8%AF%D9%84-bg-1152/
آبمیوه گیری,هنریچ,7500000,nan,1.1,nan,8,مخزن جدا,D:/آبمیوه گیری/image_167.jpg,https://www.digikala.com/product/dkp-12794902/%D8%A2%D8%A8%D9%85%DB%8C%D9%88%D9%87-%DA%AF%DB%8C%D8%B1%DB%8C-%D9%87%D9%86%D8%B1%DB%8C%DA%86-%D9%85%D8%AF%D9%84-hpj-8697/
آبمیوه گیری,سی وی اس,3280000,4,1.5,nan,nan,nan,D:/آبمیوه گیری/image_168.jpg,https://www.digikala.com/product/dkp-13987117/%D8%A2%D8%A8%D9%85%DB%8C%D9%88%D9%87-%DA%AF%DB%8C%D8%B1%DB%8C-%D8%B3%DB%8C-%D9%88%DB%8C-%D8%A7%D8%B3-%D9%85%D8%AF%D9%84-dn-2224/
آبمیوه گیری,کوریزن,9600000,nan,nan,nan,nan,nan,D:/آبمیوه گیری/image_169.jpg,https://www.digikala.com/product/dkp-12311396/%D8%A2%D8%A8%D9%85%DB%8C%D9%88%D9%87-%DA%AF%DB%8C%D8%B1%DB%8C-%DA%A9%D9%88%D8%B1%DB%8C%D8%B2%D9%86-%D9%85%D8%AF%D9%84-ju-400/
آبمیوه گیری,ماتسو,5200000,2.5,0.5,nan,65 میلیمتر,مخزن تفاله گیر با ظرفیت 1.5,D:/آبمیوه گیری/image_170.jpg,https://www.digikala.com/product/dkp-16134958/%D8%A2%D8%A8%D9%85%DB%8C%D9%88%D9%87-%DA%AF%DB%8C%D8%B1%DB%8C-%D9%85%D8%A7%D8%AA%D8%B3%D9%88-%D9%85%D8%AF%D9%84-ma-615/
