category,brand,price,rating,type,energy_rating,height,width,depth,fridge_shelves,freezer_shelves,total_capacity,image_path,product_url
یخچال,ایستکول,8546700,4.3,یخچال و فریزر سایز مینی,A,80.0,44,53.0,3.0,1.0,89.0,D:/یخچال/image_1.jpg,https://www.digikala.com/product/dkp-15114329/%DB%8C%D8%AE%DA%86%D8%A7%D9%84-5-%D9%81%D9%88%D8%AA-%D8%A7%DB%8C%D8%B3%D8%AA%DA%A9%D9%88%D9%84-%D9%85%D8%AF%D9%84-2835-%D8%A8%D8%A7-%D8%A7%D8%B1%D8%AA%D9%81%D8%A7%D8%B9-80-%D9%BE%D9%87%D9%86%D8%A7%DB%8C-44-%D9%88-%D8%B9%D9%85%D9%82-53-%D8%B3%D8%A7%D9%86%D8%AA%DB%8C-%D9%85%D8%AA%D8%B1-%D9%85%DB%8C%D8%B2%D8%A7%D9%86-%D9%85%D8%B5%D8%B1%D9%81-%D8%A7%D9%86%D8%B1%DA%98%DB%8C-a-%D8%AF%D8%A7%D8%B1%D8%A7%DB%8C-3-%D8%B7%D8%A8%D9%82%D9%87-%D8%AF%D8%B1-%DB%8C%D8%AE%DA%86%D8%A7%D9%84-%D9%88-1-%D8%B7%D8%A8%D9%82%D9%87-%D8%AF%D8%B1-%D9%81%D8%B1%DB%8C%D8%B2%D8%B1-%D8%AF%D8%A7%D8%B1%D8%A7%DB%8C-%D8%B3%DB%8C%D8%B3%D8%AA%D9%85-%D8%AF%DB%8C%D9%81%D8%B1%D8%A7%D8%B3%D8%AA/
یخچال,ایکس ویژن,43600000,4.4,ساید بای ساید,A,176.8,92,63.0,5.0,5.0,551.0,D:/یخچال/image_2.jpg,https://www.digikala.com/product/dkp-13300418/%DB%8C%D8%AE%DA%86%D8%A7%D9%84-%D9%88-%D9%81%D8%B1%DB%8C%D8%B2%D8%B1-%D8%B3%D8%A7%DB%8C%D8%AF-%D8%A8%D8%A7%DB%8C-%D8%B3%D8%A7%DB%8C%D8%AF-28-%D9%81%D9%88%D8%AA-%D8%A7%DB%8C%DA%A9%D8%B3-%D9%88%DB%8C%DA%98%D9%86-%D9%85%D8%AF%D9%84-ts552-awdasd/
یخچال,ایکس ویژن,28905330,4.4,یخچال و فریزر مدل فریزر بالا (TMF),A+,185.0,66,84.0,4.0,2.0,534.0,D:/یخچال/image_3.jpg,https://www.digikala.com/product/dkp-11767263/%DB%8C%D8%AE%DA%86%D8%A7%D9%84-%D9%81%D8%B1%DB%8C%D8%B2%D8%B1-26-%D9%81%D9%88%D8%AA-%D8%A7%DB%8C%DA%A9%D8%B3-%D9%88%DB%8C%DA%98%D9%86-%D9%85%D8%AF%D9%84-tt582-awdas-%D8%AF%D8%A7%D8%B1%D8%A7%DB%8C-%D8%A2%D8%A8%D8%B3%D8%B1%D8%AF%DA%A9%D9%86-%D9%88-%DB%8C%D8%AE%D8%B3%D8%A7%D8%B2-%D9%86%DB%8C%D9%85%D9%87-%D8%A7%D8%AA%D9%88%D9%85%D8%A7%D8%AA%DB%8C%DA%A9-%D8%A8%D8%A7-%D8%A7%D8%B1%D8%AA%D9%81%D8%A7%D8%B9-185-%D9%BE%D9%87%D9%86%D8%A7%DB%8C-66-%D9%88-%D8%B9%D9%85%D9%82-84-%D8%B3%D8%A7%D9%86%D8%AA%DB%8C-%D9%85%D8%AA%D8%B1-%D9%85%DB%8C%D8%B2%D8%A7%D9%86-%D9%85%D8%B5%D8%B1%D9%81-%D8%A7%D9%86%D8%B1%DA%98%DB%8C-a-%D8%AF%D8%A7%D8%B1%D8%A7%DB%8C-4-%D8%B7%D8%A8%D9%82%D9%87-%D8%AF%D8%B1-%DB%8C%D8%AE%DA%86%D8%A7%D9%84-%D9%88-2-%D8%B7%D8%A8%D9%82%D9%87-%D8%AF%D8%B1-%D9%81%D8%B1%DB%8C%D8%B2%D8%B1/
یخچال,ایستکول,11700000,4.1,یخچال و فریزر سایز مینی,A,108.0,54,56.0,3.0,1.0,160.0,D:/یخچال/image_4.jpg,https://www.digikala.com/product/dkp-15113099/%DB%8C%D8%AE%DA%86%D8%A7%D9%84-%D9%81%D8%B1%DB%8C%D8%B2%D8%B1-9-%D9%81%D9%88%D8%AA-%D8%A7%DB%8C%D8%B3%D8%AA%DA%A9%D9%88%D9%84-%D9%85%D8%AF%D9%84-%D9%87%D8%AA%D9%84%DB%8C-2919-%D8%A8%D8%A7-%D8%A7%D8%B1%D8%AA%D9%81%D8%A7%D8%B9-108-%D8%B9%D9%85%D9%82-56-%D9%88-%D9%BE%D9%87%D9%86%D8%A7%DB%8C-54-%D8%B3%D8%A7%D9%86%D8%AA%DB%8C-%D9%85%D8%AA%D8%B1-%D9%85%D8%B5%D8%B1%D9%81-%D8%A7%D9%86%D8%B1%DA%98%DB%8C-a-%D8%AF%D8%A7%D8%B1%D8%A7%DB%8C-3-%D8%B7%D8%A8%D9%82%D9%87-%D8%AF%D8%B1-%DB%8C%D8%AE%DA%86%D8%A7%D9%84-%D9%88-1-%D8%B7%D8%A8%D9%82%D9%87-%D8%AF%D8%B1-%D9%81%D8%B1%DB%8C%D8%B2%D8%B1-%D8%AF%D8%A7%D8%B1%D8%A7%DB%8C-%DA%A9%D9%86%D8%AF%D8%A7%D9%86%D8%B3%D9%88%D8%B1-%D9%85%D8%AE%D9%81%DB%8C/
یخچال,دیپوینت,39000000,4.2,یخچال و فریزر مدل فریزر پایین ( کمبی یا BMF ),A,190.0,86,77.0,3.0,,572.0,D:/یخچال/image_5.jpg,https://www.digikala.com/product/dkp-17365656/%DB%8C%D8%AE%DA%86%D8%A7%D9%84-%D9%81%D8%B1%DB%8C%D8%B2%D8%B1-30-%D9%81%D9%88%D8%AA-%D8%AF%DB%8C%D9%BE%D9%88%DB%8C%D9%86%D8%AA-%D9%85%D8%AF%D9%84-boss-pro-%D8%A8%D8%A7-%D8%A7%D8%B1%D8%AA%D9%81%D8%A7%D8%B9-190-%D9%BE%D9%87%D9%86%D8%A7%DB%8C-86-%D9%88-%D8%B9%D9%85%D9%82-77-%D8%B3%D8%A7%D9%86%D8%AA%DB%8C-%D9%85%D8%AA%D8%B1-%D9%85%DB%8C%D8%B2%D8%A7%D9%86-%D9%85%D8%B5%D8%B1%D9%81-%D8%A7%D9%86%D8%B1%DA%98%DB%8C-a-%D8%AF%D8%A7%D8%B1%D8%A7%DB%8C-3-%D8%B7%D8%A8%D9%82%D9%87-%D8%AF%D8%B1-%DB%8C%D8%AE%DA%86%D8%A7%D9%84-%D9%88-3-%DA%A9%D8%B4%D9%88-%D8%AF%D8%B1-%D9%81%D8%B1%DB%8C%D8%B2%D8%B1-%D8%AF%D8%A7%D8%B1%D8%A7%DB%8C-%D8%B3%DB%8C%D8%B3%D8%AA%D9%85-%D9%86%D9%88%D9%81%D8%B1%D8%A7%D8%B3%D8%AA/
یخچال,دیپوینت,34100000,4.2,یخچال و فریزر مدل فریزر بالا (TMF),A,184.0,86,73.0,4.0,2.0,570.0,D:/یخچال/image_6.jpg,https://www.digikala.com/product/dkp-594703/%DB%8C%D8%AE%DA%86%D8%A7%D9%84-%D9%88-%D9%81%D8%B1%DB%8C%D8%B2%D8%B1-28-%D9%81%D9%88%D8%AA-%D8%AF%DB%8C%D9%BE%D9%88%DB%8C%D9%86%D8%AA-%D9%85%D8%AF%D9%84-t7-%D8%A8%D8%AF%D9%88%D9%86-%D8%A8%D8%B1%D9%81%DA%A9-%D8%A8%D8%A7-%D8%A7%D8%B1%D8%AA%D9%81%D8%A7%D8%B9-184-%D9%BE%D9%87%D9%86%D8%A7%DB%8C-86-%D9%88-%D8%B9%D9%85%D9%82-73-%D8%B3%D8%A7%D9%86%D8%AA%DB%8C%D9%85%D8%AA%D8%B1-%D9%85%DB%8C%D8%B2%D8%A7%D9%86-%D9%85%D8%B5%D8%B1%D9%81-%D8%A7%D9%86%D8%B1%DA%98%DB%8C-a-%D8%AF%D8%A7%D8%B1%D8%A7%DB%8C-4-%D8%B7%D8%A8%D9%82%D9%87-%D8%AF%D8%B1-%DB%8C%D8%AE%DA%86%D8%A7%D9%84-%D9%88-2-%D8%B7%D8%A8%D9%82%D9%87-%D8%AF%D8%B1-%D9%81%D8%B1%DB%8C%D8%B2%D8%B1-%D8%AF%D8%A7%D8%B1%D8%A7%DB%8C-%D8%B3%DB%8C%D8%B3%D8%AA%D9%85-%D9%86%D9%88%D9%81%D8%B1%D8%A7%D8%B3%D8%AA/
یخچال,دیپوینت,58390000,4.0,دو قلو,A+,180.0,60+60,63.0,5.0,1.0,607.0,D:/یخچال/image_7.jpg,https://www.digikala.com/product/dkp-4063054/%DB%8C%D8%AE%DA%86%D8%A7%D9%84-%D9%88-%D9%81%D8%B1%DB%8C%D8%B2%D8%B1-%D8%AF%D9%88%D9%82%D9%84%D9%88-40-%D9%81%D9%88%D8%AA-%D8%AF%DB%8C%D9%BE%D9%88%DB%8C%D9%86%D8%AA-%D9%85%D8%AF%D9%84-d5i/
یخچال,ایستکول,15980000,3.9,یخچال و فریزر مدل فریزر بالا (TMF),C,152.5,53.5,59.0,3.0,2.0,213.0,D:/یخچال/image_8.jpg,https://www.digikala.com/product/dkp-15113124/%DB%8C%D8%AE%DA%86%D8%A7%D9%84-%D9%81%D8%B1%DB%8C%D8%B2%D8%B1-12-%D9%81%D9%88%D8%AA-%D8%A7%DB%8C%D8%B3%D8%AA%DA%A9%D9%88%D9%84-%D9%85%D8%AF%D9%84-296200-%D8%A8%D8%A7-%D8%A7%D8%B1%D8%AA%D9%81%D8%A7%D8%B9-1525-%D9%BE%D9%87%D9%86%D8%A7%DB%8C-535-%D9%88-%D8%B9%D9%85%D9%82-59-%D8%B3%D8%A7%D9%86%D8%AA%DB%8C-%D9%85%D8%AA%D8%B1-%D9%85%DB%8C%D8%B2%D8%A7%D9%86-%D9%85%D8%B5%D8%B1%D9%81-%D8%A7%D9%86%D8%B1%DA%98%DB%8C-c-%D8%AF%D8%A7%D8%B1%D8%A7%DB%8C-3-%D8%B7%D8%A8%D9%82%D9%87-%D8%AF%D8%B1-%DB%8C%D8%AE%DA%86%D8%A7%D9%84-%D9%88-2-%D8%B7%D8%A8%D9%82%D9%87-%D8%AF%D8%B1-%D9%81%D8%B1%DB%8C%D8%B2%D8%B1-%D8%AF%D8%A7%D8%B1%D8%A7%DB%8C-%D8%A8%D8%AF%D9%86%D9%87-%D9%81%D9%88%D9%84%D8%A7%D8%AF-%DA%A9%D8%B1%D8%A8%D9%86%DB%8C-%D8%AE%D9%88%D8%AF%D8%B1%D9%86%DA%AF/
یخچال,ایکس ویژن,45000000,4.1,ساید بای ساید,A+,176.8,92,73.5,4.0,4.0,597.0,D:/یخچال/image_9.jpg,https://www.digikala.com/product/dkp-11205710/%DB%8C%D8%AE%DA%86%D8%A7%D9%84-%D9%88-%D9%81%D8%B1%DB%8C%D8%B2%D8%B1-%D8%B3%D8%A7%DB%8C%D8%AF-%D8%A8%D8%A7%DB%8C-%D8%B3%D8%A7%DB%8C%D8%AF-30-%D9%81%D9%88%D8%AA-%D8%A7%DB%8C%DA%A9%D8%B3-%D9%88%DB%8C%DA%98%D9%86-%D9%85%D8%AF%D9%84-ts666-awdasd/
یخچال,پاکشوما,57169000,3.8,دو قلو,A+,187.0,73+73,59.0,5.0,3.0,900.0,D:/یخچال/image_10.jpg,https://www.digikala.com/product/dkp-11853491/%DB%8C%D8%AE%DA%86%D8%A7%D9%84-%D9%81%D8%B1%DB%8C%D8%B2%D8%B1-%D8%AF%D9%88%D9%82%D9%84%D9%88-40-%D9%81%D9%88%D8%AA-%D9%BE%D8%A7%DA%A9%D8%B4%D9%88%D9%85%D8%A7-%D9%85%D8%AF%D9%84-rtra-rtfa-900-w-%D8%AF%D8%A7%D8%B1%D8%A7%DB%8C-%D9%81%DB%8C%D9%84%D8%AA%D8%B1-%D8%AA%D8%B5%D9%81%DB%8C%D9%87-%D8%A2%D8%A8-%D9%88-%DB%8C%D8%AE%D8%B3%D8%A7%D8%B2-%D8%A7%D8%AA%D9%88%D9%85%D8%A7%D8%AA%DB%8C%DA%A9-%D8%A8%D8%A7-%D8%A7%D8%B1%D8%AA%D9%81%D8%A7%D8%B9-187-%D9%BE%D9%87%D9%86%D8%A7%DB%8C-146-%D9%88-%D8%B9%D9%85%D9%82-59-%D8%B3%D8%A7%D9%86%D8%AA%DB%8C-%D9%85%D8%AA%D8%B1-%D9%85%DB%8C%D8%B2%D8%A7%D9%86-%D9%85%D8%B5%D8%B1%D9%81-%D8%A7%D9%86%D8%B1%DA%98%DB%8C-a-%D8%AF%D8%A7%D8%B1%D8%A7%DB%8C-5-%D8%B7%D8%A8%D9%82%D9%87-%D8%AF%D8%B1-%DB%8C%D8%AE%DA%86%D8%A7%D9%84-%D9%88-4-%DA%A9%D8%B4%D9%88-%D8%AF%D8%B1-%D9%81%D8%B1%DB%8C%D8%B2%D8%B1/
یخچال,ایستکول,7850000,4.0,فقط یخچال,A+,59.0,45,53.0,2.0,,64.0,D:/یخچال/image_11.jpg,https://www.digikala.com/product/dkp-15113191/%DB%8C%D8%AE%DA%86%D8%A7%D9%84-3-%D9%81%D9%88%D8%AA-%D8%A7%DB%8C%D8%B3%D8%AA%DA%A9%D9%88%D9%84-%D9%85%D8%AF%D9%84-2403-%D8%A8%D8%A7-%D8%A7%D8%B1%D8%AA%D9%81%D8%A7%D8%B9-59-%D8%B9%D9%85%D9%82-53-%D9%88-%D9%BE%D9%87%D9%86%D8%A7%DB%8C-45-%D8%B3%D8%A7%D9%86%D8%AA%DB%8C-%D9%85%D8%AA%D8%B1-%D9%85%DB%8C%D8%B2%D8%A7%D9%86-%D9%85%D8%B5%D8%B1%D9%81-%D8%A7%D9%86%D8%B1%DA%98%DB%8C-a-%D8%AF%D8%A7%D8%B1%D8%A7%DB%8C-2-%D8%B7%D8%A8%D9%82%D9%87-%D8%AF%D8%A7%D8%B1%D8%A7%DB%8C-%D8%B3%DB%8C%D8%B3%D8%AA%D9%85-%D8%AF%DB%8C%D9%81%D8%B1%D8%A7%D8%B3%D8%AA/
یخچال,ایکس ویژن,43000000,4.2,ساید بای ساید,A+,185.0,86,67.8,3.0,,429.0,D:/یخچال/image_12.jpg,https://www.digikala.com/product/dkp-11790946/%DB%8C%D8%AE%DA%86%D8%A7%D9%84-%D9%88-%D9%81%D8%B1%DB%8C%D8%B2%D8%B1-%D8%B3%D8%A7%DB%8C%D8%AF-%D8%A8%D8%A7%DB%8C-%D8%B3%D8%A7%DB%8C%D8%AF-28-%D9%81%D9%88%D8%AA-%D8%A7%DB%8C%DA%A9%D8%B3-%D9%88%DB%8C%DA%98%D9%86-%D9%85%D8%AF%D9%84-tf541-awdasd/
یخچال,دیپوینت,27900000,4.3,یخچال و فریزر مدل فریزر پایین ( کمبی یا BMF ),A+,201.0,65,64.0,5.0,3.0,396.0,D:/یخچال/image_13.jpg,https://www.digikala.com/product/dkp-2351291/%DB%8C%D8%AE%DA%86%D8%A7%D9%84-%D9%88-%D9%81%D8%B1%DB%8C%D8%B2%D8%B1-14-%D9%81%D9%88%D8%AA-%D8%AF%DB%8C%D9%BE%D9%88%DB%8C%D9%86%D8%AA-%D9%85%D8%AF%D9%84-decent/
یخچال,دوو,100000000,3.0,ساید بای ساید,A+,181.6,92,92.0,5.0,3.0,719.0,D:/یخچال/image_14.jpg,https://www.digikala.com/product/dkp-16474456/%DB%8C%D8%AE%DA%86%D8%A7%D9%84-%D9%88-%D9%81%D8%B1%DB%8C%D8%B2%D8%B1-%D8%B3%D8%A7%DB%8C%D8%AF-%D8%A8%D8%A7%DB%8C-%D8%B3%D8%A7%DB%8C%D8%AF-37-%D9%81%D9%88%D8%AA-%D8%AF%D9%88%D9%88-%D9%85%D8%AF%D9%84-sxi20-31s/
یخچال,دوو,29500000,4.0,یخچال و فریزر مدل فریزر پایین ( کمبی یا BMF ),A+,196.0,67,68.0,4.0,,367.0,D:/یخچال/image_15.jpg,https://www.digikala.com/product/dkp-16451916/%DB%8C%D8%AE%DA%86%D8%A7%D9%84-%D9%88-%D9%81%D8%B1%DB%8C%D8%B2%D8%B1-%DB%B2%DB%B4-%D9%81%D9%88%D8%AA-%D8%AF%D9%88%D9%88-%D9%85%D8%AF%D9%84-bmi-10ti/
یخچال,دیپوینت,63860000,4.1,nan,A+,,nan,,,,601.0,D:/یخچال/image_16.jpg,https://www.digikala.com/product/dkp-6361346/%DB%8C%D8%AE%DA%86%D8%A7%D9%84-%D9%88-%D9%81%D8%B1%DB%8C%D8%B2%D8%B1-%D8%AF%D9%88%D9%82%D9%84%D9%88-17-%D9%81%D9%88%D8%AA-%D8%AF%DB%8C%D9%BE%D9%88%DB%8C%D9%86%D8%AA-%D9%85%D8%AF%D9%84-max-d/
یخچال,دوو,83940000,4.8,دو قلو,A+,180.0,120,66.0,5.0,2.0,673.0,D:/یخچال/image_17.jpg,https://www.digikala.com/product/dkp-17225814/%DB%8C%D8%AE%DA%86%D8%A7%D9%84-%D9%88-%D9%81%D8%B1%DB%8C%D8%B2%D8%B1-%D8%AF%D9%88%D9%82%D9%84%D9%88-40-%D9%81%D9%88%D8%AA-%D8%AF%D9%88%D9%88-%D9%85%D8%AF%D9%84-srisfi-20ss/
یخچال,دوو,49967000,4.4,یخچال و فریزر مدل فریزر پایین ( کمبی یا BMF ),A+,181.0,82,72.0,3.0,3.0,450.0,D:/یخچال/image_18.jpg,https://www.digikala.com/product/dkp-17074296/%DB%8C%D8%AE%DA%86%D8%A7%D9%84-%D9%81%D8%B1%DB%8C%D8%B2%D8%B128-%D9%81%D9%88%D8%AA-%D8%AF%D9%88%D9%88-%D9%85%D8%AF%D9%84-bmi-30-%D8%A8%D8%A7-%D8%A7%D8%B1%D8%AA%D9%81%D8%A7%D8%B9-181-%D9%BE%D9%87%D9%86%D8%A7%DB%8C-82-%D9%88-%D8%B9%D9%85%D9%82-72-%D8%B3%D8%A7%D9%86%D8%AA%DB%8C-%D9%85%D8%AA%D8%B1-%D9%85%DB%8C%D8%B2%D8%A7%D9%86-%D9%85%D8%B5%D8%B1%D9%81-%D8%A7%D9%86%D8%B1%DA%98%DB%8Ca-%D8%AF%D8%A7%D8%B1%D8%A7%DB%8C-3-%D8%B7%D8%A8%D9%82%D9%87-%D8%AF%D8%B1-%DB%8C%D8%AE%DA%86%D8%A7%D9%84-%D9%88-3-%DA%A9%D8%B4%D9%88-%D8%AF%D8%B1-%D9%81%D8%B1%DB%8C%D8%B2%D8%B1-%D8%AF%D8%A7%D8%B1%D8%A7%DB%8C-%D8%B3%DB%8C%D8%B3%D8%AA%D9%85-%D9%86%D9%88%D9%81%D8%B1%D8%A7%D8%B3%D8%AA/
یخچال,دیپوینت,68900000,4.8,دو قلو,A+,1800.0,1200,630.0,5.0,7.0,606.0,D:/یخچال/image_19.jpg,https://www.digikala.com/product/dkp-18019509/%DB%8C%D8%AE%DA%86%D8%A7%D9%84-%D9%81%D8%B1%DB%8C%D8%B2%D8%B1-%D8%AF%D9%88%D9%82%D9%84%D9%88-36-%D9%81%D9%88%D8%AA-%D8%AF%DB%8C%D9%BE%D9%88%DB%8C%D9%86%D8%AA-%D9%85%D8%AF%D9%84-masterpro-nrd15-s-%D8%A8%D8%A7-%D8%A7%D8%B1%D8%AA%D9%81%D8%A7%D8%B9-1800-%D9%BE%D9%87%D9%86%D8%A7%DB%8C-1200-%D9%88-%D8%B9%D9%85%D9%82-63-%D8%B3%D8%A7%D9%86%D8%AA%DB%8C-%D9%85%D8%AA%D8%B1-%D9%85%DB%8C%D8%B2%D8%A7%D9%86-%D9%85%D8%B5%D8%B1%D9%81-%D8%A7%D9%86%D8%B1%DA%98%DB%8C-a-%D8%AF%D8%A7%D8%B1%D8%A7%DB%8C-5-%D8%B7%D8%A8%D9%82%D9%87-%D8%AF%D8%B1-%DB%8C%D8%AE%DA%86%D8%A7%D9%84-%D9%88-7-%D8%B7%D8%A8%D9%82%D9%87-%D8%AF%D8%B1-%D9%81%D8%B1%DB%8C%D8%B2%D8%B1-%D8%AF%D8%A7%D8%B1%D8%A7%DB%8C-%D8%B3%DB%8C%D8%B3%D8%AA%D9%85-%D9%86%D9%88%D9%81%D8%B1%D8%A7%D8%B3%D8%AA/
یخچال,هیمالیا,32000000,4.3,یخچال و فریزر مدل فریزر پایین ( کمبی یا BMF ),A,202.0,71.5,75.0,3.0,,480.0,D:/یخچال/image_20.jpg,https://www.digikala.com/product/dkp-2476062/%DB%8C%D8%AE%DA%86%D8%A7%D9%84-%D9%88-%D9%81%D8%B1%DB%8C%D8%B2%D8%B1-22-%D9%81%D9%88%D8%AA-%D9%87%DB%8C%D9%85%D8%A7%D9%84%DB%8C%D8%A7-%D9%85%D8%AF%D9%84-%DA%A9%D9%85%D8%A8%DB%8C-five-mode-%D9%87%D9%88%D9%85%D8%A8%D8%A7%D8%B1%D8%AF%D8%A7%D8%B1-tncom53008h/
یخچال,دوو,84000000,4.4,ساید بای ساید,A+,180.0,120,66.0,5.0,2.0,591.0,D:/یخچال/image_21.jpg,https://www.digikala.com/product/dkp-16474954/%DB%8C%D8%AE%DA%86%D8%A7%D9%84-%D9%88-%D9%81%D8%B1%DB%8C%D8%B2%D8%B1-%D8%AF%D9%88%D9%82%D9%84%D9%88-40-%D9%81%D9%88%D8%AA-%D8%AF%D9%88%D9%88-%D9%85%D8%AF%D9%84-srfi-20mw/
یخچال,اسنوا,24900000,3.6,nan,A+,198.0,70,70.0,4.0,4.0,367.0,D:/یخچال/image_22.jpg,https://www.digikala.com/product/dkp-15436697/%DB%8C%D8%AE%DA%86%D8%A7%D9%84-%D9%88-%D9%81%D8%B1%DB%8C%D8%B2%D8%B1-24-%D9%81%D9%88%D8%AA-%D8%A7%D8%B3%D9%86%D9%88%D8%A7-%D9%85%D8%AF%D9%84-sn4-2024/
یخچال,هیمالیا,75000000,3.8,ساید بای ساید,B,192.0,130,70.0,5.0,8.0,612.0,D:/یخچال/image_23.jpg,https://www.digikala.com/product/dkp-5406820/%DB%8C%D8%AE%DA%86%D8%A7%D9%84-%D9%81%D8%B1%DB%8C%D8%B2%D8%B1-%D8%AF%D9%88%D9%82%D9%84%D9%88-17-%D9%81%D9%88%D8%AA-%D9%87%DB%8C%D9%85%D8%A7%D9%84%DB%8C%D8%A7-%D9%85%D8%AF%D9%84-%D8%A2%D9%84%D9%81%D8%A7-nf280a-nr440a-%D8%AF%D8%A7%D8%B1%D8%A7%DB%8C-%D9%86%D9%85%D8%A7%DB%8C%D8%B4%DA%AF%D8%B1-%D9%88-%D8%A8%D8%AF%D9%88%D9%86-%D8%A8%D8%B1%D9%81%DA%A9-%D8%A8%D8%A7-%D8%A7%D8%B1%D8%AA%D9%81%D8%A7%D8%B9-192-%D9%BE%D9%87%D9%86%D8%A7%DB%8C-130-%D9%88-%D8%B9%D9%85%D9%82-70-%D8%B3%D8%A7%D9%86%D8%AA%DB%8C-%D9%85%D8%AA%D8%B1-%D9%85%DB%8C%D8%B2%D8%A7%D9%86-%D9%85%D8%B5%D8%B1%D9%81-%D8%A7%D9%86%D8%B1%DA%98%DB%8C-b-%D8%AF%D8%A7%D8%B1%D8%A7%DB%8C-5-%D8%B7%D8%A8%D9%82%D9%87-%D8%AF%D8%B1-%DB%8C%D8%AE%DA%86%D8%A7%D9%84-%D9%88-8-%DA%A9%D8%B4%D9%88-%D8%AF%D8%B1-%D9%81%D8%B1%DB%8C%D8%B2%D8%B1/
یخچال,دوو,92620000,2.8,ساید بای ساید,A+,181.0,91,84.0,5.0,3.0,630.0,D:/یخچال/image_24.jpg,https://www.digikala.com/product/dkp-17230567/%DB%8C%D8%AE%DA%86%D8%A7%D9%84-%D9%88-%D9%81%D8%B1%DB%8C%D8%B2%D8%B1-%D8%B3%D8%A7%DB%8C%D8%AF-%D8%A8%D8%A7%DB%8C-%D8%B3%D8%A7%DB%8C%D8%AF-32-%D9%81%D9%88%D8%AA-%D8%AF%D9%88%D9%88-%D9%85%D8%AF%D9%84-sxi20-21s/
یخچال,ایکس ویژن,51400000,3.8,ساید بای ساید,A+,177.0,90,66.0,4.0,4.0,547.0,D:/یخچال/image_25.jpg,https://www.digikala.com/product/dkp-17226942/%DB%8C%D8%AE%DA%86%D8%A7%D9%84-%D9%81%D8%B1%DB%8C%D8%B2%D8%B1-27-%D9%81%D9%88%D8%AA-%D8%A7%DB%8C%DA%A9%D8%B3-%D9%88%DB%8C%DA%98%D9%86-%D9%85%D8%AF%D9%84-hs550-wisi-%D8%A8%D8%A7-%D8%A7%D8%B1%D8%AA%D9%81%D8%A7%D8%B9-177-%D9%BE%D9%87%D9%86%D8%A7%DB%8C-90-%D9%88-%D8%B9%D9%85%D9%82-66-%D8%B3%D8%A7%D9%86%D8%AA%DB%8C-%D9%85%D8%AA%D8%B1-%D9%85%DB%8C%D8%B2%D8%A7%D9%86-%D9%85%D8%B5%D8%B1%D9%81-%D8%A7%D9%86%D8%B1%DA%98%DB%8Ca-%D8%AF%D8%A7%D8%B1%D8%A7%DB%8C-4-%D8%B7%D8%A8%D9%82%D9%87-%D8%AF%D8%B1-%DB%8C%D8%AE%DA%86%D8%A7%D9%84-%D9%88-4-%D8%B7%D8%A8%D9%82%D9%87-%D8%AF%D8%B1-%D9%81%D8%B1%DB%8C%D8%B2%D8%B1-%D8%AF%D8%A7%D8%B1%D8%A7%DB%8C-%D8%B3%DB%8C%D8%B3%D8%AA%D9%85-%D9%86%D9%88%D9%81%D8%B1%D8%A7%D8%B3%D8%AA/
یخچال,اسنوا,28090000,4.3,یخچال و فریزر مدل فریزر پایین ( کمبی یا BMF ),A+,200.0,68.6,67.0,4.0,4.0,367.0,D:/یخچال/image_26.jpg,https://www.digikala.com/product/dkp-18362788/%DB%8C%D8%AE%DA%86%D8%A7%D9%84-%D9%81%D8%B1%DB%8C%D8%B2%D8%B1-24-%D9%81%D9%88%D8%AA-%D8%A7%D8%B3%D9%86%D9%88%D8%A7-%D9%85%D8%AF%D9%84-sbdi-s100sw-%D8%AF%D8%A7%D8%B1%D8%A7%DB%8C-%D8%B3%D8%B1%D9%85%D8%A7%DB%8C%D8%B4-%D9%88-%D8%A7%D9%86%D8%AC%D9%85%D8%A7%D8%AF-%D8%B3%D8%B1%DB%8C%D8%B9-%D8%A8%D8%A7-%D8%A7%D8%B1%D8%AA%D9%81%D8%A7%D8%B9-200-%D9%BE%D9%87%D9%86%D8%A7%DB%8C-686-%D9%88-%D8%B9%D9%85%D9%82-67-%D8%B3%D8%A7%D9%86%D8%AA%DB%8C%D9%85%D8%AA%D8%B1-%D9%85%DB%8C%D8%B2%D8%A7%D9%86-%D9%85%D8%B5%D8%B1%D9%81-%D8%A7%D9%86%D8%B1%DA%98%DB%8C-a-%D8%AF%D8%A7%D8%B1%D8%A7%DB%8C-4-%D8%B7%D8%A8%D9%82%D9%87-%D8%AF%D8%B1-%DB%8C%D8%AE%DA%86%D8%A7%D9%84-%D9%88-4-%D8%B7%D8%A8%D9%82%D9%87-%D8%AF%D8%B1-%D9%81%D8%B1%DB%8C%D8%B2%D8%B1-%D8%AF%D8%A7%D8%B1%D8%A7%DB%8C-%D8%B3%DB%8C%D8%B3%D8%AA%D9%85-%D9%86%D9%88%D9%81%D8%B1%D8%A7%D8%B3%D8%AA/
یخچال,کلور,95736810,4.7,nan,A+,,nan,,7.0,6.0,695.0,D:/یخچال/image_27.jpg,https://www.digikala.com/product/dkp-14638594/%DB%8C%D8%AE%DA%86%D8%A7%D9%84-%D9%88-%D9%81%D8%B1%DB%8C%D8%B2%D8%B1-%D8%AF%D9%88%D9%82%D9%84%D9%88-%DA%A9%D9%84%D9%88%D8%B1-%D9%85%D8%AF%D9%84-%DA%AF%D9%84%D9%88%D8%B1%DB%8C-%D9%BE%D9%84%D8%A7%D8%B3/
یخچال,هیمالیا,55554000,3.8,nan,A,,nan,,3.0,3.0,490.0,D:/یخچال/image_28.jpg,https://www.digikala.com/product/dkp-5052049/%DB%8C%D8%AE%DA%86%D8%A7%D9%84-%D9%88-%D9%81%D8%B1%DB%8C%D8%B2%D8%B1-%D8%B3%D8%A7%DB%8C%D8%AF-%D8%A8%D8%A7%DB%8C-%D8%B3%D8%A7%DB%8C%D8%AF-27-%D9%81%D9%88%D8%AA-%D9%87%DB%8C%D9%85%D8%A7%D9%84%DB%8C%D8%A7-%D9%85%D8%AF%D9%84-%D8%AA%D8%B3%D9%84%D8%A7-hrfn60504/
یخچال,دوو,92585110,4.2,ساید بای ساید,A+,181.0,91,84.0,5.0,3.0,630.0,D:/یخچال/image_29.jpg,https://www.digikala.com/product/dkp-17230485/%DB%8C%D8%AE%DA%86%D8%A7%D9%84-%D9%88-%D9%81%D8%B1%DB%8C%D8%B2%D8%B1-%D8%B3%D8%A7%DB%8C%D8%AF-%D8%A8%D8%A7%DB%8C-%D8%B3%D8%A7%DB%8C%D8%AF-32-%D9%81%D9%88%D8%AA-%D8%AF%D9%88%D9%88-%D9%85%D8%AF%D9%84-sxi20-21w/
یخچال,ایستکول,8154000,4.2,nan,A+,,nan,,1.0,,64.0,D:/یخچال/image_30.jpg,https://www.digikala.com/product/dkp-9434505/%DB%8C%D8%AE%DA%86%D8%A7%D9%84-3-%D9%81%D9%88%D8%AA-%D8%A7%DB%8C%D8%B3%D8%AA%DA%A9%D9%88%D9%84-%D9%85%D8%AF%D9%84-%D9%85%DB%8C%D9%86%DB%8C-%D8%A8%D8%A7%D8%B1403/
یخچال,ایکس ویژن,68000000,4.6,nan,A++,,nan,,4.0,4.0,608.0,D:/یخچال/image_31.jpg,https://www.digikala.com/product/dkp-17797741/%DB%8C%D8%AE%DA%86%D8%A7%D9%84-%D9%81%D8%B1%DB%8C%D8%B2%D8%B1-%D8%B3%D8%A7%DB%8C%D8%AF-%D8%A8%D8%A7%DB%8C-%D8%B3%D8%A7%DB%8C%D8%AF-28-%D9%81%D9%88%D8%AA-%D8%A7%DB%8C%DA%A9%D8%B3-%D9%88%DB%8C%DA%98%D9%86-%D9%85%D8%AF%D9%84-hs600-wisi-%D8%AF%D8%A7%D8%B1%D8%A7%DB%8C-%D8%A2%D8%A8-%D8%B3%D8%B1%D8%AF%DA%A9%D9%86-%D9%88-%DB%8C%D8%AE%D8%B3%D8%A7%D8%B2-%D8%A7%D8%AA%D9%88%D9%85%D8%A7%D8%AA%DB%8C%DA%A9-%D8%A8%D8%A7-%D8%A7%D8%B1%D8%AA%D9%81%D8%A7%D8%B9-177-%D8%B9%D9%85%D9%82-73-%D9%88-%D9%BE%D9%87%D9%86%D8%A7%DB%8C-91-%D8%B3%D8%A7%D9%86%D8%AA%DB%8C-%D9%85%D8%AA%D8%B1-%D9%85%DB%8C%D8%B2%D8%A7%D9%86-%D9%85%D8%B5%D8%B1%D9%81-%D8%A7%D9%86%D8%B1%DA%98%DB%8C-a-%D8%AF%D8%A7%D8%B1%D8%A7%DB%8C-4-%D8%B7%D8%A8%D9%82%D9%87-%D8%AF%D8%B1-%DB%8C%D8%AE%DA%86%D8%A7%D9%84-%D9%88-4-%D8%B7%D8%A8%D9%82%D9%87-%D8%AF%D8%B1-%D9%81%D8%B1%DB%8C%D8%B2%D8%B1/
یخچال,اسنوا,44540000,4.0,یخچال و فریزر مدل فریزر پایین ( کمبی یا BMF ),A+,180.0,82,75.3,3.0,,510.0,D:/یخچال/image_32.jpg,https://www.digikala.com/product/dkp-17901562/%DB%8C%D8%AE%DA%86%D8%A7%D9%84-%D9%81%D8%B1%DB%8C%D8%B2%D8%B1-26-%D9%81%D9%88%D8%AA-%D8%A7%D8%B3%D9%86%D9%88%D8%A7-%D9%85%D8%AF%D9%84-sbdi-l300-ss-%D8%A8%D8%A7-%D8%A7%D8%B1%D8%AA%D9%81%D8%A7%D8%B9-180-%D9%BE%D9%87%D9%86%D8%A7%DB%8C-82-%D9%88-%D8%B9%D9%85%D9%82-753-%D8%B3%D8%A7%D9%86%D8%AA%DB%8C-%D9%85%D8%AA%D8%B1-%D9%85%DB%8C%D8%B2%D8%A7%D9%86-%D9%85%D8%B5%D8%B1%D9%81-%D8%A7%D9%86%D8%B1%DA%98%DB%8C-a-%D8%AF%D8%A7%D8%B1%D8%A7%DB%8C-3-%D8%B7%D8%A8%D9%82%D9%87-%D8%AF%D8%B1-%DB%8C%D8%AE%DA%86%D8%A7%D9%84-%D9%88-3-%DA%A9%D8%B4%D9%88-%D8%AF%D8%B1-%D9%81%D8%B1%DB%8C%D8%B2%D8%B1-%D8%AF%D8%A7%D8%B1%D8%A7%DB%8C-%D8%B3%DB%8C%D8%B3%D8%AA%D9%85-%D9%86%D9%88%D9%81%D8%B1%D8%A7%D8%B3%D8%AA/
یخچال,هیمالیا,73000000,3.8,nan,B,,nan,,5.0,,612.0,D:/یخچال/image_33.jpg,https://www.digikala.com/product/dkp-4428680/%DB%8C%D8%AE%DA%86%D8%A7%D9%84-%D9%88-%D9%81%D8%B1%DB%8C%D8%B2%D8%B1-%D8%AF%D9%88%D9%82%D9%84%D9%88-32-%D9%81%D9%88%D8%AA-%D9%87%DB%8C%D9%85%D8%A7%D9%84%DB%8C%D8%A7-%D9%85%D8%AF%D9%84-%D9%BE%D8%A7%D9%86%D9%88%D9%85%D8%B1%D8%A7%D9%BE%D9%84%D8%A7%D8%B3-nf280p-nr440p-a/
یخچال,دوو,111850000,,ساید بای ساید,A+,181.6,91.6,92.0,5.0,,719.0,D:/یخچال/image_34.jpg,https://www.digikala.com/product/dkp-18488389/%DB%8C%D8%AE%DA%86%D8%A7%D9%84-%D9%81%D8%B1%DB%8C%D8%B2%D8%B1-%D8%B3%D8%A7%DB%8C%D8%AF-%D8%A8%D8%A7%DB%8C-%D8%B3%D8%A7%DB%8C%D8%AF-34-%D9%81%D9%88%D8%AA-%D8%AF%D9%88%D9%88-%D9%85%D8%AF%D9%84-sxi20-30-%D8%AF%D8%A7%D8%B1%D8%A7%DB%8C-%D8%A2%D8%A8%D8%B3%D8%B1%D8%AF%DA%A9%D9%86-%D9%88-%DB%8C%D8%AE%D8%B3%D8%A7%D8%B2-%D8%A7%D8%AA%D9%88%D9%85%D8%A7%D8%AA%DB%8C%DA%A9-%D8%A8%D8%A7-%D8%A7%D8%B1%D8%AA%D9%81%D8%A7%D8%B9-1816-%D9%BE%D9%87%D9%86%D8%A7%DB%8C-916-%D9%88-%D8%B9%D9%85%D9%82-92-%D8%B3%D8%A7%D9%86%D8%AA%DB%8C-%D9%85%D8%AA%D8%B1-%D9%85%DB%8C%D8%B2%D8%A7%D9%86-%D9%85%D8%B5%D8%B1%D9%81-%D8%A7%D9%86%D8%B1%DA%98%DB%8C-a-%D8%AF%D8%A7%D8%B1%D8%A7%DB%8C-5-%D8%B7%D8%A8%D9%82%D9%87-%D8%AF%D8%B1-%DB%8C%D8%AE%DA%86%D8%A7%D9%84-%D9%88-3-%DA%A9%D8%B4%D9%88-%D8%AF%D8%B1-%D9%81%D8%B1%DB%8C%D8%B2%D8%B1-%D9%84%D8%B2%D9%88%D9%85-%D8%A7%D8%AA%D8%B5%D8%A7%D9%84-%D8%A8%D9%87-%D8%B4%DB%8C%D8%B1-%D8%A2%D8%A8-%D8%AF%D8%A7%D8%B1%D8%AF-%D8%AF%D8%A7%D8%B1%D8%A7%DB%8C-%D8%B3%DB%8C%D8%B3%D8%AA%D9%85-%D9%86%D9%88%D9%81%D8%B1%D8%A7%D8%B3%D8%AA/
یخچال,دوو,97503510,3.3,ساید بای ساید,A+,181.0,91,93.0,5.0,3.0,719.0,D:/یخچال/image_35.jpg,https://www.digikala.com/product/dkp-17230234/%DB%8C%D8%AE%DA%86%D8%A7%D9%84-%D9%88-%D9%81%D8%B1%DB%8C%D8%B2%D8%B1-%D8%B3%D8%A7%DB%8C%D8%AF-%D8%A8%D8%A7%DB%8C-%D8%B3%D8%A7%DB%8C%D8%AF-35-%D9%81%D9%88%D8%AA-%D8%AF%D9%88%D9%88-%D9%85%D8%AF%D9%84-sxi20-31w/
یخچال,اسنوا,72520000,4.0,nan,A+,,nan,,5.0,2.0,644.0,D:/یخچال/image_36.jpg,https://www.digikala.com/product/dkp-9080302/%DB%8C%D8%AE%DA%86%D8%A7%D9%84-%D9%88-%D9%81%D8%B1%DB%8C%D8%B2%D8%B1-%D8%AF%D9%88%D9%82%D9%84%D9%88-38-%D9%81%D9%88%D8%AA-%D8%A7%D8%B3%D9%86%D9%88%D8%A7-%D9%85%D8%AF%D9%84-s5-1190ss-s6-1190ss/
یخچال,ایستکول,14150000,4.2,فقط یخچال,C,80.0,45,52.0,4.0,,82.0,D:/یخچال/image_37.jpg,https://www.digikala.com/product/dkp-15114484/%DB%8C%D8%AE%DA%86%D8%A7%D9%84-5-%D9%81%D9%88%D8%AA-%D8%A7%DB%8C%D8%B3%D8%AA%DA%A9%D9%88%D9%84-%D9%85%D8%AF%D9%84-%D9%85%DB%8C%D9%86%DB%8C-%D8%A8%D8%A7%D8%B1-%D8%B4%D9%88%D9%83%D9%8A%D8%B3-29580/
یخچال,امرسان,28244040,4.2,یخچال و فریزر مدل فریزر پایین ( کمبی یا BMF ),A,197.0,66,66.0,4.0,1.0,345.0,D:/یخچال/image_38.jpg,https://www.digikala.com/product/dkp-16652295/%DB%8C%D8%AE%DA%86%D8%A7%D9%84-%D9%88-%D9%81%D8%B1%DB%8C%D8%B2%D8%B1-22-%D9%81%D9%88%D8%AA-%D8%A7%D9%85%D8%B1%D8%B3%D8%A7%D9%86-%D9%85%D8%AF%D9%84-cb22h/
یخچال,امرسان,24000000,4.5,یخچال و فریزر مدل فریزر پایین ( کمبی یا BMF ),A,192.0,60,67.0,4.0,,307.0,D:/یخچال/image_39.jpg,https://www.digikala.com/product/dkp-16651888/%DB%8C%D8%AE%DA%86%D8%A7%D9%84-%D9%88-%D9%81%D8%B1%DB%8C%D8%B2%D8%B1-20-%D9%81%D9%88%D8%AA-%D8%A7%D9%85%D8%B1%D8%B3%D8%A7%D9%86-%D9%85%D8%AF%D9%84-cb46b/
یخچال,ایستکول,13790000,4.6,فقط یخچال,C,80.0,45,52.0,4.0,,82.0,D:/یخچال/image_40.jpg,https://www.digikala.com/product/dkp-17797714/%DB%8C%D8%AE%DA%86%D8%A7%D9%84-5-%D9%81%D9%88%D8%AA-%D8%A7%DB%8C%D8%B3%D8%AA%DA%A9%D9%88%D9%84-%D9%85%D8%AF%D9%84-tm-4294-cs-%D8%A8%D8%A7-%D8%A7%D8%B1%D8%AA%D9%81%D8%A7%D8%B9-80-%D9%BE%D9%87%D9%86%D8%A7%DB%8C-45-%D9%88-%D8%B9%D9%85%D9%82-52-%D8%B3%D8%A7%D9%86%D8%AA%DB%8C-%D9%85%D8%AA%D8%B1-%D9%85%DB%8C%D8%B2%D8%A7%D9%86-%D9%85%D8%B5%D8%B1%D9%81-%D8%A7%D9%86%D8%B1%DA%98%DB%8C-c-%D8%AF%D8%A7%D8%B1%D8%A7%DB%8C-4-%D8%B7%D8%A8%D9%82%D9%87-%D8%AF%D8%B1-%DB%8C%D8%AE%DA%86%D8%A7%D9%84-%D8%AF%D8%A7%D8%B1%D8%A7%DB%8C-%D9%BE%D8%A7%DB%8C%D9%87-%D9%87%D8%A7%DB%8C-%D9%82%D8%A7%D8%A8%D9%84-%D8%AA%D9%86%D8%B8%DB%8C%D9%85/
یخچال,امرسان,43300000,3.5,دو قلو,A,181.0,120,68.5,7.0,,529.0,D:/یخچال/image_41.jpg,https://www.digikala.com/product/dkp-399873/%DB%8C%D8%AE%DA%86%D8%A7%D9%84-%D9%88-%D9%81%D8%B1%DB%8C%D8%B2%D8%B1-30-%D9%81%D9%88%D8%AA-%D8%A7%D9%85%D8%B1%D8%B3%D8%A7%D9%86-%D9%85%D8%AF%D9%84-fn15d-rh15d/
یخچال,اسنوا,40899000,,یخچال و فریزر مدل فریزر پایین ( کمبی یا BMF ),A+,180.0,82,75.3,3.0,,510.0,D:/یخچال/image_42.jpg,https://www.digikala.com/product/dkp-17901736/%DB%8C%D8%AE%DA%86%D8%A7%D9%84-%D9%81%D8%B1%DB%8C%D8%B2%D8%B1-26-%D9%81%D9%88%D8%AA-%D8%A7%D8%B3%D9%86%D9%88%D8%A7-%D9%85%D8%AF%D9%84-sbdi-l300-sw-%D8%A8%D8%A7-%D8%A7%D8%B1%D8%AA%D9%81%D8%A7%D8%B9-180-%D9%BE%D9%87%D9%86%D8%A7%DB%8C-82-%D9%88-%D8%B9%D9%85%D9%82-753-%D8%B3%D8%A7%D9%86%D8%AA%DB%8C-%D9%85%D8%AA%D8%B1-%D9%85%DB%8C%D8%B2%D8%A7%D9%86-%D9%85%D8%B5%D8%B1%D9%81-%D8%A7%D9%86%D8%B1%DA%98%DB%8C-a-%D8%AF%D8%A7%D8%B1%D8%A7%DB%8C-3-%D8%B7%D8%A8%D9%82%D9%87-%D8%AF%D8%B1-%DB%8C%D8%AE%DA%86%D8%A7%D9%84-%D9%88-3-%DA%A9%D8%B4%D9%88-%D8%AF%D8%B1-%D9%81%D8%B1%DB%8C%D8%B2%D8%B1-%D8%AF%D8%A7%D8%B1%D8%A7%DB%8C-%D8%B3%DB%8C%D8%B3%D8%AA%D9%85-%D9%86%D9%88%D9%81%D8%B1%D8%A7%D8%B3%D8%AA/
یخچال,اسنوا,40000000,3.8,یخچال و فریزر مدل فریزر بالا (TMF),A+,183.0,77,86.0,3.0,2.0,571.0,D:/یخچال/image_43.jpg,https://www.digikala.com/product/dkp-15468196/%DB%8C%D8%AE%DA%86%D8%A7%D9%84-%D9%88-%D9%81%D8%B1%DB%8C%D8%B2%D8%B1-27-%D9%81%D9%88%D8%AA-%D8%A7%D8%B3%D9%86%D9%88%D8%A7-%D9%85%D8%AF%D9%84-sn3-2327/
یخچال,اسنوا,74042570,3.2,دو قلو,A+,180.0,120,67.5,5.0,2.0,588.0,D:/یخچال/image_44.jpg,https://www.digikala.com/product/dkp-17434641/%DB%8C%D8%AE%DA%86%D8%A7%D9%84-%D9%88-%D9%81%D8%B1%DB%8C%D8%B2%D8%B1-%D8%AF%D9%88%D9%82%D9%84%D9%88-38-%D9%81%D9%88%D8%AA-%D8%A7%D8%B3%D9%86%D9%88%D8%A7-%D9%85%D8%AF%D9%84-srdisfdi-m210ss/
یخچال,پاکشوما,35390000,3.6,یخچال و فریزر مدل فریزر بالا (TMF),A+,180.0,84,82.0,4.0,2.0,648.0,D:/یخچال/image_45.jpg,https://www.digikala.com/product/dkp-11089583/%DB%8C%D8%AE%DA%86%D8%A7%D9%84-%D9%88-%D9%81%D8%B1%DB%8C%D8%B2%D8%B1-23-%D9%81%D9%88%D8%AA-%D9%BE%D8%A7%DA%A9%D8%B4%D9%88%D9%85%D8%A7-%D9%85%D8%AF%D9%84-rtp-670-w/
یخچال,دوو,83650000,4.3,دو قلو,A+,180.0,60,66.0,5.0,2.0,620.0,D:/یخچال/image_46.jpg,https://www.digikala.com/product/dkp-16161249/%DB%8C%D8%AE%DA%86%D8%A7%D9%84-%D9%88-%D9%81%D8%B1%DB%8C%D8%B2%D8%B1-%D8%AF%D9%88%D9%82%D9%84%D9%88-40-%D9%81%D9%88%D8%AA-%D8%AF%D9%88%D9%88-%D9%85%D8%AF%D9%84-srsf-21ss/
یخچال,دوو,86209120,,ساید بای ساید,A+,181.6,91.6,72.0,5.0,3.0,684.0,D:/یخچال/image_47.jpg,https://www.digikala.com/product/dkp-18488347/%DB%8C%D8%AE%DA%86%D8%A7%D9%84-%D9%81%D8%B1%DB%8C%D8%B2%D8%B1-%D8%B3%D8%A7%DB%8C%D8%AF-%D8%A8%D8%A7%DB%8C-%D8%B3%D8%A7%DB%8C%D8%AF-28-%D9%81%D9%88%D8%AA-%D8%AF%D9%88%D9%88-%D9%85%D8%AF%D9%84-sxi20-11w-%D8%A2%D8%A8-%D8%B3%D8%B1%D8%AF%DA%A9%D9%86-%D9%88-%DB%8C%D8%AE%D8%B3%D8%A7%D8%B2-%D8%A7%D8%AA%D9%88%D9%85%D8%A7%D8%AA%DB%8C%DA%A9-%D8%A8%D8%A7-%D8%A7%D8%B1%D8%AA%D9%81%D8%A7%D8%B9-1816-%D9%BE%D9%87%D9%86%D8%A7%DB%8C-916-%D9%88-%D8%B9%D9%85%D9%82-72-%D8%B3%D8%A7%D9%86%D8%AA%DB%8C-%D9%85%D8%AA%D8%B1-%D9%85%DB%8C%D8%B2%D8%A7%D9%86-%D9%85%D8%B5%D8%B1%D9%81-%D8%A7%D9%86%D8%B1%DA%98%DB%8C-a-%D8%AF%D8%A7%D8%B1%D8%A7%DB%8C-5-%D8%B7%D8%A8%D9%82%D9%87-%D8%AF%D8%B1-%DB%8C%D8%AE%DA%86%D8%A7%D9%84-%D9%88-3-%D8%B7%D8%A8%D9%82%D9%87-%D8%AF%D8%B1-%D9%81%D8%B1%DB%8C%D8%B2%D8%B1-%D9%84%D8%B2%D9%88%D9%85-%D8%A7%D8%AA%D8%B5%D8%A7%D9%84-%D8%A8%D9%87-%D8%B4%DB%8C%D8%B1-%D8%A2%D8%A8-%D8%AF%D8%A7%D8%B1%D8%AF-%D8%AF%D8%A7%D8%B1%D8%A7%DB%8C-%D8%B3%D8%B1%D9%85%D8%A7%DB%8C%D8%B4-%D9%88-%D8%A7%D9%86%D8%AC%D9%85%D8%A7%D8%AF-%D8%B3%D8%B1%DB%8C%D8%B9/
یخچال,دوو,78000000,,دو قلو,A+,181.6,92,72.0,5.0,3.0,684.0,D:/یخچال/image_48.jpg,https://www.digikala.com/product/dkp-18488370/%DB%8C%D8%AE%DA%86%D8%A7%D9%84-%D9%81%D8%B1%DB%8C%D8%B2%D8%B1-%D8%B3%D8%A7%DB%8C%D8%AF-%D8%A8%D8%A7%DB%8C-%D8%B3%D8%A7%DB%8C%D8%AF-28-%D9%81%D9%88%D8%AA-%D8%AF%D9%88%D9%88-%D9%85%D8%AF%D9%84-sxi20-10w-%D8%A2%D8%A8-%D8%B3%D8%B1%D8%AF%DA%A9%D9%86-%D9%88-%DB%8C%D8%AE%D8%B3%D8%A7%D8%B2-%D8%A7%D8%AA%D9%88%D9%85%D8%A7%D8%AA%DB%8C%DA%A9-%D8%A8%D8%A7-%D8%A7%D8%B1%D8%AA%D9%81%D8%A7%D8%B9-1816-%D9%BE%D9%87%D9%86%D8%A7%DB%8C-92-%D9%88-%D8%B9%D9%85%D9%82-72-%D8%B3%D8%A7%D9%86%D8%AA%DB%8C-%D9%85%D8%AA%D8%B1-%D9%85%DB%8C%D8%B2%D8%A7%D9%86-%D9%85%D8%B5%D8%B1%D9%81-%D8%A7%D9%86%D8%B1%DA%98%DB%8C-a-%D8%AF%D8%A7%D8%B1%D8%A7%DB%8C-5-%D8%B7%D8%A8%D9%82%D9%87-%D8%AF%D8%B1-%DB%8C%D8%AE%DA%86%D8%A7%D9%84-%D9%88-3-%D8%B7%D8%A8%D9%82%D9%87-%D8%AF%D8%B1-%D9%81%D8%B1%DB%8C%D8%B2%D8%B1-%D9%84%D8%B2%D9%88%D9%85-%D8%A7%D8%AA%D8%B5%D8%A7%D9%84-%D8%A8%D9%87-%D8%B4%DB%8C%D8%B1-%D8%A2%D8%A8-%D8%AF%D8%A7%D8%B1%D8%AF-%D8%AF%D8%A7%D8%B1%D8%A7%DB%8C-%D8%B3%D8%B1%D9%85%D8%A7%DB%8C%D8%B4-%D9%88-%D8%A7%D9%86%D8%AC%D9%85%D8%A7%D8%AF-%D8%B3%D8%B1%DB%8C%D8%B9/
یخچال,دوو,122500000,5.0,ساید بای ساید,A+,181.6,91.6,92.0,5.0,3.0,771.0,D:/یخچال/image_49.jpg,https://www.digikala.com/product/dkp-16354823/%DB%8C%D8%AE%DA%86%D8%A7%D9%84-%D9%88-%D9%81%D8%B1%DB%8C%D8%B2%D8%B1-%D8%B3%D8%A7%DB%8C%D8%AF-%D8%A8%D8%A7%DB%8C-%D8%B3%D8%A7%DB%8C%D8%AF-36-%D9%81%D9%88%D8%AA-%D8%AF%D9%88%D9%88-%D9%85%D8%AF%D9%84-arsxi30-20s/
یخچال,هیمالیا,37750000,2.7,یخچال و فریزر مدل فریزر پایین ( کمبی یا BMF ),A,190.0,85,67.0,3.0,,605.0,D:/یخچال/image_50.jpg,https://www.digikala.com/product/dkp-4062008/%DB%8C%D8%AE%DA%86%D8%A7%D9%84-%D9%88-%D9%81%D8%B1%DB%8C%D8%B2%D8%B1-24-%D9%81%D9%88%D8%AA-%D9%87%DB%8C%D9%85%D8%A7%D9%84%DB%8C%D8%A7-%D9%85%D8%AF%D9%84-%D8%A7%D9%85%DA%AF%D8%A7-%D9%BE%D9%84%D8%A7%D8%B3-hrfn60505/
یخچال,الکترواستیل,31900000,4.0,یخچال و فریزر مدل فریزر پایین ( کمبی یا BMF ),A+,198.0,75,73.0,4.0,,460.0,D:/یخچال/image_51.jpg,https://www.digikala.com/product/dkp-10836749/%DB%8C%D8%AE%DA%86%D8%A7%D9%84-%D9%88-%D9%81%D8%B1%DB%8C%D8%B2%D8%B1-18-%D9%81%D9%88%D8%AA-%D8%A7%D9%84%DA%A9%D8%AA%D8%B1%D9%88%D8%A7%D8%B3%D8%AA%DB%8C%D9%84-%D9%85%D8%AF%D9%84-%D9%BE%D8%B1%D8%B3%D8%AA%DB%8C%DA%98-%D9%BE%D9%84%D8%A7%D8%B3/
یخچال,امرسان,28875190,4.0,فقط یخچال,A,98.0,69,60.0,3.0,,99.0,D:/یخچال/image_52.jpg,https://www.digikala.com/product/dkp-18030730/%DB%8C%D8%AE%DA%86%D8%A7%D9%84-7-%D9%81%D9%88%D8%AA-%D8%A7%D9%85%D8%B1%D8%B3%D8%A7%D9%86-%D9%85%D8%AF%D9%84-rh7t160-cla-%D8%A8%D8%AF%D9%88%D9%86-%D8%A8%D8%B1%D9%81%DA%A9-%D8%A8%D8%A7-%D8%A7%D8%B1%D8%AA%D9%81%D8%A7%D8%B9-98-%D9%BE%D9%87%D9%86%D8%A7%DB%8C-69-%D9%88-%D8%B9%D9%85%D9%82-60-%D8%B3%D8%A7%D9%86%D8%AA%DB%8C%D9%85%D8%AA%D8%B1-%D9%85%DB%8C%D8%B2%D8%A7%D9%86-%D9%85%D8%B5%D8%B1%D9%81-%D8%A7%D9%86%D8%B1%DA%98%DB%8C-a-%D8%AF%D8%A7%D8%B1%D8%A7%DB%8C-3-%D8%B7%D8%A8%D9%82%D9%87-%D8%AF%D8%B1-%DB%8C%D8%AE%DA%86%D8%A7%D9%84-%D8%AF%D8%A7%D8%B1%D8%A7%DB%8C-%D8%B3%DB%8C%D8%B3%D8%AA%D9%85-%D8%AF%DB%8C%D9%81%D8%B1%D8%A7%D8%B3%D8%AA/
یخچال,امرسان,27790000,4.4,nan,A+,,nan,,3.0,1.0,205.0,D:/یخچال/image_53.jpg,https://www.digikala.com/product/dkp-11940818/%DB%8C%D8%AE%DA%86%D8%A7%D9%84-10-%D9%81%D9%88%D8%AA-%D8%A7%D9%85%D8%B1%D8%B3%D8%A7%D9%86-%D9%85%D8%AF%D9%84-hri1060t-cla/
یخچال,گرند,66520000,3.0,nan,A,192.0,65,63.0,5.0,1.0,634.0,D:/یخچال/image_54.jpg,https://www.digikala.com/product/dkp-12085787/%DB%8C%D8%AE%DA%86%D8%A7%D9%84-%D9%81%D8%B1%DB%8C%D8%B2%D8%B1-%D8%AF%D9%88%D9%82%D9%84%D9%88-40-%D9%81%D9%88%D8%AA-%DA%AF%D8%B1%D9%86%D8%AF-%D9%85%D8%AF%D9%84-%D9%85%D8%AF%D9%88%D9%86%D8%A7-%D8%AF%D8%A7%D8%B1%D8%A7%DB%8C-%D8%A2%D8%A8%D8%B3%D8%B1%D8%AF%DA%A9%D9%86-%D9%88-%DB%8C%D8%AE%D8%B3%D8%A7%D8%B2-%D8%A7%D8%AA%D9%88%D9%85%D8%A7%D8%AA%DB%8C%DA%A9-%D9%85%DB%8C%D8%B2%D8%A7%D9%86-%D9%85%D8%B5%D8%B1%D9%81-%D8%A7%D9%86%D8%B1%DA%98%DB%8C-a-%D8%AF%D8%A7%D8%B1%D8%A7%DB%8C-5-%D8%B7%D8%A8%D9%82%D9%87-%D8%AF%D8%B1-%DB%8C%D8%AE%DA%86%D8%A7%D9%84-%D9%88-1-%D8%B7%D8%A8%D9%82%D9%87-%D8%AF%D8%B1-%D9%81%D8%B1%DB%8C%D8%B2%D8%B1-%D8%AF%D8%A7%D8%B1%D8%A7%DB%8C-%D8%B3%DB%8C%D8%B3%D8%AA%D9%85-%D9%86%D9%88%D9%81%D8%B1%D8%A7%D8%B3%D8%AA-%D8%AF%D8%A7%D8%B1%D8%A7%DB%8C-%D9%81%DB%8C%D9%84%D8%AA%D8%B1-%D8%AA%D8%B5%D9%81%DB%8C%D9%87-%D8%A2%D8%A8/
یخچال,هیمالیا,64130000,3.7,nan,A,,nan,,5.0,,697.0,D:/یخچال/image_55.jpg,https://www.digikala.com/product/dkp-4460284/%DB%8C%D8%AE%DA%86%D8%A7%D9%84-%D9%88-%D9%81%D8%B1%DB%8C%D8%B2%D8%B1-%D8%AF%D9%88%D9%82%D9%84%D9%88-34-%D9%81%D9%88%D8%AA-%D9%87%DB%8C%D9%85%D8%A7%D9%84%DB%8C%D8%A7-%D9%85%D8%AF%D9%84-%D8%A2%DB%8C%D8%B3-%D9%BE%D9%88%D9%84-nr440ip-hfzn337/
یخچال,اسنوا,41184840,3.7,یخچال و فریزر مدل فریزر بالا (TMF),A+,183.0,86,77.0,3.0,2.0,522.0,D:/یخچال/image_56.jpg,https://www.digikala.com/product/dkp-17226083/%DB%8C%D8%AE%DA%86%D8%A7%D9%84-%D9%88-%D9%81%D8%B1%DB%8C%D8%B2%D8%B1-27-%D9%81%D9%88%D8%AA-%D8%A7%D8%B3%D9%86%D9%88%D8%A7-%D9%85%D8%AF%D9%84-stdi-l%DB%B3%DB%B0%DB%B0/
یخچال,امرسان,27007780,3.8,nan,A,,nan,,4.0,1.0,345.0,D:/یخچال/image_57.jpg,https://www.digikala.com/product/dkp-10882616/%DB%8C%D8%AE%DA%86%D8%A7%D9%84-%D9%88-%D9%81%D8%B1%DB%8C%D8%B2%D8%B1-22-%D9%81%D9%88%D8%AA-%D8%A7%D9%85%D8%B1%D8%B3%D8%A7%D9%86-%D9%85%D8%AF%D9%84-em52/
یخچال,امرسان,21009640,3.9,nan,A,,nan,,4.0,2.0,380.0,D:/یخچال/image_58.jpg,https://www.digikala.com/product/dkp-2143918/%DB%8C%D8%AE%DA%86%D8%A7%D9%84-%D9%88-%D9%81%D8%B1%DB%8C%D8%B2%D8%B1-18-%D9%81%D9%88%D8%AA-%D8%A7%D9%85%D8%B1%D8%B3%D8%A7%D9%86-%D9%85%D8%AF%D9%84-tfn18d/
یخچال,هیمالیا,67990000,3.9,nan,A,,nan,,5.0,7.0,739.0,D:/یخچال/image_59.jpg,https://www.digikala.com/product/dkp-5545717/%DB%8C%D8%AE%DA%86%D8%A7%D9%84-%D9%88-%D9%81%D8%B1%DB%8C%D8%B2%D8%B1-%D8%AF%D9%88%D9%82%D9%84%D9%88-36-%D9%81%D9%88%D8%AA-%D9%87%DB%8C%D9%85%D8%A7%D9%84%DB%8C%D8%A7-%D9%85%D8%AF%D9%84-%D8%B1%D9%88%D9%85%D8%A7%D9%86%D9%88-%D9%BE%D9%84%D8%A7%D8%B3-nr440r-hfzn337r/
یخچال,هیمالیا,32000000,3.4,nan,A,,nan,,4.0,4.0,505.0,D:/یخچال/image_60.jpg,https://www.digikala.com/product/dkp-12830485/%DB%8C%D8%AE%DA%86%D8%A7%D9%84-%D9%88-%D9%81%D8%B1%DB%8C%D8%B2%D8%B1-27-%D9%81%D9%88%D8%AA-%D9%87%DB%8C%D9%85%D8%A7%D9%84%DB%8C%D8%A7-%D9%85%D8%AF%D9%84-hrfn43001-1/
یخچال,کلور,35600000,4.2,یخچال و فریزر مدل فریزر پایین ( کمبی یا BMF ),A+,199.0,74,70.0,3.0,4.0,432.0,D:/یخچال/image_61.jpg,https://www.digikala.com/product/dkp-345160/%DB%8C%D8%AE%DA%86%D8%A7%D9%84-%D9%88-%D9%81%D8%B1%DB%8C%D8%B2%D8%B1-27-%D9%81%D9%88%D8%AA-%DA%A9%D9%84%D9%88%D8%B1-%D9%85%D8%AF%D9%84-frnt101/
یخچال,دوو,88886000,,دو قلو,A+,180.0,120,66.0,5.0,2.0,591.0,D:/یخچال/image_62.jpg,https://www.digikala.com/product/dkp-17906458/%DB%8C%D8%AE%DA%86%D8%A7%D9%84-%D9%81%D8%B1%DB%8C%D8%B2%D8%B1-%D8%AF%D9%88%D9%82%D9%84%D9%88-40-%D9%81%D9%88%D8%AA-%D8%AF%D9%88%D9%88-%D9%85%D8%AF%D9%84-srisfi-21ss/
یخچال,دیپوینت,42000000,4.1,یخچال و فریزر مدل فریزر پایین ( کمبی یا BMF ),A,190.0,86,77.0,3.0,3.0,572.0,D:/یخچال/image_63.jpg,https://www.digikala.com/product/dkp-6547871/%DB%8C%D8%AE%DA%86%D8%A7%D9%84-%D9%88-%D9%81%D8%B1%DB%8C%D8%B2%D8%B1-28-%D9%81%D9%88%D8%AA-%D8%AF%DB%8C%D9%BE%D9%88%DB%8C%D9%86%D8%AA-%D9%85%D8%AF%D9%84-boss/
یخچال,اسنوا,110000000,4.0,ساید بای ساید,A+,181.0,91,92.0,5.0,4.0,719.0,D:/یخچال/image_64.jpg,https://www.digikala.com/product/dkp-17287623/%DB%8C%D8%AE%DA%86%D8%A7%D9%84-%D9%88-%D9%81%D8%B1%DB%8C%D8%B2%D8%B1-%D8%B3%D8%A7%DB%8C%D8%AF-%D8%A8%D8%A7%DB%8C-%D8%B3%D8%A7%DB%8C%D8%AF-35-%D9%81%D9%88%D8%AA-%D8%A7%D8%B3%D9%86%D9%88%D8%A7-%D9%85%D8%AF%D9%84-ars3di-l300s/
یخچال,دوو,43280000,5.0,یخچال و فریزر مدل فریزر بالا (TMF),A+,180.0,86,75.5,3.0,2.0,503.0,D:/یخچال/image_65.jpg,https://www.digikala.com/product/dkp-17338765/%DB%8C%D8%AE%DA%86%D8%A7%D9%84-%D9%88-%D9%81%D8%B1%DB%8C%D8%B2%D8%B1-28-%D9%81%D9%88%D8%AA-%D8%AF%D9%88%D9%88-%D9%85%D8%AF%D9%84-tmi-30mw/
یخچال,اسنوا,73027570,3.0,ساید بای ساید,A+,181.0,91,72.0,4.0,4.0,563.0,D:/یخچال/image_66.jpg,https://www.digikala.com/product/dkp-16984300/%DB%8C%D8%AE%DA%86%D8%A7%D9%84-%D9%88-%D9%81%D8%B1%DB%8C%D8%B2%D8%B1-%D8%B3%D8%A7%DB%8C%D8%AF-%D8%A8%D8%A7%DB%8C-%D8%B3%D8%A7%DB%8C%D8%AF-28-%D9%81%D9%88%D8%AA-%D8%A7%D8%B3%D9%86%D9%88%D8%A7-%D9%85%D8%AF%D9%84-s1di-s100-w/
یخچال,ایران شرق,55000000,4.5,nan,B,,nan,,5.0,1.0,634.0,D:/یخچال/image_67.jpg,https://www.digikala.com/product/dkp-11351497/%DB%8C%D8%AE%DA%86%D8%A7%D9%84-%D9%88-%D9%81%D8%B1%DB%8C%D8%B2%D8%B1-%D8%AF%D9%88%D9%82%D9%84%D9%88-44-%D9%81%D9%88%D8%AA-%D8%A7%DB%8C%D8%B1%D8%A7%D9%86%D8%B4%D8%B1%D9%82-%D9%85%D8%AF%D9%84-%D9%81%D9%84%D9%88%D8%B1%D8%A7%D9%86%D8%B3/
یخچال,الکترواستیل,17727000,3.9,nan,A++,,nan,,4.0,2.0,310.0,D:/یخچال/image_68.jpg,https://www.digikala.com/product/dkp-10829168/%DB%8C%D8%AE%DA%86%D8%A7%D9%84-%D9%88-%D9%81%D8%B1%DB%8C%D8%B2%D8%B1-14-%D9%81%D9%88%D8%AA-%D8%A7%D9%84%DA%A9%D8%AA%D8%B1%D9%88%D8%A7%D8%B3%D8%AA%DB%8C%D9%84-%D9%85%D8%AF%D9%84-%DA%A9%D8%A7%D8%B1%D8%A7-%D9%BE%D9%84%D8%A7%D8%B3-%D8%B3%D9%81%DB%8C%D8%AF/
یخچال,اسنوا,42520000,5.0,یخچال و فریزر مدل فریزر پایین ( کمبی یا BMF ),A+,180.0,81,75.0,3.0,,497.0,D:/یخچال/image_69.jpg,https://www.digikala.com/product/dkp-16159912/%DB%8C%D8%AE%DA%86%D8%A7%D9%84-%D9%88-%D9%81%D8%B1%DB%8C%D8%B2%D8%B1-27-%D9%81%D9%88%D8%AA-%D8%A7%D8%B3%D9%86%D9%88%D8%A7-%D9%85%D8%AF%D9%84-sbd-l300-ss/
یخچال,امرسان,38070030,4.5,یخچال و فریزر مدل فریزر پایین ( کمبی یا BMF ),A,199.0,82,76.0,4.0,3.0,470.0,D:/یخچال/image_70.jpg,https://www.digikala.com/product/dkp-16652452/%DB%8C%D8%AE%DA%86%D8%A7%D9%84-%D9%88-%D9%81%D8%B1%DB%8C%D8%B2%D8%B1-24-%D9%81%D9%88%D8%AA-%D8%A7%D9%85%D8%B1%D8%B3%D8%A7%D9%86-%D9%85%D8%AF%D9%84-cb24a1/
یخچال,هیمالیا,39080000,3.8,nan,A,190.0,84,75.0,3.0,,495.0,D:/یخچال/image_71.jpg,https://www.digikala.com/product/dkp-4471690/%DB%8C%D8%AE%DA%86%D8%A7%D9%84-%D9%88-%D9%81%D8%B1%DB%8C%D8%B2%D8%B1-24-%D9%81%D9%88%D8%AA-%D9%87%DB%8C%D9%85%D8%A7%D9%84%DB%8C%D8%A7-%D9%85%D8%AF%D9%84-%D8%A7%D9%85%DA%AF%D8%A7-%D9%87%D9%88%D9%85-%D8%A8%D8%A7%D8%B1%D8%AF%D8%A7%D8%B1-hrfn605-hb/
یخچال,سام,60840000,3.3,nan,A,,nan,,5.0,2.0,675.0,D:/یخچال/image_72.jpg,https://www.digikala.com/product/dkp-10618706/%DB%8C%D8%AE%DA%86%D8%A7%D9%84-%D9%88-%D9%81%D8%B1%DB%8C%D8%B2%D8%B1-%D8%AF%D9%88%D9%82%D9%84%D9%88-40-%D9%81%D9%88%D8%AA-%D8%B3%D8%A7%D9%85-%D9%85%D8%AF%D9%84-rr60-rz60w/
یخچال,لئوکو,9911470,4.1,nan,A,,nan,,3.0,1.0,220.0,D:/یخچال/image_73.jpg,https://www.digikala.com/product/dkp-14224132/%DB%8C%D8%AE%DA%86%D8%A7%D9%84-9-%D9%81%D9%88%D8%AA-%D9%84%D8%A6%D9%88%DA%A9%D9%88-%D9%85%D8%AF%D9%84-lr109/
یخچال,اسنوا,88980000,4.8,ساید بای ساید,A+,181.6,91.6,84.0,5.0,4.0,630.0,D:/یخچال/image_74.jpg,https://www.digikala.com/product/dkp-17334504/%DB%8C%D8%AE%DA%86%D8%A7%D9%84-%D9%88-%D9%81%D8%B1%DB%8C%D8%B2%D8%B1-%D8%B3%D8%A7%DB%8C%D8%AF-%D8%A8%D8%A7%DB%8C-%D8%B3%D8%A7%DB%8C%D8%AF-32-%D9%81%D9%88%D8%AA-%D8%A7%D8%B3%D9%86%D9%88%D8%A7-%D9%85%D8%AF%D9%84-s1di-m210-w/
یخچال,جی پلاس,71550000,2.0,ساید بای ساید,A++,177.0,91,85.0,4.0,4.0,760.0,D:/یخچال/image_75.jpg,https://www.digikala.com/product/dkp-17851324/%DB%8C%D8%AE%DA%86%D8%A7%D9%84-%D9%88-%D9%81%D8%B1%DB%8C%D8%B2%D8%B1-32-%D9%81%D9%88%D8%AA-%D8%AC%DB%8C-%D9%BE%D9%84%D8%A7%D8%B3-%D9%85%D8%AF%D9%84-gss-p7921w/
یخچال,هیمالیا,11900000,4.0,nan,A,,nan,,2.0,1.0,123.0,D:/یخچال/image_76.jpg,https://www.digikala.com/product/dkp-6063050/%DB%8C%D8%AE%DA%86%D8%A7%D9%84-9-%D9%81%D9%88%D8%AA-%D9%87%DB%8C%D9%85%D8%A7%D9%84%DB%8C%D8%A7-%D9%85%D8%AF%D9%84-hred190/
یخچال,اسنوا,87870000,3.3,ساید بای ساید,A+,181.0,91,84.0,5.0,3.0,630.0,D:/یخچال/image_77.jpg,https://www.digikala.com/product/dkp-16681809/%DB%8C%D8%AE%DA%86%D8%A7%D9%84-%D9%88-%D9%81%D8%B1%DB%8C%D8%B2%D8%B1-%D8%B3%D8%A7%DB%8C%D8%AF-%D8%A8%D8%A7%DB%8C-%D8%B3%D8%A7%DB%8C%D8%AF-32-%D9%81%D9%88%D8%AA-%D8%A7%D8%B3%D9%86%D9%88%D8%A7-%D9%85%D8%AF%D9%84-s2di-m210-w/
یخچال,هیمالیا,64425000,3.6,nan,A,,nan,,5.0,3.0,830.0,D:/یخچال/image_78.jpg,https://www.digikala.com/product/dkp-13662071/%DB%8C%D8%AE%DA%86%D8%A7%D9%84-%D9%88-%D9%81%D8%B1%DB%8C%D8%B2%D8%B1-%D8%AF%D9%88%D9%82%D9%84%D9%88-36-%D9%81%D9%88%D8%AA-%D9%87%DB%8C%D9%85%D8%A7%D9%84%DB%8C%D8%A7-%D9%85%D8%AF%D9%84-%D8%A2%DB%8C%D8%B3-%D8%A7%DB%8C%D8%AC-hren45001-hfzn38002/
یخچال,هیمالیا,10490000,3.6,یخچال و فریزر سایز مینی,A,91.0,60,58.0,2.0,1.0,198.0,D:/یخچال/image_79.jpg,https://www.digikala.com/product/dkp-17083905/%D9%8A%D8%AE%DA%86%D8%A7%D9%84-7-%D9%81%D9%88%D8%AA-%D9%87%D9%8A%D9%85%D8%A7%D9%84%D9%8A%D8%A7-%D9%85%D8%AF%D9%84-r160aeg/
یخچال,اسنوا,97193400,5.0,ساید بای ساید,A+,181.0,91,94.0,5.0,4.0,630.0,D:/یخچال/image_80.jpg,https://www.digikala.com/product/dkp-17287448/%DB%8C%D8%AE%DA%86%D8%A7%D9%84-%D9%88-%D9%81%D8%B1%DB%8C%D8%B2%D8%B1-%D8%B3%D8%A7%DB%8C%D8%AF-%D8%A8%D8%A7%DB%8C-%D8%B3%D8%A7%DB%8C%D8%AF-32-%D9%81%D9%88%D8%AA-%D8%A7%D8%B3%D9%86%D9%88%D8%A7-%D9%85%D8%AF%D9%84-ars3di-m200w/
یخچال,کندی,43500000,,ساید بای ساید,A+,180.0,84,76.0,2.0,,530.0,D:/یخچال/image_81.jpg,https://www.digikala.com/product/dkp-16927845/%DB%8C%D8%AE%DA%86%D8%A7%D9%84-%D9%88-%D9%81%D8%B1%DB%8C%D8%B2%D8%B1-%D8%B3%D8%A7%DB%8C%D8%AF-%D8%A8%D8%A7%DB%8C-%D8%B3%D8%A7%DB%8C%D8%AF-19-%D9%81%D9%88%D8%AA-%DA%A9%D9%86%D8%AF%DB%8C-%D9%85%D8%AF%D9%84-fcr-19w/
یخچال,پاکشوما,53700000,,دو قلو,A+,187.0,118,73.0,5.0,3.0,900.0,D:/یخچال/image_82.jpg,https://www.digikala.com/product/dkp-17985161/%DB%8C%D8%AE%DA%86%D8%A7%D9%84-%D9%81%D8%B1%DB%8C%D8%B2%D8%B1-%D8%AF%D9%88%D9%82%D9%84%D9%88-%D9%BE%D8%A7%DA%A9%D8%B4%D9%88%D9%85%D8%A7-%D9%85%D8%AF%D9%84-rtra-rtfa901-iw-e2-%D8%B3%D8%B1%DB%8C-twin-peaks-%D8%AF%D8%A7%D8%B1%D8%A7%DB%8C-%D9%86%D9%85%D8%A7%DB%8C%D8%B4%DA%AF%D8%B1-%D9%88-%D8%A8%D8%AF%D9%88%D9%86-%D8%A8%D8%B1%D9%81%DA%A9-%D8%A8%D8%A7-%D8%A7%D8%B1%D8%AA%D9%81%D8%A7%D8%B9-187-%D9%BE%D9%87%D9%86%D8%A7%DB%8C-118-%D9%88-%D8%B9%D9%85%D9%82-73-%D8%B3%D8%A7%D9%86%D8%AA%DB%8C%D9%85%D8%AA%D8%B1-%D9%85%DB%8C%D8%B2%D8%A7%D9%86-%D9%85%D8%B5%D8%B1%D9%81-%D8%A7%D9%86%D8%B1%DA%98%DB%8C-a-%D8%AF%D8%A7%D8%B1%D8%A7%DB%8C-5-%D8%B7%D8%A8%D9%82%D9%87-%D8%AF%D8%B1-%DB%8C%D8%AE%DA%86%D8%A7%D9%84-%D9%88-4-%DA%A9%D8%B4%D9%88-%D8%AF%D8%B1-%D9%81%D8%B1%DB%8C%D8%B2%D8%B1/
یخچال,بلانتون,65669000,3.0,ساید بای ساید,A+,181.0,90,85.0,5.0,3.0,585.0,D:/یخچال/image_83.jpg,https://www.digikala.com/product/dkp-11124692/%DB%8C%D8%AE%DA%86%D8%A7%D9%84-%D9%88-%D9%81%D8%B1%DB%8C%D8%B2%D8%B1-%D8%B3%D8%A7%DB%8C%D8%AF-%D8%A8%D8%A7%DB%8C-%D8%B3%D8%A7%DB%8C%D8%AF-32-%D9%81%D9%88%D8%AA-%D8%A8%D9%84%D8%A7%D9%86%D8%AA%D9%88%D9%86-%D9%85%D8%AF%D9%84-rf3202/
یخچال,اسنوا,107357020,,ساید بای ساید,A+,181.0,91,92.0,5.0,4.0,719.0,D:/یخچال/image_84.jpg,https://www.digikala.com/product/dkp-17288427/%DB%8C%D8%AE%DA%86%D8%A7%D9%84-%D9%88-%D9%81%D8%B1%DB%8C%D8%B2%D8%B1-%D8%B3%D8%A7%DB%8C%D8%AF-%D8%A8%D8%A7%DB%8C-%D8%B3%D8%A7%DB%8C%D8%AF-35-%D9%81%D9%88%D8%AA-%D8%A7%D8%B3%D9%86%D9%88%D8%A7-%D9%85%D8%AF%D9%84-ars3di-l300w/
یخچال,متفرقه,42000000,4.0,nan,A,,nan,,5.0,4.0,906.0,D:/یخچال/image_85.jpg,https://www.digikala.com/product/dkp-12085407/%DB%8C%D8%AE%DA%86%D8%A7%D9%84-%D9%81%D8%B1%DB%8C%D8%B2%D8%B1-%D8%B3%D8%A7%DB%8C%D8%AF-%D8%A8%D8%A7%DB%8C-%D8%B3%D8%A7%DB%8C%D8%AF-32-%D9%81%D9%88%D8%AA-%D8%A7%D8%B3%D8%AA%DB%8C%D9%84%D9%88%D9%86-%D9%85%D8%AF%D9%84-inverno/
یخچال,هیمالیا,32000000,4.0,nan,A,,nan,,3.0,,410.0,D:/یخچال/image_86.jpg,https://www.digikala.com/product/dkp-4608646/%DB%8C%D8%AE%DA%86%D8%A7%D9%84-%D9%88-%D9%81%D8%B1%DB%8C%D8%B2%D8%B1-18-%D9%81%D9%88%D8%AA-%D9%87%DB%8C%D9%85%D8%A7%D9%84%DB%8C%D8%A7-%D9%85%D8%AF%D9%84-tncom53008/
یخچال,اسنوا,83990000,4.6,nan,A+,,nan,,5.0,,684.0,D:/یخچال/image_87.jpg,https://www.digikala.com/product/dkp-6359739/%DB%8C%D8%AE%DA%86%D8%A7%D9%84-%D9%88-%D9%81%D8%B1%DB%8C%D8%B2%D8%B1-%D8%B3%D8%A7%DB%8C%D8%AF-%D8%A8%D8%A7%DB%8C-%D8%B3%D8%A7%DB%8C%D8%AF-%D8%A7%D8%B3%D9%86%D9%88%D8%A7-%D9%85%D8%AF%D9%84-sn8-3320gw/
یخچال,اسنوا,76896690,,ساید بای ساید,A+,181.6,91.6,84.0,5.0,3.0,719.0,D:/یخچال/image_88.jpg,https://www.digikala.com/product/dkp-17337077/%DB%8C%D8%AE%DA%86%D8%A7%D9%84-%D9%88-%D9%81%D8%B1%DB%8C%D8%B2%D8%B1-%D8%B3%D8%A7%DB%8C%D8%AF-%D8%A8%D8%A7%DB%8C-%D8%B3%D8%A7%DB%8C%D8%AF-32-%D9%81%D9%88%D8%AA-%D8%A7%D8%B3%D9%86%D9%88%D8%A7-%D9%85%D8%AF%D9%84-s1di-m200-w/
یخچال,پلار,8720000,3.6,nan,A,,nan,,2.0,1.0,114.0,D:/یخچال/image_89.jpg,https://www.digikala.com/product/dkp-14559574/%D9%8A%D8%AE%D8%AC%D8%A7%D9%84-%D9%88-%D9%81%D8%B1%D9%8A%D8%B2%D8%B1-%D9%BE%D9%84%D8%A7%D8%B1-6-%D9%81%D9%88%D8%AA/
یخچال,اسنوا,78750510,3.0,ساید بای ساید,A+,181.6,91.6,84.0,5.0,3.0,630.0,D:/یخچال/image_90.jpg,https://www.digikala.com/product/dkp-17465722/%DB%8C%D8%AE%DA%86%D8%A7%D9%84-%D9%88-%D9%81%D8%B1%DB%8C%D8%B2%D8%B1-%D8%B3%D8%A7%DB%8C%D8%AF-%D8%A8%D8%A7%DB%8C-%D8%B3%D8%A7%DB%8C%D8%AF-27-%D9%81%D9%88%D8%AA-%D8%A7%D8%B3%D9%86%D9%88%D8%A7-%D9%85%D8%AF%D9%84-s1di-m200-s/
یخچال,بنس,86100000,3.0,nan,A+,,nan,,5.0,7.0,601.0,D:/یخچال/image_91.jpg,https://www.digikala.com/product/dkp-8939667/%DB%8C%D8%AE%DA%86%D8%A7%D9%84-%D9%88-%D9%81%D8%B1%DB%8C%D8%B2%D8%B1-%D8%AF%D9%88%D9%82%D9%84%D9%88-36-%D9%81%D9%88%D8%AA-%D8%A8%D9%86%D8%B3-%D9%85%D8%AF%D9%84-polaris/
یخچال,اسنوا,90499000,3.3,ساید بای ساید,A+,181.6,91.6,92.0,5.0,4.0,777.0,D:/یخچال/image_92.jpg,https://www.digikala.com/product/dkp-17336632/%DB%8C%D8%AE%DA%86%D8%A7%D9%84-%D9%88-%D9%81%D8%B1%DB%8C%D8%B2%D8%B1-%D8%B3%D8%A7%DB%8C%D8%AF-%D8%A8%D8%A7%DB%8C-%D8%B3%D8%A7%DB%8C%D8%AF-35-%D9%81%D9%88%D8%AA-%D8%A7%D8%B3%D9%86%D9%88%D8%A7-%D9%85%D8%AF%D9%84-s2di-l310-w/
یخچال,جی پلاس,34900000,5.0,nan,A++,184.0,79.8,71.0,4.0,2.0,548.0,D:/یخچال/image_93.jpg,https://www.digikala.com/product/dkp-17849880/%DB%8C%D8%AE%DA%86%D8%A7%D9%84-%D9%88-%D9%81%D8%B1%DB%8C%D8%B2%D8%B1-32-%D9%81%D9%88%D8%AA-%D8%AC%DB%8C-%D9%BE%D9%84%D8%A7%D8%B3-%D9%85%D8%AF%D9%84-grf-p5325s/
یخچال,سیلوان,58000000,,nan,A,185.0,65,67.0,5.0,2.0,565.0,D:/یخچال/image_94.jpg,https://www.digikala.com/product/dkp-17185939/%DB%8C%D8%AE%DA%86%D8%A7%D9%84-%D9%88-%D9%81%D8%B1%DB%8C%D8%B2%D8%B1-%D8%AF%D9%88%D9%82%D9%84%D9%88-40-%D9%81%D9%88%D8%AA-%D8%B3%DB%8C%D9%84%D9%88%D8%A7%D9%86-%D9%85%D8%AF%D9%84-fn-6003/
یخچال,امرسان,25359600,3.4,nan,A++,,nan,,4.0,2.0,293.0,D:/یخچال/image_95.jpg,https://www.digikala.com/product/dkp-16651216/%DB%8C%D8%AE%DA%86%D8%A7%D9%84-%D9%88-%D9%81%D8%B1%DB%8C%D8%B2%D8%B1-16-%D9%81%D9%88%D8%AA-%D8%A7%D9%85%D8%B1%D8%B3%D8%A7%D9%86-%D9%85%D8%AF%D9%84-cb16cla-c01/
یخچال,دیپوینت,57000000,,دو قلو,A,183.0,60,63.0,5.0,1.0,607.0,D:/یخچال/image_96.jpg,https://www.digikala.com/product/dkp-18478679/%DB%8C%D8%AE%DA%86%D8%A7%D9%84-%D9%88-%D9%81%D8%B1%DB%8C%D8%B2%D8%B1-%D8%AF%D9%88%D9%82%D9%84%D9%88-40-%D9%81%D9%88%D8%AA-%D8%AF%DB%8C%D9%BE%D9%88%DB%8C%D9%86%D8%AA-%D9%85%D8%AF%D9%84-d5e/
یخچال,جی پلاس,75000000,1.0,nan,A++,,nan,,4.0,4.0,760.0,D:/یخچال/image_97.jpg,https://www.digikala.com/product/dkp-17851392/%DB%8C%D8%AE%DA%86%D8%A7%D9%84-%D9%88-%D9%81%D8%B1%DB%8C%D8%B2%D8%B1-32-%D9%81%D9%88%D8%AA-%D8%AC%DB%8C-%D9%BE%D9%84%D8%A7%D8%B3-%D9%85%D8%AF%D9%84-gss-p7921bs/
یخچال,لئوکو,77598670,5.0,nan,B,,nan,,5.0,4.0,685.0,D:/یخچال/image_98.jpg,https://www.digikala.com/product/dkp-13626232/%DB%8C%D8%AE%DA%86%D8%A7%D9%84-%D9%88-%D9%81%D8%B1%DB%8C%D8%B2%D8%B1-%D8%AF%D9%88%D9%82%D9%84%D9%88-%D9%84%D8%A6%D9%88%DA%A9%D9%88-%D9%85%D8%AF%D9%84-internal-clone-1-of-13626222/
یخچال,امرسان,26900000,1.8,فقط یخچال,A+,135.0,60,72.5,3.0,1.0,205.0,D:/یخچال/image_99.jpg,https://www.digikala.com/product/dkp-16650890/%DB%8C%D8%AE%DA%86%D8%A7%D9%84-10-%D9%81%D9%88%D8%AA-%D8%A7%D9%85%D8%B1%D8%B3%D8%A7%D9%86-%D9%85%D8%AF%D9%84-r10cla/
یخچال,کلور,90000000,3.8,nan,A+,,nan,,5.0,2.0,695.0,D:/یخچال/image_100.jpg,https://www.digikala.com/product/dkp-12124644/%DB%8C%D8%AE%DA%86%D8%A7%D9%84-%D9%88-%D9%81%D8%B1%DB%8C%D8%B2%D8%B1-40-%D9%81%D9%88%D8%AA-%DA%A9%D9%84%D9%88%D8%B1-%D9%85%D8%AF%D9%84-%D8%B1%D9%88%D8%B3%D9%88-%D9%BE%D9%84%D8%A7%D8%B3/
یخچال,اسنوا,74830000,5.0,nan,A+,,nan,,5.0,2.0,558.0,D:/یخچال/image_101.jpg,https://www.digikala.com/product/dkp-16159776/%DB%8C%D8%AE%DA%86%D8%A7%D9%84-%D9%88-%D9%81%D8%B1%DB%8C%D8%B2%D8%B1-%D8%AF%D9%88%D9%82%D9%84%D9%88-%DB%B3%DB%B8-%D9%81%D9%88%D8%AA-%D8%A7%D8%B3%D9%86%D9%88%D8%A7-%D9%85%D8%AF%D9%84-srd-sfd-m%DB%B2%DB%B1%DB%B1ss/
یخچال,لئوکو,40015510,4.0,nan,A,,nan,,3.0,,620.0,D:/یخچال/image_102.jpg,https://www.digikala.com/product/dkp-13625728/%DB%8C%D8%AE%DA%86%D8%A7%D9%84-%D9%88-%D9%81%D8%B1%DB%8C%D8%B2%D8%B1-%D9%84%D8%A6%D9%88%DA%A9%D9%88-%D9%85%D8%AF%D9%84-lrf85b5/
یخچال,تکسان,52299000,,دو قلو,B,185.0,130,65.0,5.0,3.0,385.0,D:/یخچال/image_103.jpg,https://www.digikala.com/product/dkp-18213722/%DB%8C%D8%AE%DA%86%D8%A7%D9%84-%D9%88-%D9%81%D8%B1%DB%8C%D8%B2%D8%B1-44-%D9%81%D9%88%D8%AA-%D8%AF%D9%88%D9%82%D9%84%D9%88-%D8%AA%DA%A9%D8%B3%D8%A7%D9%86-%D9%85%D8%AF%D9%84-%D8%AA%DA%A9/
یخچال,امرسان,14904380,4.0,فقط یخچال,A,128.0,60,68.0,3.0,1.0,207.0,D:/یخچال/image_104.jpg,https://www.digikala.com/product/dkp-16625496/%DB%8C%D8%AE%DA%86%D8%A7%D9%84-10-%D9%81%D9%88%D8%AA-%D8%A7%D9%85%D8%B1%D8%B3%D8%A7%D9%86-%D9%85%D8%AF%D9%84-r10m-w01/
یخچال,اسنوا,70510000,,nan,A+,180.0,120,67.5,5.0,2.0,588.0,D:/یخچال/image_105.jpg,https://www.digikala.com/product/dkp-17335706/%DB%8C%D8%AE%DA%86%D8%A7%D9%84-%D9%88-%D9%81%D8%B1%DB%8C%D8%B2%D8%B1-%D8%AF%D9%88%D9%82%D9%84%D9%88-38-%D9%81%D9%88%D8%AA-%D8%A7%D8%B3%D9%86%D9%88%D8%A7-%D9%85%D8%AF%D9%84-srdisfdi-m211ss/
یخچال,پاکشوما,54870000,,nan,A+,,nan,,5.0,3.0,900.0,D:/یخچال/image_106.jpg,https://www.digikala.com/product/dkp-18140204/%DB%8C%D8%AE%DA%86%D8%A7%D9%84-%D9%88-%D9%81%D8%B1%DB%8C%D8%B2%D8%B1-%D8%AF%D9%88%D9%82%D9%84%D9%88-%D9%BE%D8%A7%DA%A9%D8%B4%D9%88%D9%85%D8%A7-%D9%85%D8%AF%D9%84-rtra-rtfa%DB%B9%DB%B0%DB%B1iw-n%DB%B2/
یخچال,جی پلاس,72499000,4.2,دو قلو,A++,185.0,119,65.0,4.0,3.0,690.0,D:/یخچال/image_107.jpg,https://www.digikala.com/product/dkp-17438469/%DB%8C%D8%AE%DA%86%D8%A7%D9%84-%D9%88-%D9%81%D8%B1%DB%8C%D8%B2%D8%B1-%D8%AF%D9%88%D9%82%D9%84%D9%88-40-%D9%81%D9%88%D8%AA-%D8%AC%DB%8C-%D9%BE%D9%84%D8%A7%D8%B3-%D9%85%D8%AF%D9%84-grf-p2735lsfs/
یخچال,جی پلاس,58000000,3.8,ساید بای ساید,A++,177.0,67,90.7,4.0,4.0,507.0,D:/یخچال/image_108.jpg,https://www.digikala.com/product/dkp-15985474/%DB%8C%D8%AE%DA%86%D8%A7%D9%84-%D9%81%D8%B1%DB%8C%D8%B2%D8%B1-%D8%B3%D8%A7%DB%8C%D8%AF-%D8%A8%D8%A7%DB%8C-%D8%B3%D8%A7%DB%8C%D8%AF-28-%D9%81%D9%88%D8%AA-%D8%AC%DB%8C-%D9%BE%D9%84%D8%A7%D8%B3-%D9%85%D8%AF%D9%84-gss-p7535bs-%D8%A8%D8%A7-%D8%A7%D8%B1%D8%AA%D9%81%D8%A7%D8%B9-177-%D9%BE%D9%87%D9%86%D8%A7%DB%8C-67-%D9%88-%D8%B9%D9%85%D9%82-907-%D8%B3%D8%A7%D9%86%D8%AA%DB%8C-%D9%85%D8%AA%D8%B1-%D9%85%DB%8C%D8%B2%D8%A7%D9%86-%D9%85%D8%B5%D8%B1%D9%81-%D8%A7%D9%86%D8%B1%DA%98%DB%8C-a-%D8%AF%D8%A7%D8%B1%D8%A7%DB%8C-4-%D8%B7%D8%A8%D9%82%D9%87-%D8%AF%D8%B1-%DB%8C%D8%AE%DA%86%D8%A7%D9%84-%D9%88-4-%D8%B7%D8%A8%D9%82%D9%87-%D8%AF%D8%B1-%D9%81%D8%B1%DB%8C%D8%B2%D8%B1-%D8%AF%D8%A7%D8%B1%D8%A7%DB%8C-%D8%B3%DB%8C%D8%B3%D8%AA%D9%85-%D9%86%D9%88%D9%81%D8%B1%D8%A7%D8%B3%D8%AA/
یخچال,امرسان,23100000,4.1,یخچال و فریزر مدل فریزر بالا (TMF),A,182.0,67,66.0,4.0,4.0,470.0,D:/یخچال/image_109.jpg,https://www.digikala.com/product/dkp-16651862/%DB%8C%D8%AE%DA%86%D8%A7%D9%84-%D9%88-%D9%81%D8%B1%DB%8C%D8%B2%D8%B1-18-%D9%81%D9%88%D8%AA-%D8%A7%D9%85%D8%B1%D8%B3%D8%A7%D9%86-%D9%85%D8%AF%D9%84-cb18hd/
یخچال,امرسان,22711070,4.3,فقط یخچال,A,,,,7.0,,385.0,D:/یخچال/image_110.jpg,https://www.digikala.com/product/dkp-16650799/%DB%8C%D8%AE%DA%86%D8%A7%D9%84-20-%D9%81%D9%88%D8%AA-%D8%A7%D9%85%D8%B1%D8%B3%D8%A7%D9%86-%D9%85%D8%AF%D9%84-r20h-clone-1-of-16650623/
یخچال,استیلون,26900000,,یخچال و فریزر مدل فریزر پایین ( کمبی یا BMF ),C,192.0,65,70.0,4.0,3.0,390.0,D:/یخچال/image_111.jpg,https://www.digikala.com/product/dkp-18530340/%DB%8C%D8%AE%DA%86%D8%A7%D9%84-%D9%88-%D9%81%D8%B1%DB%8C%D8%B2%D8%B1-22-%D9%81%D9%88%D8%AA-%D8%A7%D8%B3%D8%AA%DB%8C%D9%84%D9%88%D9%86-%D9%85%D8%AF%D9%84-spiring-17402/
یخچال,جی پلاس,84000000,4.0,nan,A++,177.0,91,85.2,4.0,4.0,760.0,D:/یخچال/image_112.jpg,https://www.digikala.com/product/dkp-17851036/%DB%8C%D8%AE%DA%86%D8%A7%D9%84-%D9%88-%D9%81%D8%B1%DB%8C%D8%B2%D8%B1-32-%D9%81%D9%88%D8%AA-%D8%AC%DB%8C-%D9%BE%D9%84%D8%A7%D8%B3-%D9%85%D8%AF%D9%84-gss-p7921s/
یخچال,بنس,70000000,,nan,A+,,nan,,5.0,7.0,606.0,D:/یخچال/image_113.jpg,https://www.digikala.com/product/dkp-9546432/%DB%8C%D8%AE%DA%86%D8%A7%D9%84-%D9%88-%D9%81%D8%B1%DB%8C%D8%B2%D8%B1-36-%D9%81%D9%88%D8%AA-%D8%AF%D9%88%D9%82%D9%84%D9%88-%D8%A8%D9%86%D8%B3-%D9%85%D8%AF%D9%84-polaris/
یخچال,اسنوا,74440000,4.0,nan,A+,,nan,,5.0,2.0,622.0,D:/یخچال/image_114.jpg,https://www.digikala.com/product/dkp-15448542/%DB%8C%D8%AE%DA%86%D8%A7%D9%84-%D9%88-%D9%81%D8%B1%DB%8C%D8%B2%D8%B1-36-%D9%81%D9%88%D8%AA-%D8%AF%D9%88%D9%82%D9%84%D9%88-%D8%A7%D8%B3%D9%86%D9%88%D8%A7-%D9%85%D8%AF%D9%84-sn6-sn51319/
یخچال,اسنوا,70510000,4.0,دو قلو,A+,180.0,120,67.5,5.0,2.0,588.0,D:/یخچال/image_115.jpg,https://www.digikala.com/product/dkp-17346056/%DB%8C%D8%AE%DA%86%D8%A7%D9%84-%D9%88-%D9%81%D8%B1%DB%8C%D8%B2%D8%B1-%D8%AF%D9%88%D9%82%D9%84%D9%88-38-%D9%81%D9%88%D8%AA-%D8%A7%D8%B3%D9%86%D9%88%D8%A7-%D9%85%D8%AF%D9%84-srdi-m211ss-sfdi-m211ss/
یخچال,بلانتون,78841000,,دو قلو,A,180.0,120,70.0,5.0,2.0,675.0,D:/یخچال/image_116.jpg,https://www.digikala.com/product/dkp-16708525/%DB%8C%D8%AE%DA%86%D8%A7%D9%84-%D9%88-%D9%81%D8%B1%DB%8C%D8%B2%D8%B1-%D8%AF%D9%88%D9%82%D9%84%D9%88-38-%D9%81%D9%88%D8%AA-%D8%A8%D9%84%D8%A7%D9%86%D8%AA%D9%88%D9%86-%D9%85%D8%AF%D9%84-bam-re2021ds/
یخچال,آزمایش,19500000,,nan,B,185.0,70,60.0,4.0,2.0,330.0,D:/یخچال/image_117.jpg,https://www.digikala.com/product/dkp-17888628/%DB%8C%D8%AE%DA%86%D8%A7%D9%84-%D9%88-%D9%81%D8%B1%DB%8C%D8%B2%D8%B1-19-%D9%81%D9%88%D8%AA-%D8%A2%D8%B2%D9%85%D8%A7%DB%8C%D8%B4-%D9%85%D8%AF%D9%84-azrf1970n/
یخچال,التتو,58800000,5.0,nan,A+,,nan,,5.0,2.0,743.0,D:/یخچال/image_118.jpg,https://www.digikala.com/product/dkp-17286349/%DB%8C%D8%AE%DA%86%D8%A7%D9%84-%D9%88-%D9%81%D8%B1%DB%8C%D8%B2%D8%B1-%D8%AF%D9%88%D9%82%D9%84%D9%88-26-%D9%81%D9%88%D8%AA-%D8%A7%D9%84%D8%AA%D8%AA%D9%88-%D9%85%D8%AF%D9%84-nrnf6020sdn/
یخچال,امرسان,35391470,4.3,یخچال و فریزر مدل فریزر پایین ( کمبی یا BMF ),A,185.0,82,84.5,4.0,,502.0,D:/یخچال/image_119.jpg,https://www.digikala.com/product/dkp-16652552/%DB%8C%D8%AE%DA%86%D8%A7%D9%84-%D9%88-%D9%81%D8%B1%DB%8C%D8%B2%D8%B1-27-%D9%81%D9%88%D8%AA-%D8%A7%D9%85%D8%B1%D8%B3%D8%A7%D9%86-%D9%85%D8%AF%D9%84-cb27w3/
یخچال,لایف,70000000,,nan,B,188.0,92,75.0,7.0,7.0,450.0,D:/یخچال/image_120.jpg,https://www.digikala.com/product/dkp-17802885/%DB%8C%D8%AE%DA%86%D8%A7%D9%84-%D9%88-%D9%81%D8%B1%DB%8C%D8%B2%D8%B1-%D8%B3%D8%A7%DB%8C%D8%AF-%D8%A8%D8%A7%DB%8C-%D8%B3%D8%A7%DB%8C%D8%AF-33-%D9%81%D9%88%D8%AA-%D9%84%D8%A7%DB%8C%D9%81-%D9%85%D8%AF%D9%84-li-3310/
یخچال,جی پلاس,34100000,4.6,یخچال و فریزر مدل فریزر بالا (TMF),A++,184.0,79.8,71.0,4.0,2.0,548.0,D:/یخچال/image_121.jpg,https://www.digikala.com/product/dkp-17850056/%DB%8C%D8%AE%DA%86%D8%A7%D9%84-%D9%88-%D9%81%D8%B1%DB%8C%D8%B2%D8%B1-32-%D9%81%D9%88%D8%AA-%D8%AC%DB%8C-%D9%BE%D9%84%D8%A7%D8%B3-%D9%85%D8%AF%D9%84-grf-p5325w/
یخچال,بنس,32000000,,nan,A,,nan,,3.0,3.0,595.0,D:/یخچال/image_122.jpg,https://www.digikala.com/product/dkp-8963949/%DB%8C%D8%AE%DA%86%D8%A7%D9%84-%D9%88-%D9%81%D8%B1%DB%8C%D8%B2%D8%B1-28-%D9%81%D9%88%D8%AA-%D8%A8%D9%86%D8%B3-%D9%85%D8%AF%D9%84-venus/
یخچال,الکترواستیل,36500000,4.3,nan,A+,206.0,75,77.0,4.0,5.0,488.0,D:/یخچال/image_123.jpg,https://www.digikala.com/product/dkp-8881641/%DB%8C%D8%AE%DA%86%D8%A7%D9%84-%D9%88-%D9%81%D8%B1%DB%8C%D8%B2%D8%B1-18-%D9%81%D9%88%D8%AA-%D8%A7%D9%84%DA%A9%D8%AA%D8%B1%D9%88%D8%A7%D8%B3%D8%AA%DB%8C%D9%84-%D9%85%D8%AF%D9%84-electro-sequence/
یخچال,وایسلوی,10500000,3.0,یخچال و فریزر سایز مینی,A,85.0,48,47.0,2.0,1.0,88.0,D:/یخچال/image_124.jpg,https://www.digikala.com/product/dkp-16582817/%DB%8C%D8%AE%DA%86%D8%A7%D9%84-5-%D9%81%D9%88%D8%AA-%D9%88%D8%A7%DB%8C%D8%B3%D9%84%D9%88%DB%8C-%D9%85%D8%AF%D9%84-w88t/
یخچال,بنس,59200000,,nan,A+,,nan,,5.0,1.0,607.0,D:/یخچال/image_125.jpg,https://www.digikala.com/product/dkp-8966099/%DB%8C%D8%AE%DA%86%D8%A7%D9%84-%D9%88-%D9%81%D8%B1%DB%8C%D8%B2%D8%B1-40-%D9%81%D9%88%D8%AA-%D8%AF%D9%88%D9%82%D9%84%D9%88-%D8%A8%D9%86%D8%B3-%D9%85%D8%AF%D9%84-aramis/
یخچال,الکترواستیل,72070000,4.1,nan,A,189.0,65.5,71.0,5.0,,645.0,D:/یخچال/image_126.jpg,https://www.digikala.com/product/dkp-10840825/%DB%8C%D8%AE%DA%86%D8%A7%D9%84-%D9%88-%D9%81%D8%B1%DB%8C%D8%B2%D8%B1-%D8%AF%D9%88%D9%82%D9%84%D9%88-40-%D9%81%D9%88%D8%AA-%D8%A7%D9%84%DA%A9%D8%AA%D8%B1%D9%88%D8%A7%D8%B3%D8%AA%DB%8C%D9%84-%D9%85%D8%AF%D9%84-%D9%BE%D8%B1%D8%A7%DB%8C%D9%85-%D9%BE%D9%84%D8%A7%D8%B3/
یخچال,امرسان,21768080,3.8,فقط یخچال,A,,,,7.0,,385.0,D:/یخچال/image_127.jpg,https://www.digikala.com/product/dkp-16650692/%DB%8C%D8%AE%DA%86%D8%A7%D9%84-20-%D9%81%D9%88%D8%AA-%D8%A7%D9%85%D8%B1%D8%B3%D8%A7%D9%86-%D9%85%D8%AF%D9%84-r20h/
یخچال,لایف,99240000,,nan,A,186.0,60,73.0,5.0,3.0,700.0,D:/یخچال/image_128.jpg,https://www.digikala.com/product/dkp-17858008/%DB%8C%D8%AE%DA%86%D8%A7%D9%84-%D9%88-%D9%81%D8%B1%DB%8C%D8%B2%D8%B1-%D8%AF%D9%88%D9%82%D9%84%D9%88-34-%D9%81%D9%88%D8%AA-%D9%84%D8%A7%DB%8C%D9%81-%D9%85%D8%AF%D9%84-%D9%85%DB%8C%D9%84%D8%A7%D9%86/
یخچال,امرسان,24078000,4.0,فقط یخچال,A,180.0,60,68.5,7.0,,350.0,D:/یخچال/image_129.jpg,https://www.digikala.com/product/dkp-16648859/%DB%8C%D8%AE%DA%86%D8%A7%D9%84-15-%D9%81%D9%88%D8%AA-%D8%A7%D9%85%D8%B1%D8%B3%D8%A7%D9%86-%D9%85%D8%AF%D9%84-r15-h-w01/
یخچال,پلادیوم,23280000,1.0,nan,A,196.5,60,66.0,5.0,2.0,318.0,D:/یخچال/image_130.jpg,https://www.digikala.com/product/dkp-10632197/%DB%8C%D8%AE%DA%86%D8%A7%D9%84-%D9%88-%D9%81%D8%B1%DB%8C%D8%B2%D8%B1-20-%D9%81%D9%88%D8%AA-%D9%BE%D9%84%D8%A7%D8%AF%DB%8C%D9%88%D9%85-%D9%85%D8%AF%D9%84-%D9%BE%D8%A7%DB%8C%D8%A7-%D9%BE%D9%84%D8%A7%D8%B3/
یخچال,امرسان,47900000,3.6,دو قلو,A,178.5,66,72.0,7.0,2.0,529.0,D:/یخچال/image_131.jpg,https://www.digikala.com/product/dkp-4018183/%DB%8C%D8%AE%DA%86%D8%A7%D9%84-%D9%88-%D9%81%D8%B1%DB%8C%D8%B2%D8%B1-%D8%AF%D9%88%D9%82%D9%84%D9%88-16-%D9%81%D9%88%D8%AA-%D8%A7%D9%85%D8%B1%D8%B3%D8%A7%D9%86-%D9%85%D8%AF%D9%84-rh16d-fn16d/
یخچال,هاردستون,69000000,3.0,دو قلو,A+,180.0,60,63.0,5.0,1.0,601.0,D:/یخچال/image_132.jpg,https://www.digikala.com/product/dkp-16528618/%DB%8C%D8%AE%DA%86%D8%A7%D9%84-%D9%88-%D9%81%D8%B1%DB%8C%D8%B2%D8%B1-%D8%AF%D9%88%D9%82%D9%84%D9%88-24-%D9%81%D9%88%D8%AA-%D9%87%D8%A7%D8%B1%D8%AF%D8%B3%D8%AA%D9%88%D9%86-%D9%85%D8%AF%D9%84-nr14-hd19w/
یخچال,امرسان,19773480,3.8,فقط یخچال,A,181.0,60,68.0,7.0,,350.0,D:/یخچال/image_133.jpg,https://www.digikala.com/product/dkp-10911237/%DB%8C%D8%AE%DA%86%D8%A7%D9%84-15-%D9%81%D9%88%D8%AA-%D8%A7%D9%85%D8%B1%D8%B3%D8%A7%D9%86-%D9%85%D8%AF%D9%84-rh15d-350/
یخچال,امرسان,20065220,,nan,A,,,,7.0,,,D:/یخچال/image_134.jpg,https://www.digikala.com/product/dkp-16649044/%DB%8C%D8%AE%DA%86%D8%A7%D9%84-15%D9%81%D9%88%D8%AA-%D8%A7%D9%85%D8%B1%D8%B3%D8%A7%D9%86-%D9%85%D8%AF%D9%84-r15-h/
یخچال,هیمالیا,38659000,,nan,A,,nan,,3.0,2.0,537.0,D:/یخچال/image_135.jpg,https://www.digikala.com/product/dkp-4608369/%DB%8C%D8%AE%DA%86%D8%A7%D9%84-%D9%88-%D9%81%D8%B1%DB%8C%D8%B2%D8%B1-%D9%87%DB%8C%D9%85%D8%A7%D9%84%DB%8C%D8%A7-%D9%85%D8%AF%D9%84-hrfn61002/
یخچال,لایف,43220200,,nan,B,185.0,85,75.0,4.0,4.0,351.0,D:/یخچال/image_136.jpg,https://www.digikala.com/product/dkp-17857156/%DB%8C%D8%AE%DA%86%D8%A7%D9%84-%D9%88-%D9%81%D8%B1%DB%8C%D8%B2%D8%B1-28-%D9%81%D9%88%D8%AA-%D9%84%D8%A7%DB%8C%D9%81-%D9%85%D8%AF%D9%84-li-2805/
یخچال,آرچیداک,19986940,,یخچال و فریزر مدل فریزر پایین ( کمبی یا BMF ),C,198.0,70,65.0,5.0,5.0,395.0,D:/یخچال/image_137.jpg,https://www.digikala.com/product/dkp-18346057/%DB%8C%D8%AE%DA%86%D8%A7%D9%84-%D9%88-%D9%81%D8%B1%DB%8C%D8%B2%D8%B1-26-%D9%81%D9%88%D8%AA-%D8%A2%D8%B1%DA%86%DB%8C%D8%AF%D8%A7%DA%A9-%D9%85%D8%AF%D9%84-ar-26-smith-s/
یخچال,لئوکو,27082000,,nan,A,,nan,,3.0,,480.0,D:/یخچال/image_138.jpg,https://www.digikala.com/product/dkp-13652157/%DB%8C%D8%AE%DA%86%D8%A7%D9%84-%D9%88-%D9%81%D8%B1%DB%8C%D8%B2%D8%B1-%D9%84%D8%A6%D9%88%DA%A9%D9%88-%D9%85%D8%AF%D9%84-lrf72/
یخچال,یورو استار,53000000,,nan,A+,,nan,,5.0,2.0,633.0,D:/یخچال/image_139.jpg,https://www.digikala.com/product/dkp-14373602/%DB%8C%D8%AE%DA%86%D8%A7%D9%84-%D9%88-%D9%81%D8%B1%DB%8C%D8%B2%D8%B1-%D8%AF%D9%88%D9%82%D9%84%D9%88-%DB%8C%D9%88%D8%B1%D9%88-%D8%A7%D8%B3%D8%AA%D8%A7%D8%B1-%D9%85%D8%AF%D9%84-enr1760w-enf1760w/
یخچال,پلادیوم,25280000,4.0,nan,A,,nan,,4.0,5.0,352.0,D:/یخچال/image_140.jpg,https://www.digikala.com/product/dkp-10630351/%DB%8C%D8%AE%DA%86%D8%A7%D9%84-%D9%88-%D9%81%D8%B1%DB%8C%D8%B2%D8%B1-13-%D9%81%D9%88%D8%AA-%D9%BE%D9%84%D8%A7%D8%AF%DB%8C%D9%88%D9%85-%D9%85%D8%AF%D9%84-%D8%A7%D8%B3%D8%AA%D8%A7%D8%B1-%D9%BE%D9%84%D8%A7%D8%B3/
یخچال,امرسان,21768080,3.0,فقط یخچال,A,193.5,66,70.0,7.0,,385.0,D:/یخچال/image_141.jpg,https://www.digikala.com/product/dkp-16650623/%DB%8C%D8%AE%DA%86%D8%A7%D9%84-20-%D9%81%D9%88%D8%AA-%D8%A7%D9%85%D8%B1%D8%B3%D8%A7%D9%86-%D9%85%D8%AF%D9%84-r20h/
یخچال,جی پلاس,87700000,,nan,A++,185.0,119,65.0,4.0,3.0,690.0,D:/یخچال/image_142.jpg,https://www.digikala.com/product/dkp-18307149/%DB%8C%D8%AE%DA%86%D8%A7%D9%84-%D9%81%D8%B1%DB%8C%D8%B2%D8%B1-%D8%AF%D9%88%D9%82%D9%84%D9%88-32-%D9%81%D9%88%D8%AA-%D8%AC%DB%8C-%D9%BE%D9%84%D8%A7%D8%B3-%D9%85%D8%AF%D9%84-grf-p2736-fwlw-%D8%AF%D8%A7%D8%B1%D8%A7%DB%8C-%D8%B3%D8%B1%D9%85%D8%A7%DB%8C%D8%B4-%D9%88-%D8%A7%D9%86%D8%AC%D9%85%D8%A7%D8%AF-%D8%B3%D8%B1%DB%8C%D8%B9-%D8%A8%D8%A7-%D8%A7%D8%B1%D8%AA%D9%81%D8%A7%D8%B9-185-%D9%BE%D9%87%D9%86%D8%A7%DB%8C-119-%D9%88-%D8%B9%D9%85%D9%82-65-%D8%B3%D8%A7%D9%86%D8%AA%DB%8C-%D9%85%D8%AA%D8%B1-%D9%85%DB%8C%D8%B2%D8%A7%D9%86-%D9%85%D8%B5%D8%B1%D9%81-%D8%A7%D9%86%D8%B1%DA%98%DB%8C-a-%D8%AF%D8%A7%D8%B1%D8%A7%DB%8C-4-%D8%B7%D8%A8%D9%82%D9%87-%D8%AF%D8%B1-%DB%8C%D8%AE%DA%86%D8%A7%D9%84-%D9%88-4-%DA%A9%D8%B4%D9%88-%D8%AF%D8%B1-%D9%81%D8%B1%DB%8C%D8%B2%D8%B1/
یخچال,هاردستون,69000000,,دو قلو,A+,180.0,60+60,63.0,5.0,1.0,601.0,D:/یخچال/image_143.jpg,https://www.digikala.com/product/dkp-16528673/%DB%8C%D8%AE%DA%86%D8%A7%D9%84-%D9%88-%D9%81%D8%B1%DB%8C%D8%B2%D8%B1-%D8%AF%D9%88%D9%82%D9%84%D9%88-24-%D9%81%D9%88%D8%AA-%D9%87%D8%A7%D8%B1%D8%AF%D8%B3%D8%AA%D9%88%D9%86-%D9%85%D8%AF%D9%84-nf14-hd19s-nr14-hd19s/
یخچال,امرسان,21317500,,nan,A,,,,5.0,,350.0,D:/یخچال/image_144.jpg,https://www.digikala.com/product/dkp-16650550/%DB%8C%D8%AE%DA%86%D8%A7%D9%84-16-%D9%81%D9%88%D8%AA-%D8%A7%D9%85%D8%B1%D8%B3%D8%A7%D9%86-%D9%85%D8%AF%D9%84-rh16d-clone-1-of-3831514/
یخچال,لایف,74711900,,nan,B,182.0,65,68.0,5.0,2.0,550.0,D:/یخچال/image_145.jpg,https://www.digikala.com/product/dkp-17878431/%DB%8C%D8%AE%DA%86%D8%A7%D9%84-%D9%88-%D9%81%D8%B1%DB%8C%D8%B2%D8%B1-38-%D9%81%D9%88%D8%AA-%D9%84%D8%A7%DB%8C%D9%81-%D9%85%D8%AF%D9%84-%D9%85%DA%A9%D8%B3-%D9%BE%D9%84%D8%A7%D8%B3/
یخچال,جی پلاس,80500000,,nan,A++,177.0,91,85.2,4.0,4.0,760.0,D:/یخچال/image_146.jpg,https://www.digikala.com/product/dkp-18537803/%DB%8C%D8%AE%DA%86%D8%A7%D9%84-%D9%88-%D9%81%D8%B1%DB%8C%D8%B2%D8%B1-32-%D9%81%D9%88%D8%AA-%D8%AC%DB%8C-%D9%BE%D9%84%D8%A7%D8%B3-%D9%85%D8%AF%D9%84-gss-p7922bs/
یخچال,جی پلاس,32700000,4.0,nan,A++,184.0,79.8,71.0,4.0,2.0,548.0,D:/یخچال/image_147.jpg,https://www.digikala.com/product/dkp-18350972/%DB%8C%D8%AE%DA%86%D8%A7%D9%84-%D9%81%D8%B1%DB%8C%D8%B2%D8%B1-26-%D9%81%D9%88%D8%AA-%D8%AC%DB%8C-%D9%BE%D9%84%D8%A7%D8%B3-%D9%85%D8%AF%D9%84-grf-p5324w/
یخچال,لایف,41210000,,nan,A,185.0,70,76.0,4.0,4.0,505.0,D:/یخچال/image_148.jpg,https://www.digikala.com/product/dkp-18095874/%DB%8C%D8%AE%DA%86%D8%A7%D9%84-%D9%88-%D9%81%D8%B1%DB%8C%D8%B2%D8%B1-27-%D9%81%D9%88%D8%AA-%D9%84%D8%A7%DB%8C%D9%81-%D9%85%D8%AF%D9%84-%DA%A9%D9%88%D9%85%D9%88/
یخچال,لئوکو,17150000,,یخچال و فریزر مدل فریزر بالا (TMF),A+,166.0,72,59.0,4.0,2.0,305.0,D:/یخچال/image_149.jpg,https://www.digikala.com/product/dkp-17212427/%DB%8C%D8%AE%DA%86%D8%A7%D9%84-%D9%81%D8%B1%DB%8C%D8%B2%D8%B1-14-%D9%81%D9%88%D8%AA-%D9%84%D8%A6%D9%88%DA%A9%D9%88-%D9%85%D8%AF%D9%84-lrf30003/
یخچال,امرسان,17148910,4.1,یخچال و فریزر مدل فریزر بالا (TMF),A++,140.0,60,68.0,3.0,2.0,213.0,D:/یخچال/image_150.jpg,https://www.digikala.com/product/dkp-16625530/%DB%8C%D8%AE%DA%86%D8%A7%D9%84-%D9%88-%D9%81%D8%B1%DB%8C%D8%B2%D8%B1-11-%D9%81%D9%88%D8%AA-%D8%A7%D9%85%D8%B1%D8%B3%D8%A7%D9%86-%D9%85%D8%AF%D9%84-cb11m-w01/
یخچال,امرسان,18300000,4.1,یخچال و فریزر مدل فریزر بالا (TMF),A,174.0,67,66.0,4.0,2.0,335.0,D:/یخچال/image_151.jpg,https://www.digikala.com/product/dkp-16648558/%DB%8C%D8%AE%DA%86%D8%A7%D9%84-%D9%88-%D9%81%D8%B1%DB%8C%D8%B2%D8%B1-17-%D9%81%D9%88%D8%AA-%D8%A7%D9%85%D8%B1%D8%B3%D8%A7%D9%86-%D9%85%D8%AF%D9%84-cb17m/
یخچال,الکترواستیل,26827200,4.3,nan,A,,nan,,4.0,,315.0,D:/یخچال/image_152.jpg,https://www.digikala.com/product/dkp-10812006/%DB%8C%D8%AE%DA%86%D8%A7%D9%84-%D9%88-%D9%81%D8%B1%DB%8C%D8%B2%D8%B1-20-%D9%81%D9%88%D8%AA-%D8%A7%D9%84%DA%A9%D8%AA%D8%B1%D9%88%D8%A7%D8%B3%D8%AA%DB%8C%D9%84-%D9%85%D8%AF%D9%84-%D9%BE%D8%A7%DB%8C%D8%A7-%D9%BE%D9%84%D8%A7%D8%B3/
یخچال,اسنوا,78470000,4.4,ساید بای ساید,A+,181.0,91,72.0,4.0,4.0,563.0,D:/یخچال/image_153.jpg,https://www.digikala.com/product/dkp-17290898/%DB%8C%D8%AE%DA%86%D8%A7%D9%84-%D9%88-%D9%81%D8%B1%DB%8C%D8%B2%D8%B1-%D8%B3%D8%A7%DB%8C%D8%AF-%D8%A8%D8%A7%DB%8C-%D8%B3%D8%A7%DB%8C%D8%AF-27-%D9%81%D9%88%D8%AA-%D8%A7%D8%B3%D9%86%D9%88%D8%A7-%D9%85%D8%AF%D9%84-s1di-s110s/
یخچال,کلور,78000000,4.0,nan,A+,,nan,,5.0,2.0,675.0,D:/یخچال/image_154.jpg,https://www.digikala.com/product/dkp-6366815/%DB%8C%D8%AE%DA%86%D8%A7%D9%84-%D9%88-%D9%81%D8%B1%DB%8C%D8%B2%D8%B1-%D8%AF%D9%88%D9%82%D9%84%D9%88-22-%D9%81%D9%88%D8%AA-%DA%A9%D9%84%D9%88%D8%B1-%D9%85%D8%AF%D9%84-glory/
