category,brand,price,rating,bowl_material,bowl_capacity,accessories_count,bowl_type,blade_material,image_path,product_url
همزن,میگل,6817000,4.3,استیل,4,سه,ثابت,استیل ضدزنگ,D:/همزن/image_1.jpg,https://www.digikala.com/product/dkp-2982415/%D9%87%D9%85%D8%B2%D9%86-%D8%A8%D8%B1%D9%82%DB%8C-%D9%85%DB%8C%DA%AF%D9%84-%D9%85%D8%AF%D9%84-gkm-600/
همزن,گوسونیک,6733510,4.1,استیل,5,سه,ثابت,فلزی,D:/همزن/image_2.jpg,https://www.digikala.com/product/dkp-5294667/%D9%87%D9%85%D8%B2%D9%86-%DA%AF%D9%88%D8%B3%D9%88%D9%86%DB%8C%DA%A9-%D9%85%D8%AF%D9%84-gsm-905/
همزن,متفرقه,470000,3.8,بدون کاسه,nan,دو,بدون کاسه,استیل,D:/همزن/image_3.jpg,https://www.digikala.com/product/dkp-1661444/%D9%87%D9%85%D8%B2%D9%86-%D8%A8%D8%B1%D9%82%DB%8C-%D8%A7%D8%B3%DA%A9%D8%A7%D8%B1%D9%84%D8%AA-%D9%85%D8%AF%D9%84-he-133/
همزن,گوسونیک,9100000,4.3,استیل,10,سه,متحرک,استیل ضد زنگ,D:/همزن/image_4.jpg,https://www.digikala.com/product/dkp-3967814/%D9%87%D9%85%D8%B2%D9%86-%DA%AF%D9%88%D8%B3%D9%88%D9%86%DB%8C%DA%A9-%D9%85%D8%AF%D9%84-gsm-910/
همزن,نیکووا,1399000,4.1,nan,nan,دو,بدون کاسه,استیل ضد زنگ,D:/همزن/image_5.jpg,https://www.digikala.com/product/dkp-11481237/%D9%87%D9%85%D8%B2%D9%86-%D9%86%DB%8C%DA%A9%D9%88%D9%88%D8%A7-%D9%85%D8%AF%D9%84-nhm-71/
همزن,تک الکتریک,2050000,4.1,استیل,3.4,دو,متحرک,استیل,D:/همزن/image_6.jpg,https://www.digikala.com/product/dkp-3413677/%D9%87%D9%85%D8%B2%D9%86-%D8%A8%D8%B1%D9%82%DB%8C-%D8%AA%DA%A9-%D8%A7%D9%84%DA%A9%D8%AA%D8%B1%DB%8C%DA%A9-%D9%85%D8%AF%D9%84-bm1108-30ws/
همزن,پارس خزر,3205800,4.2,پلاستیک,nan,دو,متحرک,nan,D:/همزن/image_7.jpg,https://www.digikala.com/product/dkp-13550022/%D9%87%D9%85%D8%B2%D9%86-%D9%BE%D8%A7%D8%B1%D8%B3-%D8%AE%D8%B2%D8%B1-%D9%85%D8%AF%D9%84-herford/
همزن,هنریچ,12650000,4.5,استیل,8,سه,ثابت,استیل,D:/همزن/image_8.jpg,https://www.digikala.com/product/dkp-8558657/%D9%87%D9%85%D8%B2%D9%86-%D9%87%D9%86%D8%B1%DB%8C%DA%86-%D9%85%D8%AF%D9%84-km-8078/
همزن,گوسونیک,2881110,4.3,nan,3.5,nan,nan,استیل,D:/همزن/image_9.jpg,https://www.digikala.com/product/dkp-7269987/%D9%87%D9%85%D8%B2%D9%86-%DA%AF%D9%88%D8%B3%D9%88%D9%86%DB%8C%DA%A9-%D9%85%D8%AF%D9%84-ghm-705/
همزن,گوسونیک,1392710,4.4,nan,nan,چهار,nan,استیل,D:/همزن/image_10.jpg,https://www.digikala.com/product/dkp-7898571/%D9%87%D9%85%D8%B2%D9%86-%DA%AF%D9%88%D8%B3%D9%88%D9%86%DB%8C%DA%A9-%D9%85%D8%AF%D9%84-ghm-838/
همزن,فیلیپس,3180950,4.0,بدون کاسه,nan,دو,بدون کاسه,فلزی,D:/همزن/image_11.jpg,https://www.digikala.com/product/dkp-289670/%D9%87%D9%85%D8%B2%D9%86-%D9%81%DB%8C%D9%84%DB%8C%D9%BE%D8%B3-%D9%85%D8%AF%D9%84-hr374010/
همزن,هیملر,12950000,4.2,استیل,8,سه,ثابت,فلزی,D:/همزن/image_12.jpg,https://www.digikala.com/product/dkp-9439476/%D9%87%D9%85%D8%B2%D9%86-%D9%87%DB%8C%D9%85%D9%84%D8%B1-%D9%85%D8%AF%D9%84-hms-8085-hsms6065/
همزن,گوسونیک,4189480,4.4,استیل,4.5,چهار,متحرک,استیل,D:/همزن/image_13.jpg,https://www.digikala.com/product/dkp-10121039/%D9%87%D9%85%D8%B2%D9%86-%DA%AF%D9%88%D8%B3%D9%88%D9%86%DB%8C%DA%A9-%D9%85%D8%AF%D9%84-ghm-824/
همزن,گوسونیک,9600000,4.1,استیل,12,سه,ثابت,استیل,D:/همزن/image_14.jpg,https://www.digikala.com/product/dkp-7270235/%D9%87%D9%85%D8%B2%D9%86-%DA%AF%D9%88%D8%B3%D9%88%D9%86%DB%8C%DA%A9-%D9%85%D8%AF%D9%84-gsm-912/
همزن,گوسونیک,8400000,4.1,nan,7,سه,nan,استیل,D:/همزن/image_15.jpg,https://www.digikala.com/product/dkp-7632963/%D9%87%D9%85%D8%B2%D9%86-%DA%AF%D9%88%D8%B3%D9%88%D9%86%DB%8C%DA%A9-%D9%85%D8%AF%D9%84-gsm-607/
همزن,هنریچ,12762000,3.7,استیل,8 ی,سه,ثابت,آلمینیومی - فولادی,D:/همزن/image_16.jpg,https://www.digikala.com/product/dkp-8312501/%D9%87%D9%85%D8%B2%D9%86-%D9%87%D9%86%D8%B1%DB%8C%DA%86-%D9%85%D8%AF%D9%84-8-%D9%84%DB%8C%D8%AA%D8%B1%DB%8C-hkm-8078/
همزن,کیچن اید,72419000,4.7,nan,4/8,nan,nan,nan,D:/همزن/image_18.jpg,https://www.digikala.com/product/dkp-310423/%D9%87%D9%85%D8%B2%D9%86-%DA%A9%DB%8C%DA%86%D9%86-%D8%A7%DB%8C%D8%AF-%D9%85%D8%AF%D9%84-5ksm175pse/
همزن,متفرقه,3359000,3.9,استیل,2,چهار,متحرک,استیل ضدّزنگ,D:/همزن/image_19.jpg,https://www.digikala.com/product/dkp-9639736/%D9%87%D9%85%D8%B2%D9%86-%D9%85%D8%AF%D9%84-gi-901cs/
همزن,میگل,1850000,4.2,بدون کاسه,nan,دو,بدون کاسه,استیل,D:/همزن/image_20.jpg,https://www.digikala.com/product/dkp-2691452/%D9%87%D9%85%D8%B2%D9%86-%D9%85%DB%8C%DA%AF%D9%84-%D9%85%D8%AF%D9%84-ghm-300/
همزن,فیلیپس,3240000,4.3,بدون کاسه,nan,دو,بدون کاسه,nan,D:/همزن/image_21.jpg,https://www.digikala.com/product/dkp-2996048/%D9%87%D9%85%D8%B2%D9%86-%D9%81%DB%8C%D9%84%DB%8C%D9%BE%D8%B3-%D9%85%D8%AF%D9%84-hr3705/
همزن,پارس خزر,3139000,4.1,پلاستیک,nan,nan,nan,nan,D:/همزن/image_22.jpg,https://www.digikala.com/product/dkp-13534973/%D9%87%D9%85%D8%B2%D9%86-%D9%BE%D8%A7%D8%B1%D8%B3-%D8%AE%D8%B2%D8%B1-%D9%85%D8%AF%D9%84-hertford/
همزن,فلر,18900000,4.0,nan,4.5,nan,nan,استیل ضدزنگ,D:/همزن/image_23.jpg,https://www.digikala.com/product/dkp-51732/%D9%87%D9%85%D8%B2%D9%86-%D9%81%D9%84%D8%B1-%D9%85%D8%AF%D9%84-km800/
همزن,متفرقه,450440,3.9,بدون کاسه,nan,سه,بدون کاسه,استیل,D:/همزن/image_24.jpg,https://www.digikala.com/product/dkp-3263143/%D9%87%D9%85%D8%B2%D9%86-%D8%A8%D8%B1%D9%82%DB%8C-%D8%A7%D8%B3%DA%A9%D8%A7%D8%B1%D9%84%D8%AA-%D9%85%D8%AF%D9%84-pampa/
همزن,فیلیپس,4540890,4.0,nan,3,nan,nan,استیل ضدزنگ,D:/همزن/image_25.jpg,https://www.digikala.com/product/dkp-289638/%D9%87%D9%85%D8%B2%D9%86-%D9%81%DB%8C%D9%84%DB%8C%D9%BE%D8%B3-%D9%85%D8%AF%D9%84-hr374510/
همزن,گوسونیک,1098000,4.0,nan,nan,nan,nan,استیل,D:/همزن/image_26.jpg,https://www.digikala.com/product/dkp-7269575/%D9%87%D9%85%D8%B2%D9%86-%DA%AF%D9%88%D8%B3%D9%88%D9%86%DB%8C%DA%A9-%D9%85%D8%AF%D9%84-ghm-829/
همزن,تکنو,7240000,4.0,استیل,5,سه,ثابت,آلومینیوم,D:/همزن/image_27.jpg,https://www.digikala.com/product/dkp-8636234/%D9%87%D9%85%D8%B2%D9%86-%D8%AA%DA%A9%D9%86%D9%88-%D9%85%D8%AF%D9%84-te-707/
همزن,کیچن اید,55792530,3.7,استیل,4.8,سه,ثابت,nan,D:/همزن/image_28.jpg,https://www.digikala.com/product/dkp-5061166/%D9%87%D9%85%D8%B2%D9%86-%DA%A9%DB%8C%DA%86%D9%86-%D8%A7%DB%8C%D8%AF-%D9%85%D8%AF%D9%84-artisan-5ksm125ber/
همزن,فیلیپس,5000000,3.7,nan,3,nan,nan,استیل ضدزنگ,D:/همزن/image_29.jpg,https://www.digikala.com/product/dkp-1569381/%D9%87%D9%85%D8%B2%D9%86-%D9%81%DB%8C%D9%84%DB%8C%D9%BE%D8%B3-%D9%85%D8%AF%D9%84-hr374501/
همزن,باریتون,22971800,2.6,استیل,6/5,سه,nan,nan,D:/همزن/image_30.jpg,https://www.digikala.com/product/dkp-8798722/%D9%87%D9%85%D8%B2%D9%86-%D8%A8%D8%A7%D8%B1%DB%8C%D8%AA%D9%88%D9%86-%D9%85%D8%AF%D9%84-bsm651800dx/
همزن,کیچن اید,49600000,5.0,استیل,4.3,سه,ثابت,فلزی,D:/همزن/image_31.jpg,https://www.digikala.com/product/dkp-5001448/%D9%87%D9%85%D8%B2%D9%86-%DA%A9%DB%8C%DA%86%D9%86-%D8%A7%DB%8C%D8%AF-%D9%85%D8%AF%D9%84-5k45ssbsl/
همزن,باریتون,25600000,4.8,استیل,nan,سه,متحرک,استیل,D:/همزن/image_32.jpg,https://www.digikala.com/product/dkp-16997423/%D9%87%D9%85%D8%B2%D9%86-%D8%A8%D8%A7%D8%B1%DB%8C%D8%AA%D9%88%D9%86-%D9%85%D8%AF%D9%84-bsm-71800ds/
همزن,کنوود,3200000,4.1,پلاستیک,nan,دو,متحرک,nan,D:/همزن/image_33.jpg,https://www.digikala.com/product/dkp-3919159/%D9%87%D9%85%D8%B2%D9%86-%DA%A9%D9%86%D9%88%D9%88%D8%AF-%D9%85%D8%AF%D9%84-hm430/
همزن,یورولوکس,18000000,4.0,استیل,8,سه,متحرک,استیل ضد زنگ,D:/همزن/image_34.jpg,https://www.digikala.com/product/dkp-16957590/%D9%87%D9%85%D8%B2%D9%86-%DB%8C%D9%88%D8%B1%D9%88%D9%84%D9%88%DA%A9%D8%B3-%D9%85%D8%AF%D9%84-eu-sm3987scb/
همزن,تولیپس,3850000,4.4,استیل,4,دو,متحرک,استیل,D:/همزن/image_35.jpg,https://www.digikala.com/product/dkp-13623860/%D9%87%D9%85%D8%B2%D9%86-%D8%AA%D9%88%D9%84%DB%8C%D9%BE%D8%B3-%D9%85%D8%AF%D9%84-mx-a-434/
همزن,متفرقه,1180000,2.9,nan,nan,nan,بدون کاسه,استیل ضد زنگ,D:/همزن/image_36.jpg,https://www.digikala.com/product/dkp-11145690/%D9%87%D9%85%D8%B2%D9%86-%D8%A8%D9%88%D8%B4-%D9%85%D8%AF%D9%84-bs-1629/
همزن,تکنو,3800000,4.0,استیل,nan,سه,متحرک,nan,D:/همزن/image_37.jpg,https://www.digikala.com/product/dkp-11076313/%D9%87%D9%85%D8%B2%D9%86-%D8%AA%DA%A9%D9%86%D9%88-%D9%85%D8%AF%D9%84-%D8%A7%DB%8C-%D8%A7%D9%86%D8%AF-%D9%88%DB%8C-te-706/
همزن,هنریچ,17350000,4.8,استیل,8 ی,سه,ثابت,فلزی,D:/همزن/image_38.jpg,https://www.digikala.com/product/dkp-16661752/%D9%87%D9%85%D8%B2%D9%86-%D9%87%D9%86%D8%B1%DB%8C%DA%86-%D9%85%D8%AF%D9%84-hkm8080/
همزن,المپیا,705000,3.6,nan,1.5,nan,nan,استیل ضد زنگ,D:/همزن/image_39.jpg,https://www.digikala.com/product/dkp-1568503/%D9%87%D9%85%D8%B2%D9%86-%DA%A9%D8%A7%D8%B3%D9%87-%D8%AF%D8%A7%D8%B1-%D8%A7%D9%84%D9%85%D9%BE%DB%8C%D8%A7-%D9%85%D8%AF%D9%84-oe/
همزن,برگامو,4988910,5.0,استیل,4,nan,متحرک,استیل,D:/همزن/image_40.jpg,https://www.digikala.com/product/dkp-8838606/%D9%87%D9%85%D8%B2%D9%86-%D9%85%D8%AF%D9%84-bg-sm3500lsb/
همزن,کوک پلاس,11499000,5.0,استیل,nan,nan,nan,nan,D:/همزن/image_41.jpg,https://www.digikala.com/product/dkp-14436935/%D9%87%D9%85%D8%B2%D9%86-%DA%A9%D9%88%DA%A9-%D9%BE%D9%84%D8%A7%D8%B3-%D9%85%D8%AF%D9%84-chef/
همزن,فیلیپس,6500000,4.3,پلاستیک,3,سه,متحرک,استیل ضد زنگ,D:/همزن/image_42.jpg,https://www.digikala.com/product/dkp-4110924/%D9%87%D9%85%D8%B2%D9%86-%D9%81%DB%8C%D9%84%DB%8C%D9%BE%D8%B3-%D9%85%D8%AF%D9%84-hr3746/
همزن,میگل,5900000,2.5,پلاستیک,4L,سه,متحرک,nan,D:/همزن/image_43.jpg,https://www.digikala.com/product/dkp-15049646/%D9%87%D9%85%D8%B2%D9%86-%D9%85%DB%8C%DA%AF%D9%84-%D9%85%D8%AF%D9%84-gkm-610/
همزن,یونیک لایف,890000,3.2,بدون کاسه,nan,چهار,بدون کاسه,استیل ضد زنگ,D:/همزن/image_44.jpg,https://www.digikala.com/product/dkp-16339605/%D9%87%D9%85%D8%B2%D9%86-%DB%8C%D9%88%D9%86%DB%8C%DA%A9-%D9%84%D8%A7%DB%8C%D9%81-%D9%85%D8%AF%D9%84-ul-268/
همزن,دسینی,1629000,4.0,بدون کاسه,nan,دو,بدون کاسه,استیل,D:/همزن/image_45.jpg,https://www.digikala.com/product/dkp-5520761/%D9%87%D9%85%D8%B2%D9%86-%D8%AF%D8%B3%DB%8C%D9%86%DB%8C-%D9%85%D8%AF%D9%84-555/
همزن,ولگا,940000,4.2,nan,nan,nan,nan,استیل ضد زنگ,D:/همزن/image_46.jpg,https://www.digikala.com/product/dkp-14437790/%D9%87%D9%85%D8%B2%D9%86-%D9%88%D9%84%DA%AF%D8%A7-%D9%85%D8%AF%D9%84-volga-28-t/
همزن,ناسا الکتریک,6700000,4.9,استیل,4.5,سه,ثابت,استیل ضد زنگ با روکش کروم,D:/همزن/image_47.jpg,https://www.digikala.com/product/dkp-10668263/%D9%87%D9%85%D8%B2%D9%86-%D9%86%D8%A7%D8%B3%D8%A7-%D8%A7%D9%84%DA%A9%D8%AA%D8%B1%DB%8C%DA%A9-%D9%85%D8%AF%D9%84-ns-974/
همزن,کیچن اید,70501000,5.0,استیل,4.8,سه,ثابت,فلزی,D:/همزن/image_48.jpg,https://www.digikala.com/product/dkp-4301846/%D9%87%D9%85%D8%B2%D9%86-%DA%A9%DB%8C%DA%86%D9%86-%D8%A7%DB%8C%D8%AF-%D9%85%D8%AF%D9%84-5ksm175ps/
همزن,تولیپس,1690000,4.2,nan,nan,nan,nan,nan,D:/همزن/image_49.jpg,https://www.digikala.com/product/dkp-11883714/%D9%87%D9%85%D8%B2%D9%86-%D8%AA%D9%88%D9%84%DB%8C%D9%BE%D8%B3-%D9%85%D8%AF%D9%84-mx-a-432/
همزن,کیچن اید,72313400,5.0,استیل,4.8,سه,ثابت,استیل,D:/همزن/image_50.jpg,https://www.digikala.com/product/dkp-3529095/%D9%87%D9%85%D8%B2%D9%86-%DA%A9%DB%8C%DA%86%D9%86-%D8%A7%DB%8C%D8%AF-%D9%85%D8%AF%D9%84-5kpm5ewh/
همزن,سوئیس پلاس,4300000,4.3,استیل,4.5,دو,متحرک,nan,D:/همزن/image_51.jpg,https://www.digikala.com/product/dkp-10620893/%D9%87%D9%85%D8%B2%D9%86-%D8%B3%D9%88%D8%A6%DB%8C%D8%B3-%D9%BE%D9%84%D8%A7%D8%B3-%D9%85%D8%AF%D9%84-smb-830s/
همزن,مولینکس,4400000,4.0,استیل,3.5,دو,متحرک,استیل,D:/همزن/image_52.jpg,https://www.digikala.com/product/dkp-5806848/%D9%87%D9%85%D8%B2%D9%86-%D9%85%D9%88%D9%84%DB%8C%D9%86%DA%A9%D8%B3-%D9%85%D8%AF%D9%84-hm312/
همزن,فوما,1100000,4.1,بدون کاسه,nan,دو,بدون کاسه,nan,D:/همزن/image_53.jpg,https://www.digikala.com/product/dkp-2494613/%D9%87%D9%85%D8%B2%D9%86-%D9%81%D9%88%D9%85%D8%A7-%D9%85%D8%AF%D9%84-fu-829/
همزن,مولینکس,4370000,4.0,استیل,nan,دو,ثابت,nan,D:/همزن/image_54.jpg,https://www.digikala.com/product/dkp-7164549/%D9%87%D9%85%D8%B2%D9%86-%D9%85%D9%88%D9%84%DB%8C%D9%86%DA%A9%D8%B3-%D9%85%D8%AF%D9%84-hm3121b1/
همزن,unknown,8000000,5.0,استیل,7,سه,ثابت,استیل,D:/همزن/image_55.jpg,https://www.digikala.com/product/dkp-17489473/%D9%87%D9%85%D8%B2%D9%86-%D8%A8%D9%84%DA%A9-%D8%A7%D9%86%D8%AF-%DA%A9%D9%88%DA%A9%D8%B1-%D9%85%D8%AF%D9%84-bcs-m810/
همزن,فیلیپس,3400000,4.1,بدون کاسه,nan,دو,بدون کاسه,nan,D:/همزن/image_56.jpg,https://www.digikala.com/product/dkp-2873628/%D9%87%D9%85%D8%B2%D9%86-%D9%81%DB%8C%D9%84%DB%8C%D9%BE%D8%B3-%D9%85%D8%AF%D9%84-hr3704/
همزن,تکنو,1580000,4.0,nan,nan,nan,nan,nan,D:/همزن/image_57.jpg,https://www.digikala.com/product/dkp-11498708/%D9%87%D9%85%D8%B2%D9%86-%D8%AA%DA%A9%D9%86%D9%88-%D8%A7%D9%8A-%D8%A7%D9%86%D8%AF-%D9%88%D9%8A-%D9%85%D8%AF%D9%84-te-66/
همزن,فیلیپس,35000000,,استیل,nan,سه,متحرک,nan,D:/همزن/image_58.jpg,https://www.digikala.com/product/dkp-15326249/%D9%87%D9%85%D8%B2%D9%86-%D9%81%DB%8C%D9%84%DB%8C%D9%BE%D8%B3-%D9%85%D8%AF%D9%84-hr7962/
همزن,دی اس پی,897000,3.5,nan,nan,nan,nan,استیل ضد زنگ,D:/همزن/image_60.jpg,https://www.digikala.com/product/dkp-13997594/%D9%87%D9%85%D8%B2%D9%86-%D8%AF%DB%8C-%D8%A7%D8%B3-%D9%BE%DB%8C-%D9%85%D8%AF%D9%84-km2008/
همزن,ناسا الکتریک,4410000,4.3,nan,2,nan,nan,کروم,D:/همزن/image_61.jpg,https://www.digikala.com/product/dkp-734765/%D9%87%D9%85%D8%B2%D9%86-%D9%86%D8%A7%D8%B3%D8%A7-%D8%A7%D9%84%DA%A9%D8%AA%D8%B1%DB%8C%DA%A9-%D9%85%D8%AF%D9%84-ns-932/
همزن,باریتون,24500000,3.3,استیل,7,nan,ثابت,nan,D:/همزن/image_62.jpg,https://www.digikala.com/product/dkp-15259840/%D9%87%D9%85%D8%B2%D9%86-%D8%A8%D8%A7%D8%B1%DB%8C%D8%AA%D9%88%D9%86-%D9%85%D8%AF%D9%84-bsm-71910as/
همزن,یورولوکس,17100000,1.0,استیل,10,سه,متحرک,استیل ضد زنگ,D:/همزن/image_63.jpg,https://www.digikala.com/product/dkp-16957673/%D9%87%D9%85%D8%B2%D9%86-%DB%8C%D9%88%D8%B1%D9%88%D9%84%D9%88%DA%A9%D8%B3-%D9%85%D8%AF%D9%84-eu-sm3990sdsb/
همزن,تکنو,2898000,4.1,استیل,nan,nan,متحرک,nan,D:/همزن/image_64.jpg,https://www.digikala.com/product/dkp-11498337/%D9%87%D9%85%D8%B2%D9%86-%D8%AA%DA%A9%D9%86%D9%88-%D9%85%D8%AF%D9%84-te-705/
همزن,همیلتون,2260000,,nan,nan,دو,nan,استیل ضد زنگ,D:/همزن/image_65.jpg,https://www.digikala.com/product/dkp-15559356/%D9%87%D9%85%D8%B2%D9%86-%D9%87%D9%85%DB%8C%D9%84%D8%AA%D9%88%D9%86-%D9%85%D8%AF%D9%84-mh-3913/
همزن,لاریزو,9785000,,استیل,nan,nan,nan,تیتانیوم,D:/همزن/image_66.jpg,https://www.digikala.com/product/dkp-17068744/%D9%87%D9%85%D8%B2%D9%86-%D9%84%D8%A7%D8%B1%DB%8C%D8%B2%D9%88-%D9%85%D8%AF%D9%84-1370/
همزن,ناسا الکتریک,2300000,4.1,بدون کاسه,nan,دو,بدون کاسه,nan,D:/همزن/image_67.jpg,https://www.digikala.com/product/dkp-6171195/%D9%87%D9%85%D8%B2%D9%86-%D9%86%D8%A7%D8%B3%D8%A7-%D8%A7%D9%84%DA%A9%D8%AA%D8%B1%DB%8C%DA%A9-%D9%85%D8%AF%D9%84-ns-932b/
همزن,سیج,48800000,4.6,شیشه,nan,nan,متحرک,nan,D:/همزن/image_68.jpg,https://www.digikala.com/product/dkp-6594813/%D9%85%D8%A7%D8%B4%DB%8C%D9%86-%D8%A2%D8%B4%D9%BE%D8%B2%D8%AE%D8%A7%D9%86%D9%87-%D8%B3%DB%8C%D8%AC-%D9%85%D8%AF%D9%84-bem825bal/
همزن,جی پاس,1890000,4.1,nan,nan,nan,nan,استیل ضد زنگ,D:/همزن/image_69.jpg,https://www.digikala.com/product/dkp-1680466/%D9%87%D9%85%D8%B2%D9%86-%D8%A8%D8%B1%D9%82%DB%8C-%D8%AC%DB%8C-%D9%BE%D8%A7%D8%B3-%D9%85%D8%AF%D9%84-ghm2001n/
همزن,مایر,1140000,3.7,بدون کاسه,nan,دو,nan,استیل ضد زنگ,D:/همزن/image_70.jpg,https://www.digikala.com/product/dkp-17866054/%D9%87%D9%85%D8%B2%D9%86-%D9%85%D8%A7%DB%8C%D8%B1-%D9%85%D8%AF%D9%84-mr-2024/
همزن,پاناسونیک,9660000,,استیل,43,nan,nan,استیل و فولاد نچسب,D:/همزن/image_71.jpg,https://www.digikala.com/product/dkp-16946967/%D9%87%D9%85%D8%B2%D9%86-%D9%BE%D8%A7%D9%86%D8%A7%D8%B3%D9%88%D9%86%DB%8C%DA%A9-%D9%85%D8%AF%D9%84-mk-cm300/
همزن,مباشی,8150000,4.1,استیل,5,سه,ثابت,استیل,D:/همزن/image_72.jpg,https://www.digikala.com/product/dkp-9991576/%D9%87%D9%85%D8%B2%D9%86-%D9%85%D8%A8%D8%A7%D8%B4%DB%8C-%D9%85%D8%AF%D9%84-me-sbm1105/
همزن,ولگا,5000000,1.0,استیل,5.5,سه,nan,استیل ضد زنگ,D:/همزن/image_73.jpg,https://www.digikala.com/product/dkp-16305865/%D9%87%D9%85%D8%B2%D9%86-%D9%88%D9%84%DA%AF%D8%A7-%D9%85%D8%AF%D9%84-18-i/
همزن,تک الکتریک,2080000,5.0,استیل,3.4,دو,متحرک,فلزی,D:/همزن/image_74.jpg,https://www.digikala.com/product/dkp-15770119/%D9%87%D9%85%D8%B2%D9%86-%D8%AA%DA%A9-%D8%A7%D9%84%DA%A9%D8%AA%D8%B1%DB%8C%DA%A9-%D9%85%D8%AF%D9%84-bm1108-30bs/
همزن,سیلور کرست,1450000,4.5,nan,nan,nan,nan,nan,D:/همزن/image_75.jpg,https://www.digikala.com/product/dkp-15521150/%D9%87%D9%85%D8%B2%D9%86-%D8%B3%DB%8C%D9%84%D9%88%D8%B1-%DA%A9%D8%B1%D8%B3%D8%AA-%D9%85%D8%AF%D9%84-sc-8001/
همزن,متفرقه,750000,3.6,nan,nan,دو,بدون کاسه,nan,D:/همزن/image_76.jpg,https://www.digikala.com/product/dkp-16004304/%D9%87%D9%85%D8%B2%D9%86-%D9%85%D8%AF%D9%84-kd-133/
همزن,پاناسونیک,4696460,3.6,پلاستیک,3.5,دو,متحرک,استیل,D:/همزن/image_77.jpg,https://www.digikala.com/product/dkp-3755975/%D9%87%D9%85%D8%B2%D9%86-%D9%BE%D8%A7%D9%86%D8%A7%D8%B3%D9%88%D9%86%DB%8C%DA%A9-%D9%85%D8%AF%D9%84-mk-gb3/
همزن,یورولوکس,3980000,4.0,استیل,3.5,دو,متحرک,استیل,D:/همزن/image_78.jpg,https://www.digikala.com/product/dkp-3744347/%D9%87%D9%85%D8%B2%D9%86-%DB%8C%D9%88%D8%B1%D9%88%D9%84%D9%88%DA%A9%D8%B3-%D9%85%D8%AF%D9%84-eu-sm3916lsb/
همزن,مولینکس,4200000,4.3,nan,3.5,nan,nan,nan,D:/همزن/image_79.jpg,https://www.digikala.com/product/dkp-1597022/%D9%87%D9%85%D8%B2%D9%86-%D9%85%D9%88%D9%84%DB%8C%D9%86%DA%A9%D8%B3-%D9%85%D8%AF%D9%84-hm3111/
همزن,متفرقه,14000000,,استیل,7,nan,ثابت,استیل ضد زنگ,D:/همزن/image_80.jpg,https://www.digikala.com/product/dkp-12217174/%D9%87%D9%85%D8%B2%D9%86-%D8%AC%D9%86%D8%B1%D8%A7%D9%84%D8%AA%DA%A9-%D9%85%D8%AF%D9%84-gm-1085/
همزن,همیلتون,4680000,5.0,استیل,3/5,دو,متحرک,استیل ضد زنگ,D:/همزن/image_81.jpg,https://www.digikala.com/product/dkp-15570903/%D9%87%D9%85%D8%B2%D9%86-%D9%87%D9%85%DB%8C%D9%84%D8%AA%D9%88%D9%86-%D9%85%D8%AF%D9%84-mh-3914/
همزن,متفرقه,6700000,4.0,استیل,4.5,دو,ثابت,استیل ضدزنگ,D:/همزن/image_82.jpg,https://www.digikala.com/product/dkp-2785591/%D9%87%D9%85%D8%B2%D9%86-%DA%A9%D9%BE%D9%84%D8%B1-%D9%85%D8%AF%D9%84-khm-270/
همزن,گاستروبک,13171900,2.6,پلاستیک,0.8,سه,متحرک,nan,D:/همزن/image_83.jpg,https://www.digikala.com/product/dkp-4141072/%D9%87%D9%85%D8%B2%D9%86-%DA%AF%D8%A7%D8%B3%D8%AA%D8%B1%D9%88%D8%A8%DA%A9-%D9%85%D8%AF%D9%84-40983/
همزن,متفرقه,2860000,4.0,پلاستیک,4.5,یک,متحرک,کروم ضد زنگ,D:/همزن/image_84.jpg,https://www.digikala.com/product/dkp-778900/%D9%87%D9%85%D8%B2%D9%86-%D8%B3%DB%8C%D9%85%D8%A7%D8%B1%D8%A7%D9%86-%D9%85%D8%AF%D9%84-shm-422/
همزن,آی سن,2900000,3.8,پلاستیک,nan,دو,متحرک,استیل,D:/همزن/image_85.jpg,https://www.digikala.com/product/dkp-3830776/%D9%87%D9%85%D8%B2%D9%86-%D8%A2%DB%8C-%D8%B3%D9%86-%D9%85%D8%AF%D9%84-ie-m422/
همزن,مباشی,9600000,3.5,استیل,7,دو,ثابت,nan,D:/همزن/image_86.jpg,https://www.digikala.com/product/dkp-2784370/%D9%87%D9%85%D8%B2%D9%86-%D9%85%D8%A8%D8%A7%D8%B4%DB%8C-%D9%85%D8%AF%D9%84-me-smb1107/
همزن,فوما,7100000,4.1,استیل,4,سه,ثابت,nan,D:/همزن/image_87.jpg,https://www.digikala.com/product/dkp-3343480/%D9%87%D9%85%D8%B2%D9%86-%D9%81%D9%88%D9%85%D8%A7-%D9%85%D8%AF%D9%84-1995/
همزن,سوناشی,1951000,5.0,nan,nan,دو,nan,استیل,D:/همزن/image_88.jpg,https://www.digikala.com/product/dkp-15999767/%D9%87%D9%85%D8%B2%D9%86-%D8%B3%D9%88%D9%86%D8%A7%D8%B4%DB%8C-%D9%85%D8%AF%D9%84-smx-144/
همزن,المپیا,1950000,4.0,استیل,3,چهار,متحرک,استیل,D:/همزن/image_89.jpg,https://www.digikala.com/product/dkp-10391553/%D9%87%D9%85%D8%B2%D9%86-%D8%A7%D9%84%D9%85%D9%BE%DB%8C%D8%A7-%D9%85%D8%AF%D9%84-oe-318/
همزن,سوئیس پلاس,2650000,,استیل,2.2,چهار,ثابت,nan,D:/همزن/image_90.jpg,https://www.digikala.com/product/dkp-11393173/%D9%87%D9%85%D8%B2%D9%86-%D8%B3%D9%88%D8%A6%DB%8C%D8%B3-%D9%BE%D9%84%D8%A7%D8%B3-%D9%85%D8%AF%D9%84-smb-810s/
همزن,بلک اند دکر,3589000,3.5,پلاستیک,nan,دو,متحرک,nan,D:/همزن/image_91.jpg,https://www.digikala.com/product/dkp-4501009/%D9%87%D9%85%D8%B2%D9%86-%D8%A8%D9%84%DA%A9-%D8%A7%D9%86%D8%AF-%D8%AF%DA%A9%D8%B1-%D9%85%D8%AF%D9%84-m700/
همزن,برلین,9313970,5.0,استیل,7,سه,ثابت,استیل,D:/همزن/image_92.jpg,https://www.digikala.com/product/dkp-17860801/%D9%87%D9%85%D8%B2%D9%86-%D8%A8%D8%B1%D9%84%DB%8C%D9%86-%D9%85%D8%AF%D9%84-be-1500/
همزن,دسینی,1300000,,بدون کاسه,nan,nan,nan,استیل,D:/همزن/image_93.jpg,https://www.digikala.com/product/dkp-17759052/%D9%87%D9%85%D8%B2%D9%86-%D8%AF%D8%B3%DB%8C%D9%86%DB%8C-%D9%85%D8%AF%D9%84-ds278/
همزن,مولینکس,3300000,4.3,بدون کاسه,nan,دو,بدون کاسه,استیل,D:/همزن/image_94.jpg,https://www.digikala.com/product/dkp-6054718/%D9%87%D9%85%D8%B2%D9%86-%D9%85%D9%88%D9%84%DB%8C%D9%86%DA%A9%D8%B3-%D9%85%D8%AF%D9%84-hm310/
همزن,ایفل,11800000,,nan,nan,nan,nan,استیل ضد زنگ,D:/همزن/image_95.jpg,https://www.digikala.com/product/dkp-16931360/%D9%87%D9%85%D8%B2%D9%86-%D8%A7%DB%8C%D9%81%D9%84-%D9%85%D8%AF%D9%84-el-3777sm/
همزن,مک استایلر,9400000,,nan,nan,nan,nan,nan,D:/همزن/image_96.jpg,https://www.digikala.com/product/dkp-16462316/%D9%87%D9%85%D8%B2%D9%86-%D9%85%DA%A9-%D8%A7%D8%B3%D8%AA%D8%A7%DB%8C%D9%84%D8%B1-%D9%85%D8%AF%D9%84-mc-500/
همزن,باریتون,22900000,3.0,استیل,6.5,سه,ثابت,تمام استیل,D:/همزن/image_97.jpg,https://www.digikala.com/product/dkp-15247270/%D9%87%D9%85%D8%B2%D9%86-%D8%A8%D8%A7%D8%B1%DB%8C%D8%AA%D9%88%D9%86-%D9%85%D8%AF%D9%84-bsm-651800dx/
همزن,سونیفر,1139000,,nan,nan,چهار,nan,استیل ضد زنگ,D:/همزن/image_98.jpg,https://www.digikala.com/product/dkp-14442507/%D9%87%D9%85%D8%B2%D9%86-%D8%B3%D9%88%D9%86%DB%8C%D9%81%D8%B1-%D9%85%D8%AF%D9%84-sf-7021/
همزن,متفرقه,1650000,4.8,nan,nan,nan,nan,استیل ضدزنگ,D:/همزن/image_99.jpg,https://www.digikala.com/product/dkp-2149535/%D9%87%D9%85%D8%B2%D9%86-%DA%A9%D9%BE%D9%84%D8%B1-%D9%85%D8%AF%D9%84-khm-250/
همزن,سوئیس پلاس,4200000,4.5,استیل,3.5,دو,متحرک,استیل,D:/همزن/image_100.jpg,https://www.digikala.com/product/dkp-12173611/%D9%87%D9%85%D8%B2%D9%86-%D8%B3%D9%88%D8%A6%DB%8C%D8%B3-%D9%BE%D9%84%D8%A7%D8%B3-%D9%85%D8%AF%D9%84-smb-830s/
همزن,مکسی,2100000,3.5,استیل,nan,دو,متحرک,استیل,D:/همزن/image_101.jpg,https://www.digikala.com/product/dkp-3963095/%D9%87%D9%85%D8%B2%D9%86-%D9%85%DA%A9%D8%B3%DB%8C-%D9%85%D8%AF%D9%84-903-cbs/
همزن,سوئیس پلاس,3700000,3.8,nan,nan,nan,nan,nan,D:/همزن/image_102.jpg,https://www.digikala.com/product/dkp-11933741/%D9%87%D9%85%D8%B2%D9%86-%D8%B3%D9%88%D8%A6%DB%8C%D8%B3-%D9%BE%D9%84%D8%A7%D8%B3-%D9%85%D8%AF%D9%84-smb-820s/
همزن,ویداس,4500000,4.4,nan,4,nan,nan,nan,D:/همزن/image_103.jpg,https://www.digikala.com/product/dkp-490695/%D9%87%D9%85%D8%B2%D9%86-%D9%BE%D8%A7%DB%8C%D9%87-%D8%AF%D8%A7%D8%B1-%D9%88%DB%8C%D8%AF%D8%A7%D8%B3-%D9%85%D8%AF%D9%84-vir-3885/
همزن,متفرقه,3449000,4.3,بدون کاسه,nan,دو,بدون کاسه,استیل,D:/همزن/image_104.jpg,https://www.digikala.com/product/dkp-3821562/%D9%87%D9%85%D8%B2%D9%86-%D8%A8%D8%B1%DA%AF%D8%A7%D9%85%D9%88-%D9%85%D8%AF%D9%84-3610/
همزن,کاراجا,38710200,,فلز,5 ی,یک,متحرک,استیل,D:/همزن/image_105.jpg,https://www.digikala.com/product/dkp-12901983/%D9%87%D9%85%D8%B2%D9%86-%DA%A9%D8%A7%D8%B1%D8%A7%D8%AC%D8%A7-%D9%85%D8%AF%D9%84-15303062558/
همزن,پروفی کوک,22795000,3.9,nan,10,nan,nan,nan,D:/همزن/image_106.jpg,https://www.digikala.com/product/dkp-778986/%D9%87%D9%85%D8%B2%D9%86-%D9%BE%D8%B1%D9%88%D9%81%DB%8C-%DA%A9%D9%88%DA%A9-%D9%85%D8%AF%D9%84-km1096/
همزن,متفرقه,725000,2.5,بدون کاسه,nan,دو,بدون کاسه,استیل,D:/همزن/image_107.jpg,https://www.digikala.com/product/dkp-18317997/%D9%87%D9%85%D8%B2%D9%86-%DB%8C%D9%88%D9%86%DB%8C%DA%A9-%D8%B1%D8%A7%DA%A9-%D9%85%D8%AF%D9%84-u-133/
همزن,پلاتینیوم,600000,4.0,بدون کاسه,nan,nan,nan,استیل ضد زنگ,D:/همزن/image_108.jpg,https://www.digikala.com/product/dkp-17161508/%D9%87%D9%85%D8%B2%D9%86-%D9%BE%D9%84%D8%A7%D8%AA%DB%8C%D9%86%DB%8C%D9%88%D9%85-%D9%85%D8%AF%D9%84-ees133p/
همزن,یورولوکس,2799000,4.2,بدون کاسه,nan,دو,بدون کاسه,استیل,D:/همزن/image_109.jpg,https://www.digikala.com/product/dkp-1721237/%D9%87%D9%85%D8%B2%D9%86-%DB%8C%D9%88%D8%B1%D9%88%D9%84%D9%88%DA%A9%D8%B3-%D9%85%D8%AF%D9%84-3833/
همزن,فلر,2259000,3.9,nan,nan,nan,nan,استیل,D:/همزن/image_110.jpg,https://www.digikala.com/product/dkp-287391/%D9%87%D9%85%D8%B2%D9%86-%D9%81%D9%84%D8%B1-%D9%85%D8%AF%D9%84-hm401/
همزن,وگاترونیکس,1200000,3.0,nan,nan,دو,nan,استیل ضد زنگ,D:/همزن/image_111.jpg,https://www.digikala.com/product/dkp-14108441/%D9%87%D9%85%D8%B2%D9%86-%D9%88%DA%AF%D8%A7%D8%AA%D8%B1%D9%88%D9%86%DB%8C%DA%A9%D8%B3-%D9%85%D8%AF%D9%84-ve-222/
همزن,ناسا الکتریک,4150000,5.0,استیل,3,دو,متحرک,آلومینیوم با روکش کروم ضد زنگ,D:/همزن/image_112.jpg,https://www.digikala.com/product/dkp-16734748/%D9%87%D9%85%D8%B2%D9%86-%D9%86%D8%A7%D8%B3%D8%A7-%D8%A7%D9%84%DA%A9%D8%AA%D8%B1%DB%8C%DA%A9-%D9%85%D8%AF%D9%84-ns-932/
همزن,تولیپس,4150000,,استیل,nan,nan,nan,استیل,D:/همزن/image_113.jpg,https://www.digikala.com/product/dkp-18407306/%D9%87%D9%85%D8%B2%D9%86-%D8%AA%D9%88%D9%84%DB%8C%D9%BE%D8%B3-%D9%85%D8%AF%D9%84-mx-a-434/
همزن,نورنبرگ,5850000,,استیل,3.5,دو,متحرک,استیل,D:/همزن/image_114.jpg,https://www.digikala.com/product/dkp-17340079/%D9%87%D9%85%D8%B2%D9%86-%D9%86%D9%88%D8%B1%D9%86%D8%A8%D8%B1%DA%AF-%D9%85%D8%AF%D9%84-%DA%A9%D8%A7%D8%B3%D9%87%D8%AF%D8%A7%D8%B1-%DA%86%D9%86%D8%AF%DA%A9%D8%A7%D8%B1%D9%87-%DA%A9%D8%AF-550/
همزن,نیولند,2960000,5.0,استیل,4,دو,متحرک,استنلس استیل,D:/همزن/image_115.jpg,https://www.digikala.com/product/dkp-2913962/%D9%87%D9%85%D8%B2%D9%86-%D9%86%DB%8C%D9%88%D9%84%D9%86%D8%AF-%D9%85%D8%AF%D9%84-nl-2378/
همزن,متفرقه,1350000,4.1,nan,nan,چهار,nan,nan,D:/همزن/image_116.jpg,https://www.digikala.com/product/dkp-10475774/%D9%87%D9%85%D8%B2%D9%86-%D8%B3%D8%A7%D9%86%D9%81%D9%88%D8%B1%D8%AF-%D9%85%D8%AF%D9%84-sf1336hm/
همزن,دبلیو ام اف,12500000,4.4,بدون کاسه,nan,دو,بدون کاسه,nan,D:/همزن/image_117.jpg,https://www.digikala.com/product/dkp-4493733/%D9%87%D9%85%D8%B2%D9%86-%D8%AF%D8%A8%D9%84%DB%8C%D9%88-%D8%A7%D9%85-%D8%A7%D9%81-%D9%85%D8%AF%D9%84-kult-x/
همزن,ناسا الکتریک,3473180,,nan,nan,nan,nan,آلومینیوم با روکش کروم ضد زنگ,D:/همزن/image_118.jpg,https://www.digikala.com/product/dkp-16950714/%D9%87%D9%85%D8%B2%D9%86-%D9%86%D8%A7%D8%B3%D8%A7-%D8%A7%D9%84%DA%A9%D8%AA%D8%B1%DB%8C%DA%A9-%D9%85%D8%AF%D9%84-ns-919/
همزن,نیکووا,1100000,,nan,nan,nan,nan,استیل ضد زنگ,D:/همزن/image_119.jpg,https://www.digikala.com/product/dkp-16231946/%D9%87%D9%85%D8%B2%D9%86-%D9%86%DB%8C%DA%A9%D9%88%D9%88%D8%A7-%D9%85%D8%AF%D9%84-nhm-68/
همزن,متفرقه,6000000,4.0,nan,2,nan,nan,استیل,D:/همزن/image_120.jpg,https://www.digikala.com/product/dkp-282860/%D9%87%D9%85%D8%B2%D9%86-%D8%AF%D9%88-%DA%A9%D8%A7%D8%B3%D9%87-%D8%A8%D8%A7%DB%8C%D8%AA%D8%B1%D9%88%D9%86-%D9%85%D8%AF%D9%84-bhk-8kshs/
همزن,متفرقه,600000,3.4,بدون کاسه,nan,دو,بدون کاسه,استیل,D:/همزن/image_121.jpg,https://www.digikala.com/product/dkp-17947910/%D9%87%D9%85%D8%B2%D9%86-%D9%85%D8%AF%D9%84-260w/
همزن,unknown,9025000,,استیل,5,سه,ثابت,استیل,D:/همزن/image_122.jpg,https://www.digikala.com/product/dkp-17860835/%D9%87%D9%85%D8%B2%D9%86-%D8%A8%D9%84%DA%A9-%D9%BE%D8%B1%D9%88-%DA%A9%D9%88%DA%A9%D8%B1-%D9%85%D8%AF%D9%84-bcs-m809/
همزن,متفرقه,3980000,3.0,استیل,3.5,دو,متحرک,استیل ضدزنگ,D:/همزن/image_123.jpg,https://www.digikala.com/product/dkp-3643255/%D9%87%D9%85%D8%B2%D9%86-%D8%AF%D9%88%D9%86%D8%A7%D9%84%DA%A9%D8%B3-%D9%85%D8%AF%D9%84-dn-350/
همزن,گرند,8450000,,استیل,4,دو,متحرک,فلز و پلاستیک,D:/همزن/image_124.jpg,https://www.digikala.com/product/dkp-2771351/%D9%87%D9%85%D8%B2%D9%86-%DA%AF%D8%B1%D9%86%D8%AF-%D9%85%D8%AF%D9%84-gr-910s/
همزن,جی پاس,1799000,4.7,nan,nan,nan,nan,استیل,D:/همزن/image_125.jpg,https://www.digikala.com/product/dkp-1867709/%D9%87%D9%85%D8%B2%D9%86-%D8%AC%DB%8C-%D9%BE%D8%A7%D8%B3-%D9%85%D8%AF%D9%84-ghm43022/
همزن,رومانتیک هوم,1748010,,استیل,2,دو,متحرک,استیل,D:/همزن/image_126.jpg,https://www.digikala.com/product/dkp-13926536/%D9%87%D9%85%D8%B2%D9%86-%D8%B1%D9%88%D9%85%D8%A7%D9%86%D8%AA%DB%8C%DA%A9-%D9%87%D9%88%D9%85-%D9%85%D8%AF%D9%84-selva8/
همزن,فوما,8700000,,nan,nan,nan,nan,nan,D:/همزن/image_127.jpg,https://www.digikala.com/product/dkp-16216007/%D9%87%D9%85%D8%B2%D9%86-%D9%81%D9%88%D9%85%D8%A7-%D9%85%D8%AF%D9%84-fu-2030/
همزن,ترام هاوس,10700000,,استیل,5,چهار,متحرک,استیل,D:/همزن/image_128.jpg,https://www.digikala.com/product/dkp-17993793/%D9%87%D9%85%D8%B2%D9%86-%D8%AA%D8%B1%D8%A7%D9%85-%D9%87%D8%A7%D9%88%D8%B3-%D9%85%D8%AF%D9%84-hb-4906/
همزن,متفرقه,1900000,,بدون کاسه,nan,nan,nan,استیل,D:/همزن/image_129.jpg,https://www.digikala.com/product/dkp-18479055/%D9%87%D9%85%D8%B2%D9%86-%D9%85%DB%8C%D9%84%D9%88%DA%A9%D8%B3-%D9%85%D8%AF%D9%84-mhm-250/
همزن,گرند,8600000,,استیل,4.5,سه,ثابت,فلز,D:/همزن/image_130.jpg,https://www.digikala.com/product/dkp-3257360/%D9%87%D9%85%D8%B2%D9%86-%DA%AF%D8%B1%D9%86%D8%AF-%D9%85%D8%AF%D9%84-gr-9515b/
