category,brand,price,rating,capacity,energy_rating,height,width,depth,water_consumption,power_consumption,display,door_opening,image_path,product_url
ماشین لباسشویی,ایکس ویژن,30294270,4.3,9 کیلوگرم,A+++,85.0,59.5,56.0,B,nan,نشانگر LED,به سمت چپ,D:/ماشین لباسشویی/image_1.jpg,https://www.digikala.com/product/dkp-11430289/%D9%85%D8%A7%D8%B4%DB%8C%D9%86-%D9%84%D8%A8%D8%A7%D8%B3%D8%B4%D9%88%DB%8C%DB%8C-%D8%A7%D8%AA%D9%88%D9%85%D8%A7%D8%AA%DB%8C%DA%A9-%D8%A7%DB%8C%DA%A9%D8%B3-%D9%88%DB%8C%DA%98%D9%86-%D9%85%D8%AF%D9%84-tf94-awblasbl-%D8%B8%D8%B1%D9%81%DB%8C%D8%AA-9-%DA%A9%DB%8C%D9%84%D9%88%DA%AF%D8%B1%D9%85/
ماشین لباسشویی,پاکشوما,16929000,4.2,12 کیلوگرم,A+,103.0,66.0,65.0,A+,nan,لمسی,به سمت بالا,D:/ماشین لباسشویی/image_2.jpg,https://www.digikala.com/product/dkp-14010270/%D9%85%D8%A7%D8%B4%DB%8C%D9%86-%D9%84%D8%A8%D8%A7%D8%B3%D8%B4%D9%88%DB%8C%DB%8C-%D8%A7%D8%AA%D9%88%D9%85%D8%A7%D8%AA%DB%8C%DA%A9-%D9%BE%D8%A7%DA%A9%D8%B4%D9%88%D9%85%D8%A7-%D9%85%D8%AF%D9%84-tlab-1201w-%D8%B8%D8%B1%D9%81%DB%8C%D8%AA-12-%DA%A9%DB%8C%D9%84%D9%88%DA%AF%D8%B1%D9%85/
ماشین لباسشویی,اسنوا,30961150,4.0,9 کیلوگرم,A+++,85.0,60.0,60.0,C,nan,نشانگر LED,به سمت چپ,D:/ماشین لباسشویی/image_3.jpg,https://www.digikala.com/product/dkp-16309371/%D9%85%D8%A7%D8%B4%DB%8C%D9%86-%D9%84%D8%A8%D8%A7%D8%B3%D8%B4%D9%88%DB%8C%DB%8C-9-%DA%A9%DB%8C%D9%84%D9%88%DA%AF%D8%B1%D9%85-%D8%A7%D8%AA%D9%88%D9%85%D8%A7%D8%AA%DB%8C%DA%A9-%D8%A7%D8%B3%D9%86%D9%88%D8%A7-%D9%85%D8%AF%D9%84-swm-e92w/
ماشین لباسشویی,پاکشوما,7649000,4.3,15.5 کیلوگرم,A,95.0,93.0,48.0,C,nan,nan,به سمت بالا,D:/ماشین لباسشویی/image_4.jpg,https://www.digikala.com/product/dkp-16343902/%D9%85%D8%A7%D8%B4%DB%8C%D9%86-%D9%84%D8%A8%D8%A7%D8%B3%D8%B4%D9%88%DB%8C%DB%8C-%D9%86%DB%8C%D9%85%D9%87-%D8%A7%D8%AA%D9%88%D9%85%D8%A7%D8%AA%DB%8C%DA%A9-%D9%BE%D8%A7%DA%A9%D8%B4%D9%88%D9%85%D8%A7-%D9%85%D8%AF%D9%84-ptf-1504-iaj-%D8%B8%D8%B1%D9%81%DB%8C%D8%AA-155-%DA%A9%DB%8C%D9%84%D9%88%DA%AF%D8%B1%D9%85/
ماشین لباسشویی,دوو,22968000,4.0,7 کیلوگرم,A+++,85.0,59.5,63.4,nan,nan,صفحه نمایش,به سمت چپ,D:/ماشین لباسشویی/image_5.jpg,https://www.digikala.com/product/dkp-16452689/%D9%85%D8%A7%D8%B4%DB%8C%D9%86-%D9%84%D8%A8%D8%A7%D8%B3%D8%B4%D9%88%DB%8C%DB%8C-%D8%AF%D9%88%D9%88-%D9%85%D8%AF%D9%84-lm-720s-%D8%B8%D8%B1%D9%81%DB%8C%D8%AA-7-%DA%A9%DB%8C%D9%84%D9%88%DA%AF%D8%B1%D9%85/
ماشین لباسشویی,پاکشوما,8390000,4.3,15.5 کیلوگرم,nan,95.0,93.0,48.0,C,A,nan,به سمت بالا,D:/ماشین لباسشویی/image_6.jpg,https://www.digikala.com/product/dkp-11089222/%D9%85%D8%A7%D8%B4%DB%8C%D9%86-%D9%84%D8%A8%D8%A7%D8%B3%D8%B4%D9%88%DB%8C%DB%8C-%D9%BE%D8%A7%DA%A9%D8%B4%D9%88%D9%85%D8%A7-%D9%85%D8%AF%D9%84-ptf-1504-aj-%D8%B8%D8%B1%D9%81%DB%8C%D8%AA-155-%DA%A9%DB%8C%D9%84%D9%88%DA%AF%D8%B1%D9%85/
ماشین لباسشویی,ایکس ویژن,23600000,4.3,7 کیلوگرم,nan,85.0,59.6,56.0,nan,nan,صفحه نمایش,به سمت چپ,D:/ماشین لباسشویی/image_7.jpg,https://www.digikala.com/product/dkp-4181844/%D9%85%D8%A7%D8%B4%DB%8C%D9%86-%D9%84%D8%A8%D8%A7%D8%B3%D8%B4%D9%88%DB%8C%DB%8C-%D8%A7%DB%8C%DA%A9%D8%B3-%D9%88%DB%8C%DA%98%D9%86-%D9%85%D8%AF%D9%84-tg72-bwbs-%D8%B8%D8%B1%D9%81%DB%8C%D8%AA-7-%DA%A9%DB%8C%D9%84%D9%88%DA%AF%D8%B1%D9%85/
ماشین لباسشویی,فریدولین,10800000,4.0,6 کیلوگرم,B,915.0,540.0,590.0,E,nan,صفحه نمایش نشانگر LED,به سمت بالا,D:/ماشین لباسشویی/image_8.jpg,https://www.digikala.com/product/dkp-646139/%D9%85%D8%A7%D8%B4%DB%8C%D9%86-%D9%84%D8%A8%D8%A7%D8%B3%D8%B4%D9%88%DB%8C%DB%8C-6-%DA%A9%DB%8C%D9%84%D9%88%DA%AF%D8%B1%D9%85-%D8%A7%D8%AA%D9%88%D9%85%D8%A7%D8%AA%DB%8C%DA%A9-%D9%81%D8%B1%DB%8C%D8%AF%D9%88%D9%84%DB%8C%D9%86-%D9%85%D8%AF%D9%84-sw60/
ماشین لباسشویی,اسنوا,30489000,4.4,8 کیلوگرم,A+++,85.0,59.5,63.5,C,nan,nan,به سمت چپ,D:/ماشین لباسشویی/image_9.jpg,https://www.digikala.com/product/dkp-16713977/%D9%85%D8%A7%D8%B4%DB%8C%D9%86-%D9%84%D8%A8%D8%A7%D8%B3%D8%B4%D9%88%DB%8C%DB%8C-8-%DA%A9%DB%8C%D9%84%D9%88%DA%AF%D8%B1%D9%85-%D8%A7%D8%AA%D9%88%D9%85%D8%A7%D8%AA%DB%8C%DA%A9-%D8%A7%D8%B3%D9%86%D9%88%D8%A7-%D9%85%D8%AF%D9%84-swm-d80s/
ماشین لباسشویی,فریدولین,5489000,3.9,10 کیلوگرم,nan,99.1,58.0,58.0,D,B,nan,به سمت بالا,D:/ماشین لباسشویی/image_10.jpg,https://www.digikala.com/product/dkp-1947272/%D9%85%D8%A7%D8%B4%DB%8C%D9%86-%D9%84%D8%A8%D8%A7%D8%B3%D8%B4%D9%88%DB%8C%DB%8C-%D9%81%D8%B1%DB%8C%D8%AF%D9%88%D9%84%DB%8C%D9%86-%D9%85%D8%AF%D9%84-sw100-new-version-%D8%B8%D8%B1%D9%81%DB%8C%D8%AA-10-%DA%A9%DB%8C%D9%84%D9%88%DA%AF%D8%B1%D9%85/
ماشین لباسشویی,اسنوا,36756100,4.5,9 کیلوگرم,A+++,85.0,59.5,63.5,C,nan,لمسی صفحه نمایش نشانگر LED,به سمت چپ,D:/ماشین لباسشویی/image_11.jpg,https://www.digikala.com/product/dkp-16714484/%D9%85%D8%A7%D8%B4%DB%8C%D9%86-%D9%84%D8%A8%D8%A7%D8%B3%D8%B4%D9%88%DB%8C%DB%8C-9-%DA%A9%DB%8C%D9%84%D9%88%DA%AF%D8%B1%D9%85-%D8%A7%D8%AA%D9%88%D9%85%D8%A7%D8%AA%DB%8C%DA%A9-%D8%A7%D8%B3%D9%86%D9%88%D8%A7-%D9%85%D8%AF%D9%84-swm-f92s/
ماشین لباسشویی,پاکشوما,31000000,4.5,9 کیلوگرم,nan,85.0,60.0,60.0,C,A++,صفحه نمایش,به سمت چپ,D:/ماشین لباسشویی/image_12.jpg,https://www.digikala.com/product/dkp-11079602/%D9%85%D8%A7%D8%B4%DB%8C%D9%86-%D9%84%D8%A8%D8%A7%D8%B3%D8%B4%D9%88%DB%8C%DB%8C-%D9%BE%D8%A7%DA%A9%D8%B4%D9%88%D9%85%D8%A7-%D9%85%D8%AF%D9%84-tfb-96402-st-%D8%B8%D8%B1%D9%81%DB%8C%D8%AA-9-%DA%A9%DB%8C%D9%84%D9%88%DA%AF%D8%B1%D9%85-clone-1-of-9609782/
ماشین لباسشویی,دوو,38280000,4.2,9 کیلوگرم,A+++,85.0,59.5,63.5,A,nan,صفحه نمایش نشانگر LED,به سمت چپ,D:/ماشین لباسشویی/image_13.jpg,https://www.digikala.com/product/dkp-16895588/%D9%85%D8%A7%D8%B4%DB%8C%D9%86-%D9%84%D8%A8%D8%A7%D8%B3%D8%B4%D9%88%DB%8C%DB%8C-%D8%A7%D8%AA%D9%88%D9%85%D8%A7%D8%AA%DB%8C%DA%A9-%D8%AF%D9%88%D9%88-%D9%85%D8%AF%D9%84-lm-990s-%D8%B8%D8%B1%D9%81%DB%8C%D8%AA-9-%DA%A9%DB%8C%D9%84%D9%88%DA%AF%D8%B1%D9%85/
ماشین لباسشویی,پاکشوما,28086200,4.3,8 کیلوگرم,nan,85.0,60.0,54.0,nan,A++,نشانگر LED,به سمت چپ,D:/ماشین لباسشویی/image_14.jpg,https://www.digikala.com/product/dkp-15749427/%D9%85%D8%A7%D8%B4%DB%8C%D9%86-%D9%84%D8%A8%D8%A7%D8%B3%D8%B4%D9%88%DB%8C%DB%8C-%D9%BE%D8%A7%DA%A9%D8%B4%D9%88%D9%85%D8%A7-%D9%85%D8%AF%D9%84-bwf-40801-ist-%D8%B8%D8%B1%D9%81%DB%8C%D8%AA-8-%DA%A9%DB%8C%D9%84%D9%88%DA%AF%D8%B1%D9%85/
ماشین لباسشویی,دوو,24434950,4.9,7 کیلوگرم,A+++,85.0,59.5,63.4,nan,nan,صفحه نمایش,به سمت چپ,D:/ماشین لباسشویی/image_15.jpg,https://www.digikala.com/product/dkp-16452802/%D9%85%D8%A7%D8%B4%DB%8C%D9%86-%D9%84%D8%A8%D8%A7%D8%B3%D8%B4%D9%88%DB%8C%DB%8C-%D8%A7%D8%AA%D9%88%D9%85%D8%A7%D8%AA%DB%8C%DA%A9-%D8%AF%D9%88%D9%88-%D9%85%D8%AF%D9%84-lm-720w-%D8%B8%D8%B1%D9%81%DB%8C%D8%AA-7-%DA%A9%DB%8C%D9%84%D9%88%DA%AF%D8%B1%D9%85/
ماشین لباسشویی,دوو,35169000,5.0,9 کیلوگرم,A+++,85.0,59.5,63.5,C,nan,نشانگر LED,به سمت چپ,D:/ماشین لباسشویی/image_16.jpg,https://www.digikala.com/product/dkp-18259782/%D9%85%D8%A7%D8%B4%DB%8C%D9%86-%D9%84%D8%A8%D8%A7%D8%B3%D8%B4%D9%88%DB%8C%DB%8C-%D8%A7%D8%AA%D9%88%D9%85%D8%A7%D8%AA%DB%8C%DA%A9-%D8%AF%D9%88%D9%88-%D9%85%D8%AF%D9%84-lm-981s-%D8%B8%D8%B1%D9%81%DB%8C%D8%AA-9-%DA%A9%DB%8C%D9%84%D9%88%DA%AF%D8%B1%D9%85/
ماشین لباسشویی,ریتون,10619000,3.3,18 کیلوگرم,A+++,102.0,100.0,61.0,کم مصرف A+,4 آمپر,معمولی,به سمت بالا,D:/ماشین لباسشویی/image_17.jpg,https://www.digikala.com/product/dkp-17661681/%D9%85%D8%A7%D8%B4%DB%8C%D9%86-%D9%84%D8%A8%D8%A7%D8%B3%D8%B4%D9%88%DB%8C%DB%8C-%D9%86%DB%8C%D9%85%D9%87-%D8%A7%D8%AA%D9%88%D9%85%D8%A7%D8%AA%DB%8C%DA%A9-%D8%B1%DB%8C%D8%AA%D9%88%D9%86-%D9%85%D8%AF%D9%84-rwm-1730-ace-pro-2xl-%D8%B8%D8%B1%D9%81%DB%8C%D8%AA-18-%DA%A9%DB%8C%D9%84%D9%88%DA%AF%D8%B1%D9%85/
ماشین لباسشویی,دوو,32720000,4.6,8 کیلوگرم,nan,85.0,60.0,64.0,nan,nan,صفحه نمایش,به سمت چپ,D:/ماشین لباسشویی/image_18.jpg,https://www.digikala.com/product/dkp-11196326/%D9%85%D8%A7%D8%B4%DB%8C%D9%86-%D9%84%D8%A8%D8%A7%D8%B3%D8%B4%D9%88%DB%8C%DB%8C-%D8%AF%D9%88%D9%88-%D9%85%D8%AF%D9%84-dwk-pr880s-%D8%B8%D8%B1%D9%81%DB%8C%D8%AA-8-%DA%A9%DB%8C%D9%84%D9%88%DA%AF%D8%B1%D9%85/
ماشین لباسشویی,فریدولین,10999000,3.2,4.5 کیلوگرم,A,76.0,44.0,44.0,A,nan,صفحه نمایش نشانگر LED,به سمت بالا,D:/ماشین لباسشویی/image_19.jpg,https://www.digikala.com/product/dkp-18186735/%D9%85%D8%A7%D8%B4%DB%8C%D9%86-%D9%84%D8%A8%D8%A7%D8%B3%D8%B4%D9%88%DB%8C%DB%8C-45-%DA%A9%DB%8C%D9%84%D9%88%DA%AF%D8%B1%D9%85-%D8%A7%D8%AA%D9%88%D9%85%D8%A7%D8%AA%DB%8C%DA%A9-%D9%81%D8%B1%DB%8C%D8%AF%D9%88%D9%84%DB%8C%D9%86-%D9%85%D8%AF%D9%84-swf45g/
ماشین لباسشویی,اسنوا,33006500,4.5,9 کیلوگرم,A+++,85.0,59.5,63.5,C,nan,نشانگر LED لمسی,به سمت چپ,D:/ماشین لباسشویی/image_20.jpg,https://www.digikala.com/product/dkp-16714293/%D9%85%D8%A7%D8%B4%DB%8C%D9%86-%D9%84%D8%A8%D8%A7%D8%B3%D8%B4%D9%88%DB%8C%DB%8C-9-%DA%A9%DB%8C%D9%84%D9%88%DA%AF%D8%B1%D9%85-%D8%A7%D8%AA%D9%88%D9%85%D8%A7%D8%AA%DB%8C%DA%A9-%D8%A7%D8%B3%D9%86%D9%88%D8%A7-%D9%85%D8%AF%D9%84-swm-f92w/
ماشین لباسشویی,پاکشوما,6699000,4.2,9.6 کیلوگرم,A,99.0,78.0,46.0,C,A,nan,به سمت بالا,D:/ماشین لباسشویی/image_21.jpg,https://www.digikala.com/product/dkp-16647545/%D9%85%D8%A7%D8%B4%DB%8C%D9%86-%D9%84%D8%A8%D8%A7%D8%B3%D8%B4%D9%88%DB%8C%DB%8C-%D9%86%DB%8C%D9%85%D9%87-%D8%A7%D8%AA%D9%88%D9%85%D8%A7%D8%AA%DB%8C%DA%A9-%D9%BE%D8%A7%DA%A9%D8%B4%D9%88%D9%85%D8%A7-%D9%85%D8%AF%D9%84-ptn-9604i-aj-%D8%B8%D8%B1%D9%81%DB%8C%D8%AA-96-%DA%A9%DB%8C%D9%84%D9%88%DA%AF%D8%B1%D9%85/
ماشین لباسشویی,اسنوا,33600000,4.6,9 کیلوگرم,A+++,85.0,60.0,60.0,C,nan,نشانگر LED,به سمت چپ,D:/ماشین لباسشویی/image_22.jpg,https://www.digikala.com/product/dkp-16309567/%D9%85%D8%A7%D8%B4%DB%8C%D9%86-%D9%84%D8%A8%D8%A7%D8%B3%D8%B4%D9%88%DB%8C%DB%8C-9-%DA%A9%DB%8C%D9%84%D9%88%DA%AF%D8%B1%D9%85-%D8%A7%D8%AA%D9%88%D9%85%D8%A7%D8%AA%DB%8C%DA%A9-%D8%A7%D8%B3%D9%86%D9%88%D8%A7-%D9%85%D8%AF%D9%84-swm-e92s/
ماشین لباسشویی,دوو,27835550,4.5,8 کیلوگرم,A+++,82.5,59.5,60.0,nan,nan,نشانگر LED,به سمت چپ,D:/ماشین لباسشویی/image_23.jpg,https://www.digikala.com/product/dkp-16620330/%D9%85%D8%A7%D8%B4%DB%8C%D9%86-%D9%84%D8%A8%D8%A7%D8%B3%D8%B4%D9%88%DB%8C%DB%8C-%D8%AF%D9%88%D9%88-%D9%85%D8%AF%D9%84-lm-840w-%D8%B8%D8%B1%D9%81%DB%8C%D8%AA-%DB%B8-%DA%A9%DB%8C%D9%84%D9%88%DA%AF%D8%B1%D9%85/
ماشین لباسشویی,پاکشوما,31782000,4.4,9 کیلوگرم,A++,85.0,60.0,60.0,C,A++,نشانگر LED,به سمت چپ,D:/ماشین لباسشویی/image_24.jpg,https://www.digikala.com/product/dkp-17374283/%D9%85%D8%A7%D8%B4%DB%8C%D9%86-%D9%84%D8%A8%D8%A7%D8%B3%D8%B4%D9%88%DB%8C%DB%8C-%D8%A7%D8%AA%D9%88%D9%85%D8%A7%D8%AA%DB%8C%DA%A9-%D9%BE%D8%A7%DA%A9%D8%B4%D9%88%D9%85%D8%A7-%D9%85%D8%AF%D9%84-bwf-40904-iwt-%D8%B8%D8%B1%D9%81%DB%8C%D8%AA-9-%DA%A9%DB%8C%D9%84%D9%88%DA%AF%D8%B1%D9%85/
ماشین لباسشویی,پاکشوما,32327400,4.4,9 کیلوگرم,nan,85.0,60.0,60.0,C,A++,صفحه نمایش,به سمت چپ,D:/ماشین لباسشویی/image_25.jpg,https://www.digikala.com/product/dkp-15732364/%D9%85%D8%A7%D8%B4%DB%8C%D9%86-%D9%84%D8%A8%D8%A7%D8%B3%D8%B4%D9%88%DB%8C%DB%8C-%D9%BE%D8%A7%DA%A9%D8%B4%D9%88%D9%85%D8%A7-%D9%85%D8%AF%D9%84-bwf-40904-st-%D8%B8%D8%B1%D9%81%DB%8C%D8%AA-9-%DA%A9%DB%8C%D9%84%D9%88%DA%AF%D8%B1%D9%85-clone-1-of-11080078/
ماشین لباسشویی,اسنوا,28998000,4.1,8 کیلوگرم,A+++,85.0,59.5,63.5,C,nan,صفحه نمایش نشانگر LED,به سمت چپ,D:/ماشین لباسشویی/image_26.jpg,https://www.digikala.com/product/dkp-16713697/%D9%85%D8%A7%D8%B4%DB%8C%D9%86-%D9%84%D8%A8%D8%A7%D8%B3%D8%B4%D9%88%DB%8C%DB%8C-8-%DA%A9%DB%8C%D9%84%D9%88%DA%AF%D8%B1%D9%85-%D8%A7%D8%AA%D9%88%D9%85%D8%A7%D8%AA%DB%8C%DA%A9-%D8%A7%D8%B3%D9%86%D9%88%D8%A7-%D9%85%D8%AF%D9%84-swm-d80w/
ماشین لباسشویی,ایکس ویژن,23682870,4.3,6 کیلوگرم,nan,85.0,59.5,47.0,B,A+++,صفحه نمایش,به سمت چپ,D:/ماشین لباسشویی/image_27.jpg,https://www.digikala.com/product/dkp-4008857/%D9%85%D8%A7%D8%B4%DB%8C%D9%86-%D9%84%D8%A8%D8%A7%D8%B3%D8%B4%D9%88%DB%8C%DB%8C-%D8%A7%DB%8C%DA%A9%D8%B3-%D9%88%DB%8C%DA%98%D9%86-%D9%85%D8%AF%D9%84-te62-awas-%D8%B8%D8%B1%D9%81%DB%8C%D8%AA-6-%DA%A9%DB%8C%D9%84%D9%88%DA%AF%D8%B1%D9%85/
ماشین لباسشویی,پاکشوما,36625000,4.6,9 کیلوگرم,A++,85.0,70.0,60.0,nan,nan,nan,به سمت چپ,D:/ماشین لباسشویی/image_28.jpg,https://www.digikala.com/product/dkp-14223928/%D9%85%D8%A7%D8%B4%DB%8C%D9%86-%D9%84%D8%A8%D8%A7%D8%B3%D8%B4%D9%88%DB%8C%DB%8C-%D8%A7%D8%AA%D9%88%D9%85%D8%A7%D8%AA%DB%8C%DA%A9-%D9%BE%D8%A7%DA%A9%D8%B4%D9%88%D9%85%D8%A7-%D9%85%D8%AF%D9%84-bwf-40116-st-%D8%B8%D8%B1%D9%81%DB%8C%D8%AA-9-%DA%A9%DB%8C%D9%84%D9%88%DA%AF%D8%B1%D9%85/
ماشین لباسشویی,کندی,29000000,3.7,9 کیلوگرم,A++,85.0,60.0,60.0,C,nan,نشانگر روی پنل,به سمت چپ,D:/ماشین لباسشویی/image_29.jpg,https://www.digikala.com/product/dkp-15634923/%D9%85%D8%A7%D8%B4%DB%8C%D9%86-%D9%84%D8%A8%D8%A7%D8%B3%D8%B4%D9%88%DB%8C%DB%8C-%D8%A7%D8%AA%D9%88%D9%85%D8%A7%D8%AA%DB%8C%DA%A9-%DA%A9%D9%86%D8%AF%DB%8C-%D9%85%D8%AF%D9%84-pfc-946-s/
ماشین لباسشویی,دوو,30975000,4.8,8 کیلوگرم,A+++,85.0,59.5,63.5,C,nan,نشانگر LED لمسی,به سمت چپ,D:/ماشین لباسشویی/image_30.jpg,https://www.digikala.com/product/dkp-18259708/%D9%85%D8%A7%D8%B4%DB%8C%D9%86-%D9%84%D8%A8%D8%A7%D8%B3%D8%B4%D9%88%DB%8C%DB%8C-8-%DA%A9%DB%8C%D9%84%D9%88%DA%AF%D8%B1%D9%85-%D8%A7%D8%AA%D9%88%D9%85%D8%A7%D8%AA%DB%8C%DA%A9-%D8%AF%D9%88%D9%88-%D9%85%D8%AF%D9%84-lm-881w/
ماشین لباسشویی,فریدولین,8613000,3.9,15 کیلوگرم,B,91.0,86.0,51.5,B,nan,nan,به سمت بالا,D:/ماشین لباسشویی/image_31.jpg,https://www.digikala.com/product/dkp-2140332/%D9%85%D8%A7%D8%B4%DB%8C%D9%86-%D9%84%D8%A8%D8%A7%D8%B3%D8%B4%D9%88%DB%8C%DB%8C-15-%DA%A9%DB%8C%D9%84%D9%88%DA%AF%D8%B1%D9%85-%D9%86%DB%8C%D9%85%D9%87-%D8%A7%D8%AA%D9%88%D9%85%D8%A7%D8%AA%DB%8C%DA%A9-%D9%81%D8%B1%DB%8C%D8%AF%D9%88%D9%84%DB%8C%D9%86-%D9%85%D8%AF%D9%84-swt150/
ماشین لباسشویی,پاکشوما,29894350,4.5,8 کیلوگرم,nan,85.0,60.0,54.0,nan,nan,nan,به سمت چپ,D:/ماشین لباسشویی/image_32.jpg,https://www.digikala.com/product/dkp-11853685/%D9%85%D8%A7%D8%B4%DB%8C%D9%86-%D9%84%D8%A8%D8%A7%D8%B3%D8%B4%D9%88%DB%8C%DB%8C-%D9%BE%D8%A7%DA%A9%D8%B4%D9%88%D9%85%D8%A7-%D9%85%D8%AF%D9%84-bwf-40806-st-%D8%B8%D8%B1%D9%81%DB%8C%D8%AA-8-%DA%A9%DB%8C%D9%84%D9%88%DA%AF%D8%B1%D9%85/
ماشین لباسشویی,سام,28200000,4.2,9 کیلوگرم,A+++,85.0,59.5,60.0,C,nan,لمسی,به سمت چپ,D:/ماشین لباسشویی/image_33.jpg,https://www.digikala.com/product/dkp-7853356/%D9%85%D8%A7%D8%B4%DB%8C%D9%86-%D9%84%D8%A8%D8%A7%D8%B3%D8%B4%D9%88%DB%8C%DB%8C-9-%DA%A9%DB%8C%D9%84%D9%88%DA%AF%D8%B1%D9%85-%D8%A7%D8%AA%D9%88%D9%85%D8%A7%D8%AA%DB%8C%DA%A9-%D8%B3%D8%A7%D9%85-%D9%85%D8%AF%D9%84-dd-p1485w/
ماشین لباسشویی,پاکشوما,17799000,,12 کیلوگرم,A+,100.0,60.0,63.0,nan,nan,نشانگر LED,به سمت بالا,D:/ماشین لباسشویی/image_34.jpg,https://www.digikala.com/product/dkp-18139489/%D9%85%D8%A7%D8%B4%DB%8C%D9%86-%D9%84%D8%A8%D8%A7%D8%B3%D8%B4%D9%88%DB%8C%DB%8C-12-%DA%A9%DB%8C%D9%84%D9%88%DA%AF%D8%B1%D9%85-%D8%A7%D8%AA%D9%88%D9%85%D8%A7%D8%AA%DB%8C%DA%A9-%D9%BE%D8%A7%DA%A9%D8%B4%D9%88%D9%85%D8%A7-%D9%85%D8%AF%D9%84-tlab-%DB%B1%DB%B2%DB%B0%DB%B1-s/
ماشین لباسشویی,پاکشوما,29099000,3.8,9 کیلوگرم,A++,85.0,60.0,60.0,C,nan,نشانگر LED لمسی,به سمت چپ,D:/ماشین لباسشویی/image_35.jpg,https://www.digikala.com/product/dkp-16343862/%D9%85%D8%A7%D8%B4%DB%8C%D9%86-%D9%84%D8%A8%D8%A7%D8%B3%D8%B4%D9%88%DB%8C%DB%8C-%D8%A7%D8%AA%D9%88%D9%85%D8%A7%D8%AA%DB%8C%DA%A9-%D9%BE%D8%A7%DA%A9%D8%B4%D9%88%D9%85%D8%A7-%D9%85%D8%AF%D9%84-bwf-40107-iwt-%D8%B8%D8%B1%D9%81%DB%8C%D8%AA-9-%DA%A9%DB%8C%D9%84%D9%88%DA%AF%D8%B1%D9%85/
ماشین لباسشویی,پاکشوما,11000000,,7 کیلوگرم,A+,85.0,49.0,53.0,nan,nan,نشانگر LED,به سمت بالا,D:/ماشین لباسشویی/image_36.jpg,https://www.digikala.com/product/dkp-18139257/%D9%85%D8%A7%D8%B4%DB%8C%D9%86-%D9%84%D8%A8%D8%A7%D8%B3%D8%B4%D9%88%DB%8C%DB%8C-%D9%BE%D8%A7%DA%A9%D8%B4%D9%88%D9%85%D8%A7-%D9%85%D8%AF%D9%84-tlx7001iw-%D8%B8%D8%B1%D9%81%DB%8C%D8%AA-7-%DA%A9%DB%8C%D9%84%D9%88%DA%AF%D8%B1%D9%85/
ماشین لباسشویی,ایکس ویژن,22000000,4.4,8 کیلوگرم,nan,85.0,60.0,52.0,B,A+++,nan,به سمت چپ,D:/ماشین لباسشویی/image_37.jpg,https://www.digikala.com/product/dkp-10859392/%D9%85%D8%A7%D8%B4%DB%8C%D9%86-%D9%84%D8%A8%D8%A7%D8%B3%D8%B4%D9%88%DB%8C%DB%8C-%D8%A7%DB%8C%DA%A9%D8%B3-%D9%88%DB%8C%DA%98%D9%86-%D9%85%D8%AF%D9%84-tg82-asaw-%D8%B8%D8%B1%D9%81%DB%8C%D8%AA-8-%DA%A9%DB%8C%D9%84%D9%88%DA%AF%D8%B1%D9%85/
ماشین لباسشویی,دوو,33660000,4.8,8 کیلوگرم,A+++,85.0,59.5,63.5,C,nan,نشانگر LED لمسی,به سمت چپ,D:/ماشین لباسشویی/image_38.jpg,https://www.digikala.com/product/dkp-18259744/%D9%85%D8%A7%D8%B4%DB%8C%D9%86-%D9%84%D8%A8%D8%A7%D8%B3%D8%B4%D9%88%DB%8C%DB%8C-%D8%A7%D8%AA%D9%88%D9%85%D8%A7%D8%AA%DB%8C%DA%A9-%D8%AF%D9%88%D9%88-%D9%85%D8%AF%D9%84-lm-881s-%D8%B8%D8%B1%D9%81%DB%8C%D8%AA-8-%DA%A9%DB%8C%D9%84%D9%88%DA%AF%D8%B1%D9%85/
ماشین لباسشویی,اسنوا,23766160,4.7,8 کیلوگرم,A+++,82.5,59.5,60.0,nan,nan,نشانگر LED,به سمت چپ,D:/ماشین لباسشویی/image_39.jpg,https://www.digikala.com/product/dkp-17900245/%D9%85%D8%A7%D8%B4%DB%8C%D9%86-%D9%84%D8%A8%D8%A7%D8%B3%D8%B4%D9%88%DB%8C%DB%8C-8-%DA%A9%DB%8C%D9%84%D9%88%DA%AF%D8%B1%D9%85-%D8%A7%D8%AA%D9%88%D9%85%D8%A7%D8%AA%DB%8C%DA%A9-%D8%A7%D8%B3%D9%86%D9%88%D8%A7-%D9%85%D8%AF%D9%84-swm-c81w/
ماشین لباسشویی,دوو,30252870,4.3,8 کیلوگرم,nan,82.5,59.5,63.0,nan,nan,صفحه نمایش,به سمت چپ,D:/ماشین لباسشویی/image_40.jpg,https://www.digikala.com/product/dkp-11206428/%D9%85%D8%A7%D8%B4%DB%8C%D9%86-%D9%84%D8%A8%D8%A7%D8%B3%D8%B4%D9%88%DB%8C%DB%8C-%D8%AF%D9%88%D9%88-%D9%85%D8%AF%D9%84-dwk-zl860cc-%D8%B8%D8%B1%D9%81%DB%8C%D8%AA-8-%DA%A9%DB%8C%D9%84%D9%88%DA%AF%D8%B1%D9%85/
ماشین لباسشویی,جی پلاس,31850000,4.7,9 کیلوگرم,A+++,85.0,60.0,56.0,A,nan,لمسی نشانگر LED,به سمت چپ,D:/ماشین لباسشویی/image_41.jpg,https://www.digikala.com/product/dkp-18150978/%D9%85%D8%A7%D8%B4%DB%8C%D9%86-%D9%84%D8%A8%D8%A7%D8%B3%D8%B4%D9%88%DB%8C%DB%8C-%D8%A7%D8%AA%D9%88%D9%85%D8%A7%D8%AA%DB%8C%DA%A9-%D8%AC%DB%8C-%D9%BE%D9%84%D8%A7%D8%B3-%D9%85%D8%AF%D9%84-gwm-m990s-%D8%B8%D8%B1%D9%81%DB%8C%D8%AA-9-%DA%A9%DB%8C%D9%84%D9%88%DA%AF%D8%B1%D9%85/
ماشین لباسشویی,پاکشوما,30942000,4.3,8 کیلوگرم,nan,60.0,85.0,54.0,nan,nan,nan,به سمت چپ,D:/ماشین لباسشویی/image_42.jpg,https://www.digikala.com/product/dkp-12124656/%D9%85%D8%A7%D8%B4%DB%8C%D9%86-%D9%84%D8%A8%D8%A7%D8%B3%D8%B4%D9%88%DB%8C%DB%8C-%D9%BE%D8%A7%DA%A9%D8%B4%D9%88%D9%85%D8%A7-%D9%85%D8%AF%D9%84-bwf-40804-st-%D8%B8%D8%B1%D9%81%DB%8C%D8%AA-8-%DA%A9%DB%8C%D9%84%D9%88%DA%AF%D8%B1%D9%85/
ماشین لباسشویی,پاکشوما,28860000,4.0,8 کیلوگرم,A++,85.0,60.0,54.0,C,nan,نشانگر LED صفحه نمایش,به سمت چپ,D:/ماشین لباسشویی/image_43.jpg,https://www.digikala.com/product/dkp-11680570/%D9%85%D8%A7%D8%B4%DB%8C%D9%86-%D9%84%D8%A8%D8%A7%D8%B3%D8%B4%D9%88%DB%8C%DB%8C-8-%DA%A9%DB%8C%D9%84%D9%88%DA%AF%D8%B1%D9%85-%D8%A7%D8%AA%D9%88%D9%85%D8%A7%D8%AA%DB%8C%DA%A9-%D9%BE%D8%A7%DA%A9%D8%B4%D9%88%D9%85%D8%A7-%D9%85%D8%AF%D9%84-bwf-40801-wt/
ماشین لباسشویی,اسنوا,26488790,4.4,8 کیلوگرم,A+++,80.0,60.0,60.0,nan,nan,نشانگر LED,به سمت چپ,D:/ماشین لباسشویی/image_44.jpg,https://www.digikala.com/product/dkp-16357792/%D9%85%D8%A7%D8%B4%DB%8C%D9%86-%D9%84%D8%A8%D8%A7%D8%B3%D8%B4%D9%88%DB%8C%DB%8C-8-%DA%A9%DB%8C%D9%84%D9%88%DA%AF%D8%B1%D9%85-%D8%A7%D8%AA%D9%88%D9%85%D8%A7%D8%AA%DB%8C%DA%A9-%D8%A7%D8%B3%D9%86%D9%88%D8%A7-%D9%85%D8%AF%D9%84-swm-b80w/
ماشین لباسشویی,جی پلاس,31700000,3.8,8 کیلوگرم,nan,85.0,60.0,59.5,nan,nan,صفحه نمایش,به سمت راست,D:/ماشین لباسشویی/image_45.jpg,https://www.digikala.com/product/dkp-6526511/%D9%85%D8%A7%D8%B4%DB%8C%D9%86-%D9%84%D8%A8%D8%A7%D8%B3%D8%B4%D9%88%DB%8C%DB%8C-%D8%AC%DB%8C-%D9%BE%D9%84%D8%A7%D8%B3-%D9%85%D8%AF%D9%84-gwm-l8645t-%D8%B8%D8%B1%D9%81%DB%8C%D8%AA-8-%DA%A9%DB%8C%D9%84%D9%88%DA%AF%D8%B1%D9%85/
ماشین لباسشویی,جی پلاس,35070000,5.0,9 کیلوگرم,A+++,85.0,60.0,56.0,A,nan,لمسی نشانگر LED,به سمت چپ,D:/ماشین لباسشویی/image_46.jpg,https://www.digikala.com/product/dkp-18151086/%D9%85%D8%A7%D8%B4%DB%8C%D9%86-%D9%84%D8%A8%D8%A7%D8%B3%D8%B4%D9%88%DB%8C%DB%8C-%D8%A7%D8%AA%D9%88%D9%85%D8%A7%D8%AA%DB%8C%DA%A9-%D8%AC%DB%8C-%D9%BE%D9%84%D8%A7%D8%B3-%D9%85%D8%AF%D9%84-gwm-m990w-%D8%B8%D8%B1%D9%81%DB%8C%D8%AA-9-%DA%A9%DB%8C%D9%84%D9%88%DA%AF%D8%B1%D9%85/
ماشین لباسشویی,ریتون,8910000,5.0,14 کیلوگرم,A+++,100.0,90.0,56.0,A+,A+++,معمولی,به سمت بالا,D:/ماشین لباسشویی/image_47.jpg,https://www.digikala.com/product/dkp-17956705/%D9%85%D8%A7%D8%B4%DB%8C%D9%86-%D9%84%D8%A8%D8%A7%D8%B3%D8%B4%D9%88%DB%8C%DB%8C-%D9%86%DB%8C%D9%85%D9%87-%D8%A7%D8%AA%D9%88%D9%85%D8%A7%D8%AA%DB%8C%DA%A9-%D8%B1%DB%8C%D8%AA%D9%88%D9%86-%D9%85%D8%AF%D9%84-rwm-1402-t-%D8%B8%D8%B1%D9%81%DB%8C%D8%AA-14-%DA%A9%DB%8C%D9%84%D9%88%DA%AF%D8%B1%D9%85/
ماشین لباسشویی,پاکشوما,12468000,4.0,7 کیلوگرم,A+,100.0,55.0,55.0,A+,nan,نشانگر LED,به سمت بالا,D:/ماشین لباسشویی/image_48.jpg,https://www.digikala.com/product/dkp-16308102/%D9%85%D8%A7%D8%B4%DB%8C%D9%86-%D9%84%D8%A8%D8%A7%D8%B3%D8%B4%D9%88%DB%8C%DB%8C-%D8%A7%D8%AA%D9%88%D9%85%D8%A7%D8%AA%DB%8C%DA%A9-%D9%BE%D8%A7%DA%A9%D8%B4%D9%88%D9%85%D8%A7-%D9%85%D8%AF%D9%84-tlx-7001-w-%D8%B8%D8%B1%D9%81%DB%8C%D8%AA-%DB%B7-%DA%A9%DB%8C%D9%84%D9%88%DA%AF%D8%B1%D9%85/
ماشین لباسشویی,جی پلاس,27299000,3.3,8 کیلوگرم,A+++,85.0,60.0,58.0,B,nan,nan,به سمت چپ,D:/ماشین لباسشویی/image_49.jpg,https://www.digikala.com/product/dkp-18152281/%D9%85%D8%A7%D8%B4%DB%8C%D9%86-%D9%84%D8%A8%D8%A7%D8%B3%D8%B4%D9%88%DB%8C%DB%8C-%D8%A7%D8%AA%D9%88%D9%85%D8%A7%D8%AA%DB%8C%DA%A9-%D8%AC%DB%8C-%D9%BE%D9%84%D8%A7%D8%B3-%D9%85%D8%AF%D9%84-gwm-m870w-%D8%B8%D8%B1%D9%81%DB%8C%D8%AA-8-%DA%A9%DB%8C%D9%84%D9%88%DA%AF%D8%B1%D9%85/
ماشین لباسشویی,دوو,24699000,4.1,8 کیلوگرم,A+++,82.5,59.5,63.0,C,nan,نشانگر LED لمسی,به سمت چپ,D:/ماشین لباسشویی/image_50.jpg,https://www.digikala.com/product/dkp-17905597/%D9%85%D8%A7%D8%B4%DB%8C%D9%86-%D9%84%D8%A8%D8%A7%D8%B3%D8%B4%D9%88%DB%8C%DB%8C-%D8%A7%D8%AA%D9%88%D9%85%D8%A7%D8%AA%DB%8C%DA%A9-%D8%AF%D9%88%D9%88-%D9%85%D8%AF%D9%84-lm-811w-%D8%B8%D8%B1%D9%81%DB%8C%D8%AA-8-%DA%A9%DB%8C%D9%84%D9%88%DA%AF%D8%B1%D9%85/
ماشین لباسشویی,دوو,30505610,4.9,8 کیلوگرم,A+++,85.0,60.0,63.0,A,nan,صفحه نمایش لمسی,به سمت چپ,D:/ماشین لباسشویی/image_51.jpg,https://www.digikala.com/product/dkp-16388927/%D9%85%D8%A7%D8%B4%DB%8C%D9%86-%D9%84%D8%A8%D8%A7%D8%B3%D8%B4%D9%88%DB%8C%DB%8C-%D8%A7%D8%AA%D9%88%D9%85%D8%A7%D8%AA%DB%8C%DA%A9-%D8%AF%D9%88%D9%88-%D9%85%D8%AF%D9%84-lm-850ws-%D8%B8%D8%B1%D9%81%DB%8C%D8%AA-%DB%B8-%DA%A9%DB%8C%D9%84%D9%88%DA%AF%D8%B1%D9%85/
ماشین لباسشویی,پاکشوما,26864500,4.5,8 کیلوگرم,A++,85.0,60.0,54.0,nan,nan,نشانگر LED,به سمت چپ,D:/ماشین لباسشویی/image_52.jpg,https://www.digikala.com/product/dkp-17776889/%D9%85%D8%A7%D8%B4%DB%8C%D9%86-%D9%84%D8%A8%D8%A7%D8%B3%D8%B4%D9%88%DB%8C%DB%8C-%D8%A7%D8%AA%D9%88%D9%85%D8%A7%D8%AA%DB%8C%DA%A9-%D9%BE%D8%A7%DA%A9%D8%B4%D9%88%D9%85%D8%A7-%D9%85%D8%AF%D9%84-bwf-40801-iwt-%D8%B8%D8%B1%D9%81%DB%8C%D8%AA-8-%DA%A9%DB%8C%D9%84%D9%88%DA%AF%D8%B1%D9%85/
ماشین لباسشویی,ریتون,7260000,4.6,8.5 کیلوگرم,A+++,77.0,90.0,45.0,کم مصرف A+,4 آمپر,معمولی,به سمت بالا,D:/ماشین لباسشویی/image_53.jpg,https://www.digikala.com/product/dkp-17956753/%D9%85%D8%A7%D8%B4%DB%8C%D9%86-%D9%84%D8%A8%D8%A7%D8%B3%D8%B4%D9%88%DB%8C%DB%8C-85-%DA%A9%DB%8C%D9%84%D9%88%DA%AF%D8%B1%D9%85-%D9%86%DB%8C%D9%85%D9%87-%D8%A7%D8%AA%D9%88%D9%85%D8%A7%D8%AA%DB%8C%DA%A9-%D8%B1%DB%8C%D8%AA%D9%88%D9%86-%D9%85%D8%AF%D9%84-rwm-8502/
ماشین لباسشویی,جی پلاس,31350000,4.8,8 کیلوگرم,A+++,85.0,60.0,56.0,B,nan,نشانگر LED لمسی,به سمت چپ,D:/ماشین لباسشویی/image_54.jpg,https://www.digikala.com/product/dkp-18152022/%D9%85%D8%A7%D8%B4%DB%8C%D9%86-%D9%84%D8%A8%D8%A7%D8%B3%D8%B4%D9%88%DB%8C%DB%8C-%D8%A7%D8%AA%D9%88%D9%85%D8%A7%D8%AA%DB%8C%DA%A9-%D8%AC%DB%8C-%D9%BE%D9%84%D8%A7%D8%B3-%D9%85%D8%AF%D9%84-gwm-m880w-%D8%B8%D8%B1%D9%81%DB%8C%D8%AA-8-%DA%A9%DB%8C%D9%84%D9%88%DA%AF%D8%B1%D9%85/
ماشین لباسشویی,دوو,37500000,4.7,9 کیلوگرم,A+++,85.0,59.5,63.5,C,nan,نشانگر LED,به سمت چپ,D:/ماشین لباسشویی/image_55.jpg,https://www.digikala.com/product/dkp-18271372/%D9%85%D8%A7%D8%B4%DB%8C%D9%86-%D9%84%D8%A8%D8%A7%D8%B3%D8%B4%D9%88%DB%8C%DB%8C-%D8%A7%D8%AA%D9%88%D9%85%D8%A7%D8%AA%DB%8C%DA%A9-%D8%AF%D9%88%D9%88-%D9%85%D8%AF%D9%84-lm-981w-%D8%B8%D8%B1%D9%81%DB%8C%D8%AA-9-%DA%A9%DB%8C%D9%84%D9%88%DA%AF%D8%B1%D9%85/
ماشین لباسشویی,پاکشوما,27875880,3.9,8 کیلوگرم,nan,85.0,60.0,55.0,C,A++,صفحه نمایش,به سمت چپ,D:/ماشین لباسشویی/image_56.jpg,https://www.digikala.com/product/dkp-11079338/%D9%85%D8%A7%D8%B4%DB%8C%D9%86-%D9%84%D8%A8%D8%A7%D8%B3%D8%B4%D9%88%DB%8C%DB%8C-%D9%BE%D8%A7%DA%A9%D8%B4%D9%88%D9%85%D8%A7-%D9%85%D8%AF%D9%84-tfb-86402-st-%D8%B8%D8%B1%D9%81%DB%8C%D8%AA-8-%DA%A9%DB%8C%D9%84%D9%88%DA%AF%D8%B1%D9%85-clone-1-of-9519866/
ماشین لباسشویی,وست پوینت,42318600,3.6,10.5 کیلوگرم,nan,80.0,60.0,60.0,nan,+++A,nan,به سمت چپ,D:/ماشین لباسشویی/image_57.jpg,https://www.digikala.com/product/dkp-11114582/%D9%85%D8%A7%D8%B4%DB%8C%D9%86-%D9%84%D8%A8%D8%A7%D8%B3%D8%B4%D9%88%DB%8C%DB%8C-%D9%88%D8%B3%D8%AA-%D9%BE%D9%88%DB%8C%D9%86%D8%AA-%D9%85%D8%AF%D9%84-xqg90-1401-%D8%B8%D8%B1%D9%81%DB%8C%D8%AA-105-%DA%A9%DB%8C%D9%84%D9%88%DA%AF%D8%B1%D9%85/
ماشین لباسشویی,اسنوا,25141560,3.0,8 کیلوگرم,A+++,85.0,59.5,63.5,C,nan,nan,به سمت چپ,D:/ماشین لباسشویی/image_58.jpg,https://www.digikala.com/product/dkp-17818029/%D9%85%D8%A7%D8%B4%DB%8C%D9%86-%D9%84%D8%A8%D8%A7%D8%B3%D8%B4%D9%88%DB%8C%DB%8C-8-%DA%A9%DB%8C%D9%84%D9%88%DA%AF%D8%B1%D9%85-%D8%A7%D8%AA%D9%88%D9%85%D8%A7%D8%AA%DB%8C%DA%A9-%D8%A7%D8%B3%D9%86%D9%88%D8%A7-%D9%85%D8%AF%D9%84-swm-a81s/
ماشین لباسشویی,اسنوا,24559000,4.0,8 کیلوگرم,A+++,85.0,59.5,63.5,c,nan,نشانگر LED,به سمت چپ,D:/ماشین لباسشویی/image_59.jpg,https://www.digikala.com/product/dkp-17344620/%D9%85%D8%A7%D8%B4%DB%8C%D9%86-%D9%84%D8%A8%D8%A7%D8%B3%D8%B4%D9%88%DB%8C%DB%8C-8-%DA%A9%DB%8C%D9%84%D9%88%DA%AF%D8%B1%D9%85-%D8%A7%D8%AA%D9%88%D9%85%D8%A7%D8%AA%DB%8C%DA%A9-%D8%A7%D8%B3%D9%86%D9%88%D8%A7-%D9%85%D8%AF%D9%84-swm-a81w/
ماشین لباسشویی,پاکشوما,31500000,4.6,9 کیلوگرم,A++,85.0,60.0,60.0,C,nan,صفحه نمایش,به سمت چپ,D:/ماشین لباسشویی/image_60.jpg,https://www.digikala.com/product/dkp-15749536/%D9%85%D8%A7%D8%B4%DB%8C%D9%86-%D9%84%D8%A8%D8%A7%D8%B3%D8%B4%D9%88%DB%8C%DB%8C-9-%DA%A9%DB%8C%D9%84%D9%88%DA%AF%D8%B1%D9%85-%D8%A7%D8%AA%D9%88%D9%85%D8%A7%D8%AA%DB%8C%DA%A9-%D9%BE%D8%A7%DA%A9%D8%B4%D9%88%D9%85%D8%A7-%D9%85%D8%AF%D9%84-bwf-40902-iwt/
ماشین لباسشویی,ایکس ویژن,39870700,4.4,10 کیلوگرم,A+++,85.0,59.5,62.0,nan,nan,نشانگر LED,به سمت چپ,D:/ماشین لباسشویی/image_61.jpg,https://www.digikala.com/product/dkp-13635960/%D9%85%D8%A7%D8%B4%DB%8C%D9%86-%D9%84%D8%A8%D8%A7%D8%B3%D8%B4%D9%88%DB%8C%DB%8C-%D8%A7%D8%AA%D9%88%D9%85%D8%A7%D8%AA%DB%8C%DA%A9-%D8%A7%DB%8C%DA%A9%D8%B3-%D9%88%DB%8C%DA%98%D9%86-%D9%85%D8%AF%D9%84-tv102-awd-%D8%B8%D8%B1%D9%81%DB%8C%D8%AA-10-%DA%A9%DB%8C%D9%84%D9%88%DA%AF%D8%B1%D9%85/
ماشین لباسشویی,اینترنشنال آنیل,7970000,3.6,11 کیلوگرم,nan,980.0,840.0,540.0,nan,nan,nan,به سمت بالا,D:/ماشین لباسشویی/image_62.jpg,https://www.digikala.com/product/dkp-1577583/%D9%85%D8%A7%D8%B4%DB%8C%D9%86-%D9%84%D8%A8%D8%A7%D8%B3%D8%B4%D9%88%DB%8C%DB%8C-%D8%AF%D9%88-%D9%82%D9%84%D9%88-%D8%A7%DB%8C%D9%86%D8%AA%D8%B1%D9%86%D8%B4%D9%86%D8%A7%D9%84-%D8%A2%D9%86%DB%8C%D9%84-%D9%85%D8%AF%D9%84-mwt11000-%D8%B8%D8%B1%D9%81%DB%8C%D8%AA-11-%DA%A9%DB%8C%D9%84%D9%88%DA%AF%D8%B1%D9%85/
ماشین لباسشویی,وست پوینت,41500000,3.7,9 کیلوگرم,A+++,83.0,60.0,60.0,A++,A+++,نشانگر LED,به سمت چپ,D:/ماشین لباسشویی/image_63.jpg,https://www.digikala.com/product/dkp-13264303/%D9%85%D8%A7%D8%B4%DB%8C%D9%86-%D9%84%D8%A8%D8%A7%D8%B3%D8%B4%D9%88%DB%8C%DB%8C-%D9%88%D8%B3%D8%AA-%D9%BE%D9%88%DB%8C%D9%86%D8%AA-%D9%85%D8%AF%D9%84-wmsd-9142e-%D8%B8%D8%B1%D9%81%DB%8C%D8%AA-9-%DA%A9%DB%8C%D9%84%D9%88%DA%AF%D8%B1%D9%85/
ماشین لباسشویی,فریدولین,11700000,4.7,4 کیلوگرم,nan,74.0,40.0,40.0,nan,nan,نشانگر LED نشان گر آماده به کار لمسی,به سمت بالا,D:/ماشین لباسشویی/image_64.jpg,https://www.digikala.com/product/dkp-18053831/%D9%85%D8%A7%D8%B4%DB%8C%D9%86-%D9%84%D8%A8%D8%A7%D8%B3%D8%B4%D9%88%DB%8C%DB%8C-%D9%81%D8%B1%DB%8C%D8%AF%D9%88%D9%84%DB%8C%D9%86-%D9%85%D8%AF%D9%84-swf40g-%DA%AF%D9%86%D8%AC%D8%A7%DB%8C%D8%B4-4-%DA%A9%DB%8C%D9%84%D9%88%DA%AF%D8%B1%D9%85/
ماشین لباسشویی,ایکس ویژن,33888000,,9 کیلوگرم,A+++,85.0,59.5,56.0,B,nan,نشانگر LED,به سمت چپ,D:/ماشین لباسشویی/image_65.jpg,https://www.digikala.com/product/dkp-18411248/%D9%85%D8%A7%D8%B4%DB%8C%D9%86-%D9%84%D8%A8%D8%A7%D8%B3%D8%B4%D9%88%DB%8C%DB%8C-%D8%A7%D8%AA%D9%88%D9%85%D8%A7%D8%AA%DB%8C%DA%A9-%D8%A7%DB%8C%DA%A9%D8%B3-%D9%88%DB%8C%DA%98%D9%86-%D9%85%D8%AF%D9%84-tp92-bwd-%D8%B8%D8%B1%D9%81%DB%8C%D8%AA-9-%DA%A9%DB%8C%D9%84%D9%88%DA%AF%D8%B1%D9%85/
ماشین لباسشویی,فریدولین,5100000,4.3,7 کیلوگرم,B,86.0,42.5,47.5,nan,nan,معمولی,به سمت بالا,D:/ماشین لباسشویی/image_66.jpg,https://www.digikala.com/product/dkp-17392373/%D9%85%D8%A7%D8%B4%DB%8C%D9%86-%D9%84%D8%A8%D8%A7%D8%B3%D8%B4%D9%88%DB%8C%DB%8C-%D9%81%D8%B1%DB%8C%D8%AF%D9%88%D9%84%DB%8C%D9%86-%D9%85%D8%AF%D9%84-sw70-g-%D8%B8%D8%B1%D9%81%DB%8C%D8%AA-7-%DA%A9%DB%8C%D9%84%D9%88%DA%AF%D8%B1%D9%85/
ماشین لباسشویی,بلانتون,27470000,,8 کیلوگرم,nan,85.0,60.0,60.0,nan,nan,nan,به سمت چپ,D:/ماشین لباسشویی/image_67.jpg,https://www.digikala.com/product/dkp-11235626/%D9%85%D8%A7%D8%B4%DB%8C%D9%86-%D9%84%D8%A8%D8%A7%D8%B3%D8%B4%D9%88%DB%8C%DB%8C-%D8%A8%D9%84%D8%A7%D9%86%D8%AA%D9%88%D9%86-%D9%85%D8%AF%D9%84-wm8405in-%D8%B8%D8%B1%D9%81%DB%8C%D8%AA-8-%DA%A9%DB%8C%D9%84%D9%88%DA%AF%D8%B1%D9%85/
ماشین لباسشویی,بلانتون,30000000,,9 کیلوگرم,nan,85.0,60.0,60.0,nan,nan,نشانگر LED,به سمت چپ,D:/ماشین لباسشویی/image_68.jpg,https://www.digikala.com/product/dkp-11225656/%D9%85%D8%A7%D8%B4%DB%8C%D9%86-%D9%84%D8%A8%D8%A7%D8%B3%D8%B4%D9%88%DB%8C%DB%8C-%D8%A8%D9%84%D8%A7%D9%86%D8%AA%D9%88%D9%86-%D9%85%D8%AF%D9%84-wm9403in-%D8%B8%D8%B1%D9%81%DB%8C%D8%AA-9-%DA%A9%DB%8C%D9%84%D9%88%DA%AF%D8%B1%D9%85/
ماشین لباسشویی,کندی,30323220,3.3,8 کیلوگرم,A++,85.0,60.0,54.0,nan,nan,nan,به سمت چپ,D:/ماشین لباسشویی/image_69.jpg,https://www.digikala.com/product/dkp-15635082/%D9%85%D8%A7%D8%B4%DB%8C%D9%86-%D9%84%D8%A8%D8%A7%D8%B3%D8%B4%D9%88%DB%8C%DB%8C-%D8%A7%D8%AA%D9%88%D9%85%D8%A7%D8%AA%DB%8C%DA%A9-%DA%A9%D9%86%D8%AF%DB%8C-%D9%85%D8%AF%D9%84-pfc-846-s-%D8%B8%D8%B1%D9%81%DB%8C%D8%AA-%DB%B8-%DA%A9%DB%8C%D9%84%D9%88%DA%AF%D8%B1%D9%85/
ماشین لباسشویی,دوو,28990000,4.4,8 کیلوگرم,nan,83.0,60.0,60.0,nan,nan,صفحه نمایش,به سمت چپ,D:/ماشین لباسشویی/image_70.jpg,https://www.digikala.com/product/dkp-11207188/%D9%85%D8%A7%D8%B4%DB%8C%D9%86-%D9%84%D8%A8%D8%A7%D8%B3%D8%B4%D9%88%DB%8C%DB%8C-%D8%AF%D9%88%D9%88-%D9%85%D8%AF%D9%84-dwk-ch840s-%D8%B8%D8%B1%D9%81%DB%8C%D8%AA-8-%DA%A9%DB%8C%D9%84%D9%88%DA%AF%D8%B1%D9%85/
ماشین لباسشویی,دوو,32780000,4.8,8 کیلوگرم,A+++,85.0,59.5,63.0,C,nan,نشانگر LED,به سمت چپ,D:/ماشین لباسشویی/image_71.jpg,https://www.digikala.com/product/dkp-17878994/%D9%85%D8%A7%D8%B4%DB%8C%D9%86-%D9%84%D8%A8%D8%A7%D8%B3%D8%B4%D9%88%DB%8C%DB%8C-%D8%A7%D8%AA%D9%88%D9%85%D8%A7%D8%AA%DB%8C%DA%A9-%D8%AF%D9%88%D9%88-%D9%85%D8%AF%D9%84-lm-880s-%D8%B8%D8%B1%D9%81%DB%8C%D8%AA-8-%DA%A9%DB%8C%D9%84%D9%88%DA%AF%D8%B1%D9%85/
ماشین لباسشویی,اسنوا,34573230,4.6,9 کیلوگرم,A+++,80.0,60.0,60.0,C,nan,نشانگر LED لمسی,به سمت چپ,D:/ماشین لباسشویی/image_72.jpg,https://www.digikala.com/product/dkp-16358583/%D9%85%D8%A7%D8%B4%DB%8C%D9%86-%D9%84%D8%A8%D8%A7%D8%B3%D8%B4%D9%88%DB%8C%DB%8C-9-%DA%A9%DB%8C%D9%84%D9%88%DA%AF%D8%B1%D9%85-%D8%A7%D8%AA%D9%88%D9%85%D8%A7%D8%AA%DB%8C%DA%A9-%D8%A7%D8%B3%D9%86%D9%88%D8%A7-%D9%85%D8%AF%D9%84-swm-e92s/
ماشین لباسشویی,پاکشوما,28200000,4.3,8 کیلوگرم,nan,850.0,600.0,600.0,nan,nan,صفحه نمایش,به سمت چپ,D:/ماشین لباسشویی/image_73.jpg,https://www.digikala.com/product/dkp-3559933/%D9%85%D8%A7%D8%B4%DB%8C%D9%86-%D9%84%D8%A8%D8%A7%D8%B3%D8%B4%D9%88%DB%8C%DB%8C-%D9%BE%D8%A7%DA%A9%D8%B4%D9%88%D9%85%D8%A7-%D9%85%D8%AF%D9%84-tfu-84406-%D8%B8%D8%B1%D9%81%DB%8C%D8%AA-8-%DA%A9%DB%8C%D9%84%D9%88%DA%AF%D8%B1%D9%85/
ماشین لباسشویی,پاکشوما,8390000,4.4,15.5 کیلوگرم,nan,95.0,48.0,93.0,C,A,nan,به سمت بالا,D:/ماشین لباسشویی/image_74.jpg,https://www.digikala.com/product/dkp-13671387/%D9%85%D8%A7%D8%B4%DB%8C%D9%86-%D9%84%D8%A8%D8%A7%D8%B3%D8%B4%D9%88%DB%8C%DB%8C-%D9%BE%D8%A7%DA%A9%D8%B4%D9%88%D9%85%D8%A7-%D9%85%D8%AF%D9%84-ptf-1504-aj-%D8%B8%D8%B1%D9%81%DB%8C%D8%AA-155-%DA%A9%DB%8C%D9%84%D9%88%DA%AF%D8%B1%D9%85/
ماشین لباسشویی,وست پوینت,31750000,3.6,8 کیلوگرم,nan,85.0,59.0,57.0,nan,nan,نشانگر LED,به سمت چپ,D:/ماشین لباسشویی/image_75.jpg,https://www.digikala.com/product/dkp-7645227/%D9%85%D8%A7%D8%B4%DB%8C%D9%86-%D9%84%D8%A8%D8%A7%D8%B3%D8%B4%D9%88%DB%8C%DB%8C-%D9%88%D8%B3%D8%AA-%D9%BE%D9%88%DB%8C%D9%86%D8%AA-%D9%85%D8%AF%D9%84-wmx-81421edc-%D8%B8%D8%B1%D9%81%DB%8C%D8%AA-8-%DA%A9%DB%8C%D9%84%D9%88%DA%AF%D8%B1%D9%85/
ماشین لباسشویی,ایکس ویژن,27490000,5.0,8 کیلوگرم,A+++,85.0,59.5,52.0,B,nan,نشانگر LED,به سمت چپ,D:/ماشین لباسشویی/image_76.jpg,https://www.digikala.com/product/dkp-18411500/%D9%85%D8%A7%D8%B4%DB%8C%D9%86-%D9%84%D8%A8%D8%A7%D8%B3%D8%B4%D9%88%DB%8C%DB%8C-%D8%A7%D8%AA%D9%88%D9%85%D8%A7%D8%AA%DB%8C%DA%A9-%D8%A7%DB%8C%DA%A9%D8%B3-%D9%88%DB%8C%DA%98%D9%86-%D9%85%D8%AF%D9%84-tp82-bsd-%D8%B8%D8%B1%D9%81%DB%8C%D8%AA-8-%DA%A9%DB%8C%D9%84%D9%88%DA%AF%D8%B1%D9%85/
ماشین لباسشویی,پاکشوما,28985640,5.0,8 کیلوگرم,A++,80.0,65.0,65.0,C,nan,نشانگر LED,به سمت چپ,D:/ماشین لباسشویی/image_77.jpg,https://www.digikala.com/product/dkp-17945787/%D9%85%D8%A7%D8%B4%DB%8C%D9%86-%D9%84%D8%A8%D8%A7%D8%B3%D8%B4%D9%88%DB%8C%DB%8C-%D8%A7%D8%AA%D9%88%D9%85%D8%A7%D8%AA%DB%8C%DA%A9-%D9%BE%D8%A7%DA%A9%D8%B4%D9%88%D9%85%D8%A7-%D9%85%D8%AF%D9%84-bwf-40811-ist-%D8%B8%D8%B1%D9%81%DB%8C%D8%AA-8-%DA%A9%DB%8C%D9%84%D9%88%DA%AF%D8%B1%D9%85/
ماشین لباسشویی,دوو,30570000,4.2,8 کیلوگرم,A+++,85.0,60.0,63.0,A,nan,nan,به سمت چپ,D:/ماشین لباسشویی/image_78.jpg,https://www.digikala.com/product/dkp-17229754/%D9%85%D8%A7%D8%B4%DB%8C%D9%86-%D9%84%D8%A8%D8%A7%D8%B3%D8%B4%D9%88%DB%8C%DB%8C-%D8%A7%D8%AA%D9%88%D9%85%D8%A7%D8%AA%DB%8C%DA%A9-%D8%AF%D9%88%D9%88-%D9%85%D8%AF%D9%84-lm-860ww-%D8%B8%D8%B1%D9%81%DB%8C%D8%AA-8-%DA%A9%DB%8C%D9%84%D9%88%DA%AF%D8%B1%D9%85/
ماشین لباسشویی,جی پلاس,26050000,4.0,8 کیلوگرم,A+++,85.0,60.0,56.0,B,nan,لمسی نشانگر LED,به سمت چپ,D:/ماشین لباسشویی/image_79.jpg,https://www.digikala.com/product/dkp-17353394/%D9%85%D8%A7%D8%B4%DB%8C%D9%86-%D9%84%D8%A8%D8%A7%D8%B3%D8%B4%D9%88%DB%8C%DB%8C-%D8%A7%D8%AA%D9%88%D9%85%D8%A7%D8%AA%DB%8C%DA%A9-%D8%AC%DB%8C-%D9%BE%D9%84%D8%A7%D8%B3-%D9%85%D8%AF%D9%84-gwm-p87s-%D8%B8%D8%B1%D9%81%DB%8C%D8%AA-8-%DA%A9%DB%8C%D9%84%D9%88%DA%AF%D8%B1%D9%85/
ماشین لباسشویی,پاکشوما,30670000,4.2,9 کیلوگرم,nan,850.0,600.0,600.0,nan,nan,صفحه نمایش,به سمت چپ,D:/ماشین لباسشویی/image_80.jpg,https://www.digikala.com/product/dkp-8460036/%D9%85%D8%A7%D8%B4%DB%8C%D9%86-%D9%84%D8%A8%D8%A7%D8%B3%D8%B4%D9%88%DB%8C%DB%8C-%D9%BE%D8%A7%DA%A9%D8%B4%D9%88%D9%85%D8%A7-%D9%85%D8%AF%D9%84-tfb-96407-wt-%D8%B8%D8%B1%D9%81%DB%8C%D8%AA-9-%DA%A9%DB%8C%D9%84%D9%88%DA%AF%D8%B1%D9%85/
ماشین لباسشویی,ایکس ویژن,27490000,,8 کیلوگرم,A+++,85.0,59.5,52.0,B,nan,nan,به سمت چپ,D:/ماشین لباسشویی/image_81.jpg,https://www.digikala.com/product/dkp-18411413/%D9%85%D8%A7%D8%B4%DB%8C%D9%86-%D9%84%D8%A8%D8%A7%D8%B3%D8%B4%D9%88%DB%8C%DB%8C-%D8%A7%D8%AA%D9%88%D9%85%D8%A7%D8%AA%DB%8C%DA%A9-%D8%A7%DB%8C%DA%A9%D8%B3-%D9%88%DB%8C%DA%98%D9%86-%D9%85%D8%AF%D9%84-tp82-bwd-%D8%B8%D8%B1%D9%81%DB%8C%D8%AA-8-%DA%A9%DB%8C%D9%84%D9%88%DA%AF%D8%B1%D9%85/
ماشین لباسشویی,پاکشوما,8390180,4.7,15.5 کیلوگرم,A,95.0,93.0,48.0,C,A,nan,به سمت بالا,D:/ماشین لباسشویی/image_82.jpg,https://www.digikala.com/product/dkp-16646963/%D9%85%D8%A7%D8%B4%DB%8C%D9%86-%D9%84%D8%A8%D8%A7%D8%B3%D8%B4%D9%88%DB%8C%DB%8C-%D9%BE%D8%A7%DA%A9%D8%B4%D9%88%D9%85%D8%A7-%D9%85%D8%AF%D9%84-ptf-1504-aj-%D8%B8%D8%B1%D9%81%DB%8C%D8%AA-155-%DA%A9%DB%8C%D9%84%D9%88%DA%AF%D8%B1%D9%85-clone-1-of-11089222/
ماشین لباسشویی,زیرووات,43685000,3.5,8 کیلوگرم,A++,85.0,60.0,54.0,C,nan,nan,به سمت چپ,D:/ماشین لباسشویی/image_83.jpg,https://www.digikala.com/product/dkp-11983705/%D9%85%D8%A7%D8%B4%DB%8C%D9%86-%D9%84%D8%A8%D8%A7%D8%B3%D8%B4%D9%88%DB%8C%DB%8C-8-%DA%A9%DB%8C%D9%84%D9%88%DA%AF%D8%B1%D9%85-%D8%A7%D8%AA%D9%88%D9%85%D8%A7%D8%AA%DB%8C%DA%A9-%D8%B2%DB%8C%D8%B1%D9%88%D9%88%D8%A7%D8%AA-%D9%85%D8%AF%D9%84-fca-4860-s/
ماشین لباسشویی,پاکشوما,25500000,4.0,7 کیلوگرم,nan,850.0,600.0,520.0,nan,nan,صفحه نمایش,به سمت چپ,D:/ماشین لباسشویی/image_84.jpg,https://www.digikala.com/product/dkp-1119181/%D9%85%D8%A7%D8%B4%DB%8C%D9%86-%D9%84%D8%A8%D8%A7%D8%B3%D8%B4%D9%88%DB%8C%DB%8C-%D9%BE%D8%A7%DA%A9%D8%B4%D9%88%D9%85%D8%A7-%D9%85%D8%AF%D9%84-cfu-72201-%D8%B8%D8%B1%D9%81%DB%8C%D8%AA-7-%DA%A9%DB%8C%D9%84%D9%88%DA%AF%D8%B1%D9%85/
ماشین لباسشویی,اسنوا,26500000,3.2,8 کیلوگرم,A+++,82.0,60.0,60.0,C,nan,نشانگر LED,به سمت چپ,D:/ماشین لباسشویی/image_85.jpg,https://www.digikala.com/product/dkp-16681634/%D9%85%D8%A7%D8%B4%DB%8C%D9%86-%D9%84%D8%A8%D8%A7%D8%B3%D8%B4%D9%88%DB%8C%DB%8C-%D8%A7%D8%AA%D9%88%D9%85%D8%A7%D8%AA%DB%8C%DA%A9-%D8%A7%D8%B3%D9%86%D9%88%D8%A7-%D9%85%D8%AF%D9%84-swm-c80s-%D8%B8%D8%B1%D9%81%DB%8C%D8%AA-8-%DA%A9%DB%8C%D9%84%D9%88%DA%AF%D8%B1%D9%85/
ماشین لباسشویی,پاکشوما,31095000,5.0,9 کیلوگرم,nan,85.0,60.0,60.0,nan,nan,صفحه نمایش,به سمت چپ,D:/ماشین لباسشویی/image_86.jpg,https://www.digikala.com/product/dkp-11086670/%D9%85%D8%A7%D8%B4%DB%8C%D9%86-%D9%84%D8%A8%D8%A7%D8%B3%D8%B4%D9%88%DB%8C%DB%8C-%D9%BE%D8%A7%DA%A9%D8%B4%D9%88%D9%85%D8%A7-%D9%85%D8%AF%D9%84-tfb-96418-st-%D8%B8%D8%B1%D9%81%DB%8C%D8%AA-9-%DA%A9%DB%8C%D9%84%D9%88%DA%AF%D8%B1%D9%85-clone-1-of-8468149/
ماشین لباسشویی,پاکشوما,30753730,4.0,8 کیلوگرم,nan,82.0,60.0,60.0,C,A++,صفحه نمایش,به سمت چپ,D:/ماشین لباسشویی/image_87.jpg,https://www.digikala.com/product/dkp-11085974/%D9%85%D8%A7%D8%B4%DB%8C%D9%86-%D9%84%D8%A8%D8%A7%D8%B3%D8%B4%D9%88%DB%8C%DB%8C-%D9%BE%D8%A7%DA%A9%D8%B4%D9%88%D9%85%D8%A7-%D9%85%D8%AF%D9%84-bwf-40807-wt-%D8%B8%D8%B1%D9%81%DB%8C%D8%AA-8-%DA%A9%DB%8C%D9%84%D9%88%DA%AF%D8%B1%D9%85/
ماشین لباسشویی,پاکشوما,29346600,4.1,9 کیلوگرم,A++,85.0,60.0,60.0,nan,nan,نشانگر LED لمسی,به سمت چپ,D:/ماشین لباسشویی/image_88.jpg,https://www.digikala.com/product/dkp-15983001/%D9%85%D8%A7%D8%B4%DB%8C%D9%86-%D9%84%D8%A8%D8%A7%D8%B3%D8%B4%D9%88%DB%8C%DB%8C-%D9%BE%D8%A7%DA%A9%D8%B4%D9%88%D9%85%D8%A7-%D9%85%D8%AF%D9%84-bwf-40118wt/
ماشین لباسشویی,جی پلاس,29100000,4.2,9 کیلوگرم,A+++,85.0,60.0,56.0,A,nan,لمسی صفحه نمایش,به سمت چپ,D:/ماشین لباسشویی/image_89.jpg,https://www.digikala.com/product/dkp-16564544/%D9%85%D8%A7%D8%B4%DB%8C%D9%86-%D9%84%D8%A8%D8%A7%D8%B3%D8%B4%D9%88%DB%8C%DB%8C-%D8%A7%D8%AA%D9%88%D9%85%D8%A7%D8%AA%DB%8C%DA%A9-%D8%AC%DB%8C-%D9%BE%D9%84%D8%A7%D8%B3-%D9%85%D8%AF%D9%84-gwm-p99s-%D8%B8%D8%B1%D9%81%DB%8C%D8%AA-9-%DA%A9%DB%8C%D9%84%D9%88%DA%AF%D8%B1%D9%85/
ماشین لباسشویی,پاکشوما,33900000,4.5,9 کیلوگرم,nan,850.0,600.0,600.0,nan,nan,صفحه نمایش,به سمت چپ,D:/ماشین لباسشویی/image_90.jpg,https://www.digikala.com/product/dkp-5777411/%D9%85%D8%A7%D8%B4%DB%8C%D9%86-%D9%84%D8%A8%D8%A7%D8%B3%D8%B4%D9%88%DB%8C%DB%8C-%D9%BE%D8%A7%DA%A9%D8%B4%D9%88%D9%85%D8%A7-%D9%85%D8%AF%D9%84-tfb-95402/
ماشین لباسشویی,پاکشوما,31616080,1.0,7 کیلوگرم,nan,85.0,60.0,54.0,c,++A,nan,به سمت چپ,D:/ماشین لباسشویی/image_91.jpg,https://www.digikala.com/product/dkp-11079890/%D9%85%D8%A7%D8%B4%DB%8C%D9%86-%D9%84%D8%A8%D8%A7%D8%B3%D8%B4%D9%88%DB%8C%DB%8C-%D9%BE%D8%A7%DA%A9%D8%B4%D9%88%D9%85%D8%A7-%D9%85%D8%AF%D9%84-bwf-40714-st-%D8%B8%D8%B1%D9%81%DB%8C%D8%AA-7-%DA%A9%DB%8C%D9%84%D9%88%DA%AF%D8%B1%D9%85/
ماشین لباسشویی,کندی,28670030,4.4,9 کیلوگرم,A++,85.0,60.0,60.0,C,nan,نشانگر روی پنل,به سمت چپ,D:/ماشین لباسشویی/image_92.jpg,https://www.digikala.com/product/dkp-15634988/%D9%85%D8%A7%D8%B4%DB%8C%D9%86-%D9%84%D8%A8%D8%A7%D8%B3%D8%B4%D9%88%DB%8C%DB%8C-%DA%A9%D9%86%D8%AF%DB%8C-%D9%85%D8%AF%D9%84-pfc-946-w/
ماشین لباسشویی,پاکشوما,28427520,4.7,8 کیلوگرم,A++,85.0,60.0,54.0,C,nan,نشانگر LED لمسی,به سمت چپ,D:/ماشین لباسشویی/image_93.jpg,https://www.digikala.com/product/dkp-17945819/%D9%85%D8%A7%D8%B4%DB%8C%D9%86-%D9%84%D8%A8%D8%A7%D8%B3%D8%B4%D9%88%DB%8C%DB%8C-%D8%A7%D8%AA%D9%88%D9%85%D8%A7%D8%AA%DB%8C%DA%A9-%D9%BE%D8%A7%DA%A9%D8%B4%D9%88%D9%85%D8%A7-%D9%85%D8%AF%D9%84-bwf-40811-iwt-%D8%B8%D8%B1%D9%81%DB%8C%D8%AA-8-%DA%A9%DB%8C%D9%84%D9%88%DA%AF%D8%B1%D9%85/
ماشین لباسشویی,ریتون,6038000,4.6,4.5 کیلوگرم,A+++,68.0,60.0,35.0,کم مصرف A+,4 آمپر,معمولی,به سمت بالا,D:/ماشین لباسشویی/image_94.jpg,https://www.digikala.com/product/dkp-17956734/%D9%85%D8%A7%D8%B4%DB%8C%D9%86-%D9%84%D8%A8%D8%A7%D8%B3%D8%B4%D9%88%DB%8C%DB%8C-%D9%86%DB%8C%D9%85%D9%87-%D8%A7%D8%AA%D9%88%D9%85%D8%A7%D8%AA%DB%8C%DA%A9-%D8%B1%DB%8C%D8%AA%D9%88%D9%86-%D9%85%D8%AF%D9%84-rwm-4702-%D8%B8%D8%B1%D9%81%DB%8C%D8%AA-%DB%B4%DB%B5-%DA%A9%DB%8C%D9%84%D9%88%DA%AF%D8%B1%D9%85/
ماشین لباسشویی,پاکشوما,29900000,4.0,7 کیلوگرم,nan,850.0,600.0,500.0,nan,nan,صفحه نمایش,به سمت چپ,D:/ماشین لباسشویی/image_95.jpg,https://www.digikala.com/product/dkp-2753957/%D9%85%D8%A7%D8%B4%DB%8C%D9%86-%D9%84%D8%A8%D8%A7%D8%B3%D8%B4%D9%88%DB%8C%DB%8C-%D9%BE%D8%A7%DA%A9%D8%B4%D9%88%D9%85%D8%A7-%D9%85%D8%AF%D9%84-tfu-74401-%D8%B8%D8%B1%D9%81%DB%8C%D8%AA-7-%DA%A9%DB%8C%D9%84%D9%88%DA%AF%D8%B1%D9%85/
ماشین لباسشویی,جی پلاس,38500000,,9 کیلوگرم,A+++,85.0,60.0,56.0,A,nan,لمسی نشانگر LED,به سمت چپ,D:/ماشین لباسشویی/image_96.jpg,https://www.digikala.com/product/dkp-18353819/%D9%85%D8%A7%D8%B4%DB%8C%D9%86-%D9%84%D8%A8%D8%A7%D8%B3%D8%B4%D9%88%DB%8C%DB%8C-%D8%A7%D8%AA%D9%88%D9%85%D8%A7%D8%AA%DB%8C%DA%A9-%D8%AC%DB%8C-%D9%BE%D9%84%D8%A7%D8%B3-%D9%85%D8%AF%D9%84-gwm-m990s-%D8%B8%D8%B1%D9%81%DB%8C%D8%AA-9-%DA%A9%DB%8C%D9%84%D9%88%DA%AF%D8%B1%D9%85/
ماشین لباسشویی,پاکشوما,32760000,4.2,9 کیلوگرم,A++,85.0,60.0,60.0,C,nan,nan,به سمت چپ,D:/ماشین لباسشویی/image_97.jpg,https://www.digikala.com/product/dkp-12489121/%D9%85%D8%A7%D8%B4%DB%8C%D9%86-%D9%84%D8%A8%D8%A7%D8%B3%D8%B4%D9%88%DB%8C%DB%8C-%D8%A7%D8%AA%D9%88%D9%85%D8%A7%D8%AA%DB%8C%DA%A9-%D9%BE%D8%A7%DA%A9%D8%B4%D9%88%D9%85%D8%A7-%D9%85%D8%AF%D9%84-bwf-40113-wt-%D8%B8%D8%B1%D9%81%DB%8C%D8%AA-9-%DA%A9%DB%8C%D9%84%D9%88%DA%AF%D8%B1%D9%85/
ماشین لباسشویی,تی سی ال,35678530,3.0,10.5 کیلوگرم,A+++,85.0,59.5,66.0,nan,nan,nan,به سمت چپ,D:/ماشین لباسشویی/image_98.jpg,https://www.digikala.com/product/dkp-16680674/%D9%85%D8%A7%D8%B4%DB%8C%D9%86-%D9%84%D8%A8%D8%A7%D8%B3%D8%B4%D9%88%DB%8C%DB%8C-%D8%A7%D8%AA%D9%88%D9%85%D8%A7%D8%AA%DB%8C%DA%A9-%D8%AA%DB%8C-%D8%B3%DB%8C-%D8%A7%D9%84-%D9%85%D8%AF%D9%84-c2110-asd-%D8%B8%D8%B1%D9%81%DB%8C%D8%AA-105-%DA%A9%DB%8C%D9%84%D9%88%DA%AF%D8%B1%D9%85/
ماشین لباسشویی,کندی,32250000,4.8,8 کیلوگرم,A++,85.0,60.0,54.0,C,nan,نشانگر LED لمسی,به سمت چپ,D:/ماشین لباسشویی/image_99.jpg,https://www.digikala.com/product/dkp-15635034/%D9%85%D8%A7%D8%B4%DB%8C%D9%86-%D9%84%D8%A8%D8%A7%D8%B3%D8%B4%D9%88%DB%8C%DB%8C-8-%DA%A9%DB%8C%D9%84%D9%88%DA%AF%D8%B1%D9%85-%D8%A7%D8%AA%D9%88%D9%85%D8%A7%D8%AA%DB%8C%DA%A9-%DA%A9%D9%86%D8%AF%DB%8C-%D9%85%D8%AF%D9%84-pfc-846-w/
ماشین لباسشویی,پاکشوما,29900000,4.1,8 کیلوگرم,nan,85.0,60.0,60.0,nan,nan,صفحه نمایش,به سمت چپ,D:/ماشین لباسشویی/image_100.jpg,https://www.digikala.com/product/dkp-8460650/%D9%85%D8%A7%D8%B4%DB%8C%D9%86-%D9%84%D8%A8%D8%A7%D8%B3%D8%B4%D9%88%DB%8C%DB%8C-%D9%BE%D8%A7%DA%A9%D8%B4%D9%88%D9%85%D8%A7-%D9%85%D8%AF%D9%84-tfb-86408-st-%D8%B8%D8%B1%D9%81%DB%8C%D8%AA-8-%DA%A9%DB%8C%D9%84%D9%88%DA%AF%D8%B1%D9%85/
ماشین لباسشویی,پاکشوما,32484300,,9 کیلوگرم,A++,85.0,70.0,60.0,nan,nan,nan,به سمت چپ,D:/ماشین لباسشویی/image_101.jpg,https://www.digikala.com/product/dkp-16647641/%D9%85%D8%A7%D8%B4%DB%8C%D9%86-%D9%84%D8%A8%D8%A7%D8%B3%D8%B4%D9%88%DB%8C%DB%8C-%D9%BE%D8%A7%DA%A9%D8%B4%D9%88%D9%85%D8%A7-%D9%85%D8%AF%D9%84-bwf-40116i-st-%D8%B8%D8%B1%D9%81%DB%8C%D8%AA-9-%DA%A9%DB%8C%D9%84%D9%88%DA%AF%D8%B1%D9%85/
ماشین لباسشویی,پاکشوما,29376000,3.8,8 کیلوگرم,nan,82.0,60.0,60.0,nan,nan,صفحه نمایش,به سمت چپ,D:/ماشین لباسشویی/image_102.jpg,https://www.digikala.com/product/dkp-8460041/%D9%85%D8%A7%D8%B4%DB%8C%D9%86-%D9%84%D8%A8%D8%A7%D8%B3%D8%B4%D9%88%DB%8C%DB%8C-%D9%BE%D8%A7%DA%A9%D8%B4%D9%88%D9%85%D8%A7-%D9%85%D8%AF%D9%84-tfb-86407-wt-%D8%B8%D8%B1%D9%81%DB%8C%D8%AA-8-%DA%A9%DB%8C%D9%84%D9%88%DA%AF%D8%B1%D9%85/
ماشین لباسشویی,پاکشوما,28400000,3.6,9 کیلوگرم,nan,85.0,60.0,60.0,C,A++,صفحه نمایش,به سمت چپ,D:/ماشین لباسشویی/image_103.jpg,https://www.digikala.com/product/dkp-16343802/%D9%85%D8%A7%D8%B4%DB%8C%D9%86-%D9%84%D8%A8%D8%A7%D8%B3%D8%B4%D9%88%DB%8C%DB%8C-%D9%BE%D8%A7%DA%A9%D8%B4%D9%88%D9%85%D8%A7-%D9%85%D8%AF%D9%84-bwf-40901-wt-%D8%B8%D8%B1%D9%81%DB%8C%D8%AA-9-%DA%A9%DB%8C%D9%84%D9%88%DA%AF%D8%B1%D9%85-clone-1-of-11079209/
ماشین لباسشویی,ریتون,10149000,,15 کیلوگرم,A+++,100.0,93.0,53.0,کم مصرف A+,A+++,معمولی,به سمت بالا,D:/ماشین لباسشویی/image_104.jpg,https://www.digikala.com/product/dkp-17958137/%D9%85%D8%A7%D8%B4%DB%8C%D9%86-%D9%84%D8%A8%D8%A7%D8%B3%D8%B4%D9%88%DB%8C%DB%8C-15-%DA%A9%DB%8C%D9%84%D9%88%DA%AF%D8%B1%D9%85-%D9%86%DB%8C%D9%85%D9%87-%D8%A7%D8%AA%D9%88%D9%85%D8%A7%D8%AA%DB%8C%DA%A9-%D8%B1%DB%8C%D8%AA%D9%88%D9%86-%D9%85%D8%AF%D9%84-rwm-1603-tg/
ماشین لباسشویی,جی پلاس,28744020,,8 کیلوگرم,A+++,85.0,60.0,58.0,B,nan,nan,به سمت چپ,D:/ماشین لباسشویی/image_105.jpg,https://www.digikala.com/product/dkp-18154248/%D9%85%D8%A7%D8%B4%DB%8C%D9%86-%D9%84%D8%A8%D8%A7%D8%B3%D8%B4%D9%88%DB%8C%DB%8C-%D8%A7%D8%AA%D9%88%D9%85%D8%A7%D8%AA%DB%8C%DA%A9-%D8%AC%DB%8C-%D9%BE%D9%84%D8%A7%D8%B3-%D9%85%D8%AF%D9%84-gwm-m854w-%D8%B8%D8%B1%D9%81%DB%8C%D8%AA-8-%DA%A9%DB%8C%D9%84%D9%88%DA%AF%D8%B1%D9%85/
ماشین لباسشویی,جی پلاس,30650000,5.0,8 کیلوگرم,A+++,85.0,60.0,56.0,B,nan,نشانگر LED لمسی,به سمت چپ,D:/ماشین لباسشویی/image_106.jpg,https://www.digikala.com/product/dkp-18152113/%D9%85%D8%A7%D8%B4%DB%8C%D9%86-%D9%84%D8%A8%D8%A7%D8%B3%D8%B4%D9%88%DB%8C%DB%8C-%D8%A7%D8%AA%D9%88%D9%85%D8%A7%D8%AA%DB%8C%DA%A9-%D8%AC%DB%8C-%D9%BE%D9%84%D8%A7%D8%B3-%D9%85%D8%AF%D9%84-gwm-m880s-%D8%B8%D8%B1%D9%81%DB%8C%D8%AA-8-%DA%A9%DB%8C%D9%84%D9%88%DA%AF%D8%B1%D9%85/
ماشین لباسشویی,پاکشوما,27920000,4.8,9 کیلوگرم,nan,850.0,600.0,600.0,nan,nan,صفحه نمایش,به سمت چپ,D:/ماشین لباسشویی/image_107.jpg,https://www.digikala.com/product/dkp-4927479/%D9%85%D8%A7%D8%B4%DB%8C%D9%86-%D9%84%D8%A8%D8%A7%D8%B3%D8%B4%D9%88%DB%8C%DB%8C-%D9%BE%D8%A7%DA%A9%D8%B4%D9%88%D9%85%D8%A7-%D9%85%D8%AF%D9%84-tfb-94401/
ماشین لباسشویی,جی پلاس,30900000,2.5,9 کیلوگرم,A+++,85.0,60.0,56.0,A,nan,لمسی نشانگر LED,به سمت چپ,D:/ماشین لباسشویی/image_108.jpg,https://www.digikala.com/product/dkp-18021056/%D9%85%D8%A7%D8%B4%DB%8C%D9%86-%D9%84%D8%A8%D8%A7%D8%B3%D8%B4%D9%88%DB%8C%DB%8C-%D8%A7%D8%AA%D9%88%D9%85%D8%A7%D8%AA%DB%8C%DA%A9-%D8%AC%DB%8C-%D9%BE%D9%84%D8%A7%D8%B3-%D9%85%D8%AF%D9%84-gwm-r990w-%D8%B8%D8%B1%D9%81%DB%8C%D8%AA-9-%DA%A9%DB%8C%D9%84%D9%88%DA%AF%D8%B1%D9%85/
ماشین لباسشویی,پاکشوما,29322000,4.0,9 کیلوگرم,nan,850.0,600.0,500.0,nan,0.13,صفحه نمایش,به سمت چپ,D:/ماشین لباسشویی/image_109.jpg,https://www.digikala.com/product/dkp-2754150/%D9%85%D8%A7%D8%B4%DB%8C%D9%86-%D9%84%D8%A8%D8%A7%D8%B3%D8%B4%D9%88%DB%8C%DB%8C-%D9%BE%D8%A7%DA%A9%D8%B4%D9%88%D9%85%D8%A7-%D9%85%D8%AF%D9%84-tfi-94401-%D8%B8%D8%B1%D9%81%DB%8C%D8%AA-9-%DA%A9%DB%8C%D9%84%D9%88%DA%AF%D8%B1%D9%85/
ماشین لباسشویی,جی پلاس,35050000,,9 کیلوگرم,A+++,85.0,60.0,58.0,C,nan,نشانگر LED لمسی,به سمت چپ,D:/ماشین لباسشویی/image_110.jpg,https://www.digikala.com/product/dkp-18157786/%D9%85%D8%A7%D8%B4%DB%8C%D9%86-%D9%84%D8%A8%D8%A7%D8%B3%D8%B4%D9%88%DB%8C%DB%8C-%D8%A7%D8%AA%D9%88%D9%85%D8%A7%D8%AA%DB%8C%DA%A9-%D8%AC%DB%8C-%D9%BE%D9%84%D8%A7%D8%B3-%D9%85%D8%AF%D9%84-gwm-p934bs-%D8%B8%D8%B1%D9%81%DB%8C%D8%AA-9-%DA%A9%DB%8C%D9%84%D9%88%DA%AF%D8%B1%D9%85/
ماشین لباسشویی,امرسان,25597260,3.8,8 کیلوگرم,nan,850.0,600.0,580.0,nan,nan,صفحه نمایش,به سمت چپ,D:/ماشین لباسشویی/image_111.jpg,https://www.digikala.com/product/dkp-5170364/%D9%85%D8%A7%D8%B4%DB%8C%D9%86-%D9%84%D8%A8%D8%A7%D8%B3%D8%B4%D9%88%DB%8C%DB%8C-%D8%A7%D9%85%D8%B1%D8%B3%D8%A7%D9%86-%D9%85%D8%AF%D9%84-ew80w/
ماشین لباسشویی,جی پلاس,27258740,,8 کیلوگرم,A+++,85.0,60.0,56.0,B,nan,nan,به سمت چپ,D:/ماشین لباسشویی/image_112.jpg,https://www.digikala.com/product/dkp-18266442/%D9%85%D8%A7%D8%B4%DB%8C%D9%86-%D9%84%D8%A8%D8%A7%D8%B3%D8%B4%D9%88%DB%8C%DB%8C-%D8%A7%D8%AA%D9%88%D9%85%D8%A7%D8%AA%DB%8C%DA%A9-%D8%AC%DB%8C-%D9%BE%D9%84%D8%A7%D8%B3-%D9%85%D8%AF%D9%84-gwm-m822w-%D8%B8%D8%B1%D9%81%DB%8C%D8%AA-8-%DA%A9%DB%8C%D9%84%D9%88%DA%AF%D8%B1%D9%85/
ماشین لباسشویی,پاکشوما,28450290,,8 کیلوگرم,A++,85.0,60.0,54.0,nan,nan,نشانگر LED,به سمت چپ,D:/ماشین لباسشویی/image_113.jpg,https://www.digikala.com/product/dkp-18084569/%D9%85%D8%A7%D8%B4%DB%8C%D9%86-%D9%84%D8%A8%D8%A7%D8%B3%D8%B4%D9%88%DB%8C%DB%8C-%D9%BE%D8%A7%DA%A9%D8%B4%D9%88%D9%85%D8%A7-%D9%85%D8%AF%D9%84-bwf-%DB%B4%DB%B0%DB%B8%DB%B0%DB%B2-ist-%D8%B8%D8%B1%D9%81%DB%8C%D8%AA-8-%DA%A9%DB%8C%D9%84%D9%88%DA%AF%D8%B1%D9%85/
ماشین لباسشویی,پاکشوما,29342000,4.7,9 کیلوگرم,nan,85.0,60.0,60.0,C,A++,صفحه نمایش,به سمت چپ,D:/ماشین لباسشویی/image_114.jpg,https://www.digikala.com/product/dkp-9410574/%D9%85%D8%A7%D8%B4%DB%8C%D9%86-%D9%84%D8%A8%D8%A7%D8%B3%D8%B4%D9%88%DB%8C%DB%8C-%D9%BE%D8%A7%DA%A9%D8%B4%D9%88%D9%85%D8%A7-%D9%85%D8%AF%D9%84-tfb-96404-wt/
ماشین لباسشویی,پاکشوما,32863000,3.9,9 کیلوگرم,nan,85.0,60.0,60.0,C,A++,صفحه نمایش,به سمت چپ,D:/ماشین لباسشویی/image_115.jpg,https://www.digikala.com/product/dkp-9609540/%D9%85%D8%A7%D8%B4%DB%8C%D9%86-%D9%84%D8%A8%D8%A7%D8%B3%D8%B4%D9%88%DB%8C%DB%8C-%D9%BE%D8%A7%DA%A9%D8%B4%D9%88%D9%85%D8%A7-%D9%85%D8%AF%D9%84-tfb-96401-wt-%D8%B8%D8%B1%D9%81%DB%8C%D8%AA-9-%DA%A9%DB%8C%D9%84%D9%88%DA%AF%D8%B1%D9%85/
ماشین لباسشویی,تی سی ال,32500000,4.2,11 کیلوگرم,nan,59.5,85.0,62.5,nan,nan,نشانگر LED,به سمت راست,D:/ماشین لباسشویی/image_116.jpg,https://www.digikala.com/product/dkp-10666226/%D9%85%D8%A7%D8%B4%DB%8C%D9%86-%D9%84%D8%A8%D8%A7%D8%B3%D8%B4%D9%88%DB%8C%DB%8C-%D8%AA%DB%8C-%D8%B3%DB%8C-%D8%A7%D9%84-%D9%85%D8%AF%D9%84-k112-awi-%D8%B8%D8%B1%D9%81%DB%8C%D8%AA-11-%DA%A9%DB%8C%D9%84%D9%88%DA%AF%D8%B1%D9%85/
ماشین لباسشویی,پاکشوما,26791000,4.2,8 کیلوگرم,nan,850.0,595.0,495.0,nan,80,صفحه نمایش,به سمت چپ,D:/ماشین لباسشویی/image_117.jpg,https://www.digikala.com/product/dkp-1603662/%D9%85%D8%A7%D8%B4%DB%8C%D9%86-%D9%84%D8%A8%D8%A7%D8%B3%D8%B4%D9%88%DB%8C%DB%8C-%D9%BE%D8%A7%DA%A9%D8%B4%D9%88%D9%85%D8%A7-%D9%85%D8%AF%D9%84-tfi-83403-%D8%B8%D8%B1%D9%81%DB%8C%D8%AA-8-%DA%A9%DB%8C%D9%84%D9%88%DA%AF%D8%B1%D9%85/
ماشین لباسشویی,ریتون,8917000,5.0,12 کیلوگرم,A+++,97.0,77.0,48.0,کم مصرف A+,4 آمپر,معمولی,به سمت بالا,D:/ماشین لباسشویی/image_118.jpg,https://www.digikala.com/product/dkp-17956762/%D9%85%D8%A7%D8%B4%DB%8C%D9%86-%D9%84%D8%A8%D8%A7%D8%B3%D8%B4%D9%88%DB%8C%DB%8C-%D9%86%DB%8C%D9%85%D9%87-%D8%A7%D8%AA%D9%88%D9%85%D8%A7%D8%AA%DB%8C%DA%A9-%D8%B1%DB%8C%D8%AA%D9%88%D9%86-%D9%85%D8%AF%D9%84-rwm-1202-tg-%D8%B8%D8%B1%D9%81%DB%8C%D8%AA-%DB%B1%DB%B2-%DA%A9%DB%8C%D9%84%D9%88%DA%AF%D8%B1%D9%85/
ماشین لباسشویی,تی سی ال,32104900,4.7,10.5 کیلوگرم,A+++,85.0,59.5,66.0,nan,nan,نشانگر LED,به سمت چپ,D:/ماشین لباسشویی/image_119.jpg,https://www.digikala.com/product/dkp-16680766/%D9%85%D8%A7%D8%B4%DB%8C%D9%86-%D9%84%D8%A8%D8%A7%D8%B3%D8%B4%D9%88%DB%8C%DB%8C-%D8%AA%DB%8C-%D8%B3%DB%8C-%D8%A7%D9%84-%D9%85%D8%AF%D9%84-c2110-awd-%D8%B8%D8%B1%D9%81%DB%8C%D8%AA-105-%DA%A9%DB%8C%D9%84%D9%88%DA%AF%D8%B1%D9%85/
ماشین لباسشویی,پاکشوما,29860000,4.0,9 کیلوگرم,nan,850.0,600.0,600.0,nan,nan,صفحه نمایش,به سمت چپ,D:/ماشین لباسشویی/image_120.jpg,https://www.digikala.com/product/dkp-4927191/%D9%85%D8%A7%D8%B4%DB%8C%D9%86-%D9%84%D8%A8%D8%A7%D8%B3%D8%B4%D9%88%DB%8C%DB%8C-%D9%BE%D8%A7%DA%A9%D8%B4%D9%88%D9%85%D8%A7-%D9%85%D8%AF%D9%84-tfb-94402/
ماشین لباسشویی,جی پلاس,32250000,,8 کیلوگرم,A+++,85.0,60.0,58.0,B,nan,نشانگر LED لمسی,به سمت چپ,D:/ماشین لباسشویی/image_121.jpg,https://www.digikala.com/product/dkp-18353811/%D9%85%D8%A7%D8%B4%DB%8C%D9%86-%D9%84%D8%A8%D8%A7%D8%B3%D8%B4%D9%88%DB%8C%DB%8C-%D8%A7%D8%AA%D9%88%D9%85%D8%A7%D8%AA%DB%8C%DA%A9-%D8%AC%DB%8C-%D9%BE%D9%84%D8%A7%D8%B3-%D9%85%D8%AF%D9%84-gwm-m870s-%D8%B8%D8%B1%D9%81%DB%8C%D8%AA-8-%DA%A9%DB%8C%D9%84%D9%88%DA%AF%D8%B1%D9%85/
ماشین لباسشویی,پاکشوما,29936060,,7 کیلوگرم,nan,85.0,60.0,54.0,c,++A,nan,به سمت چپ,D:/ماشین لباسشویی/image_122.jpg,https://www.digikala.com/product/dkp-10339401/%D9%85%D8%A7%D8%B4%DB%8C%D9%86-%D9%84%D8%A8%D8%A7%D8%B3%D8%B4%D9%88%DB%8C%DB%8C-%D9%BE%D8%A7%DA%A9%D8%B4%D9%88%D9%85%D8%A7-%D9%85%D8%AF%D9%84-tfb-76402-st-%D8%B8%D8%B1%D9%81%DB%8C%D8%AA-7-%DA%A9%DB%8C%D9%84%D9%88%DA%AF%D8%B1%D9%85/
ماشین لباسشویی,پاکشوما,30245000,4.4,9 کیلوگرم,nan,85.0,60.0,60.0,C,A++,صفحه نمایش,به سمت چپ,D:/ماشین لباسشویی/image_123.jpg,https://www.digikala.com/product/dkp-9411177/%D9%85%D8%A7%D8%B4%DB%8C%D9%86-%D9%84%D8%A8%D8%A7%D8%B3%D8%B4%D9%88%DB%8C%DB%8C-%D9%BE%D8%A7%DA%A9%D8%B4%D9%88%D9%85%D8%A7-%D9%85%D8%AF%D9%84-tfb-96406-wt/
ماشین لباسشویی,پاکشوما,31646080,5.0,9 کیلوگرم,nan,85.0,60.0,60.0,nan,nan,nan,به سمت چپ,D:/ماشین لباسشویی/image_124.jpg,https://www.digikala.com/product/dkp-16647848/%D9%85%D8%A7%D8%B4%DB%8C%D9%86-%D9%84%D8%A8%D8%A7%D8%B3%D8%B4%D9%88%DB%8C%DB%8C-%D9%BE%D8%A7%DA%A9%D8%B4%D9%88%D9%85%D8%A7-%D9%85%D8%AF%D9%84-bwf-40113i-st-%D8%B8%D8%B1%D9%81%DB%8C%D8%AA-9-%DA%A9%DB%8C%D9%84%D9%88%DA%AF%D8%B1%D9%85/
ماشین لباسشویی,پاکشوما,29470000,3.5,8 کیلوگرم,nan,85.0,60.0,54.0,C,A++,لمسی,به سمت چپ,D:/ماشین لباسشویی/image_125.jpg,https://www.digikala.com/product/dkp-11474210/%D9%85%D8%A7%D8%B4%DB%8C%D9%86-%D9%84%D8%A8%D8%A7%D8%B3%D8%B4%D9%88%DB%8C%DB%8C-%D9%BE%D8%A7%DA%A9%D8%B4%D9%88%D9%85%D8%A7-%D9%85%D8%AF%D9%84-tfb-86403-st-%D8%B8%D8%B1%D9%81%DB%8C%D8%AA-8-%DA%A9%DB%8C%D9%84%D9%88%DA%AF%D8%B1%D9%85/
ماشین لباسشویی,جی پلاس,27700000,,9 کیلوگرم,A+++,85.0,60.0,58.0,C,nan,نشانگر LED لمسی,به سمت چپ,D:/ماشین لباسشویی/image_126.jpg,https://www.digikala.com/product/dkp-18157770/%D9%85%D8%A7%D8%B4%DB%8C%D9%86-%D9%84%D8%A8%D8%A7%D8%B3%D8%B4%D9%88%DB%8C%DB%8C-%D8%A7%D8%AA%D9%88%D9%85%D8%A7%D8%AA%DB%8C%DA%A9-%D8%AC%DB%8C-%D9%BE%D9%84%D8%A7%D8%B3-%D9%85%D8%AF%D9%84-gwm-p934t-%D8%B8%D8%B1%D9%81%DB%8C%D8%AA-9-%DA%A9%DB%8C%D9%84%D9%88%DA%AF%D8%B1%D9%85/
ماشین لباسشویی,پاکشوما,29500000,5.0,9 کیلوگرم,nan,85.0,60.0,60.0,C,A++,صفحه نمایش,به سمت چپ,D:/ماشین لباسشویی/image_127.jpg,https://www.digikala.com/product/dkp-16647914/%D9%85%D8%A7%D8%B4%DB%8C%D9%86-%D9%84%D8%A8%D8%A7%D8%B3%D8%B4%D9%88%DB%8C%DB%8C-%D9%BE%D8%A7%DA%A9%D8%B4%D9%88%D9%85%D8%A7-%D9%85%D8%AF%D9%84-bwf-40902i-st-%D8%B8%D8%B1%D9%81%DB%8C%D8%AA-9-%DA%A9%DB%8C%D9%84%D9%88%DA%AF%D8%B1%D9%85/
ماشین لباسشویی,پاکشوما,31920000,4.0,8 کیلوگرم,nan,85.0,60.0,54.0,c,A++,لمسی,به سمت چپ,D:/ماشین لباسشویی/image_128.jpg,https://www.digikala.com/product/dkp-11628594/%D9%85%D8%A7%D8%B4%DB%8C%D9%86-%D9%84%D8%A8%D8%A7%D8%B3%D8%B4%D9%88%DB%8C%DB%8C-%D9%BE%D8%A7%DA%A9%D8%B4%D9%88%D9%85%D8%A7-%D9%85%D8%AF%D9%84-bwf-40803-st-%D8%B8%D8%B1%D9%81%DB%8C%D8%AA-8-%DA%A9%DB%8C%D9%84%D9%88%DA%AF%D8%B1%D9%85/
ماشین لباسشویی,ریتون,8272000,,12 کیلوگرم,A+++,100.0,89.0,51.0,A+,A+++,معمولی,به سمت بالا,D:/ماشین لباسشویی/image_129.jpg,https://www.digikala.com/product/dkp-17956714/%D9%85%D8%A7%D8%B4%DB%8C%D9%86-%D9%84%D8%A8%D8%A7%D8%B3%D8%B4%D9%88%DB%8C%DB%8C-%D9%86%DB%8C%D9%85%D9%87-%D8%A7%D8%AA%D9%88%D9%85%D8%A7%D8%AA%DB%8C%DA%A9-%D8%B1%DB%8C%D8%AA%D9%88%D9%86-%D9%85%D8%AF%D9%84-rwm-1202-t-%D8%B8%D8%B1%D9%81%DB%8C%D8%AA-%DB%B1%DB%B2-%DA%A9%DB%8C%D9%84%D9%88%DA%AF%D8%B1%D9%85/
ماشین لباسشویی,پاکشوما,27400000,,9 کیلوگرم,nan,850.0,600.0,520.0,nan,nan,صفحه نمایش,به سمت چپ,D:/ماشین لباسشویی/image_130.jpg,https://www.digikala.com/product/dkp-1119448/%D9%85%D8%A7%D8%B4%DB%8C%D9%86-%D9%84%D8%A8%D8%A7%D8%B3%D8%B4%D9%88%DB%8C%DB%8C-%D9%BE%D8%A7%DA%A9%D8%B4%D9%88%D9%85%D8%A7-%D9%85%D8%AF%D9%84-cfi-92401-%D8%B8%D8%B1%D9%81%DB%8C%D8%AA-9-%DA%A9%DB%8C%D9%84%D9%88%DA%AF%D8%B1%D9%85/
ماشین لباسشویی,پاکشوما,29986400,1.0,8 کیلوگرم,A++,82.0,60.0,60.0,C,nan,صفحه نمایش لمسی,به سمت چپ,D:/ماشین لباسشویی/image_131.jpg,https://www.digikala.com/product/dkp-17360424/%D9%85%D8%A7%D8%B4%DB%8C%D9%86-%D9%84%D8%A8%D8%A7%D8%B3%D8%B4%D9%88%DB%8C%DB%8C-%D8%A7%D8%AA%D9%88%D9%85%D8%A7%D8%AA%DB%8C%DA%A9-%D9%BE%D8%A7%DA%A9%D8%B4%D9%88%D9%85%D8%A7-%D9%85%D8%AF%D9%84-bwf-40807-ist-%D8%B8%D8%B1%D9%81%DB%8C%D8%AA-8-%DA%A9%DB%8C%D9%84%D9%88%DA%AF%D8%B1%D9%85/
ماشین لباسشویی,پاکشوما,31000000,3.0,8 کیلوگرم,A++,85.0,60.0,54.0,C,nan,نشانگر LED لمسی,به سمت چپ,D:/ماشین لباسشویی/image_132.jpg,https://www.digikala.com/product/dkp-17776717/%D9%85%D8%A7%D8%B4%DB%8C%D9%86-%D9%84%D8%A8%D8%A7%D8%B3%D8%B4%D9%88%DB%8C%DB%8C-%D8%A7%D8%AA%D9%88%D9%85%D8%A7%D8%AA%DB%8C%DA%A9-%D9%BE%D8%A7%DA%A9%D8%B4%D9%88%D9%85%D8%A7-%D9%85%D8%AF%D9%84-bwf-40807-iwt-%D8%B8%D8%B1%D9%81%DB%8C%D8%AA-8-%DA%A9%DB%8C%D9%84%D9%88%DA%AF%D8%B1%D9%85/
ماشین لباسشویی,وست پوینت,32500000,,8 کیلوگرم,A+++,85.0,60.0,60.0,nan,nan,نشانگر LED نشانگر روی پنل اخطار باز ماندن درب صفحه نمایش,به سمت چپ,D:/ماشین لباسشویی/image_133.jpg,https://www.digikala.com/product/dkp-18011438/%D9%85%D8%A7%D8%B4%DB%8C%D9%86-%D9%84%D8%A8%D8%A7%D8%B3%D8%B4%D9%88%DB%8C%DB%8C-%D9%88%D8%B3%D8%AA-%D9%BE%D9%88%DB%8C%D9%86%D8%AA-%D9%85%D8%AF%D9%84-wms-81424e-%D8%B8%D8%B1%D9%81%DB%8C%D8%AA-%DB%B8-%DA%A9%DB%8C%D9%84%D9%88%DA%AF%D8%B1%D9%85/
ماشین لباسشویی,گرین,47600000,4.3,12 کیلوگرم,A+++,85.0,60.0,64.0,65,nan,نشانگر LED,به سمت چپ,D:/ماشین لباسشویی/image_134.jpg,https://www.digikala.com/product/dkp-13787779/%D9%85%D8%A7%D8%B4%DB%8C%D9%86-%D9%84%D8%A8%D8%A7%D8%B3%D8%B4%D9%88%DB%8C%DB%8C-%DA%AF%D8%B1%DB%8C%D9%86-%D9%85%D8%AF%D9%84-gwm120bl1400-%D8%B8%D8%B1%D9%81%DB%8C%D8%AA-12-%DA%A9%DB%8C%D9%84%D9%88%DA%AF%D8%B1%D9%85/
ماشین لباسشویی,سپهر الکتریک,27900000,,8 کیلوگرم,nan,85.0,60.0,60.0,nan,nan,nan,به سمت چپ,D:/ماشین لباسشویی/image_135.jpg,https://www.digikala.com/product/dkp-11731027/%D9%85%D8%A7%D8%B4%DB%8C%D9%86-%D9%84%D8%A8%D8%A7%D8%B3%D8%B4%D9%88%DB%8C%DB%8C-%D8%B3%D9%BE%D9%87%D8%B1-%D8%A7%D9%84%DA%A9%D8%AA%D8%B1%DB%8C%DA%A9-%D9%85%D8%AF%D9%84-se1286t-%D8%B8%D8%B1%D9%81%DB%8C%D8%AA-8-%DA%A9%DB%8C%D9%84%D9%88%DA%AF%D8%B1%D9%85/
ماشین لباسشویی,بویر,28198000,,9 کیلوگرم,nan,83.0,60.0,60.0,nan,A+++,nan,به سمت چپ,D:/ماشین لباسشویی/image_136.jpg,https://www.digikala.com/product/dkp-16242948/%D9%85%D8%A7%D8%B4%DB%8C%D9%86-%D9%84%D8%A8%D8%A7%D8%B3%D8%B4%D9%88%DB%8C%DB%8C-%D8%A8%D9%88%DB%8C%D8%B1-%D9%85%D8%AF%D9%84-b1140-%D8%B8%D8%B1%D9%81%DB%8C%D8%AA-%DB%B9-%DA%A9%DB%8C%D9%84%D9%88%DA%AF%D8%B1%D9%85/
ماشین لباسشویی,جی پلاس,34250000,,8 کیلوگرم,A+++,85.0,60.0,56.0,B,nan,نشانگر LED لمسی,به سمت چپ,D:/ماشین لباسشویی/image_137.jpg,https://www.digikala.com/product/dkp-18353805/%D9%85%D8%A7%D8%B4%DB%8C%D9%86-%D9%84%D8%A8%D8%A7%D8%B3%D8%B4%D9%88%DB%8C%DB%8C-%D8%A7%D8%AA%D9%88%D9%85%D8%A7%D8%AA%DB%8C%DA%A9-%D8%AC%DB%8C-%D9%BE%D9%84%D8%A7%D8%B3-%D9%85%D8%AF%D9%84-gwm-m880s-%D8%B8%D8%B1%D9%81%DB%8C%D8%AA-8-%DA%A9%DB%8C%D9%84%D9%88%DA%AF%D8%B1%D9%85/
ماشین لباسشویی,هاردستون,38000000,,8 کیلوگرم,nan,84.0,59.0,53.0,nan,nan,صفحه نمایش,به سمت چپ,D:/ماشین لباسشویی/image_138.jpg,https://www.digikala.com/product/dkp-9442645/%D9%85%D8%A7%D8%B4%DB%8C%D9%86-%D9%84%D8%A8%D8%A7%D8%B3%D8%B4%D9%88%DB%8C%DB%8C-%D9%87%D8%A7%D8%B1%D8%AF%D8%B3%D8%AA%D9%88%D9%86-%D9%85%D8%AF%D9%84-wmm8414-%D8%B8%D8%B1%D9%81%DB%8C%D8%AA-8-%DA%A9%DB%8C%D9%84%D9%88%DA%AF%D8%B1%D9%85/
ماشین لباسشویی,فریدولین,6623100,5.0,6.8 کیلوگرم,B,86.0,73.0,44.0,nan,nan,nan,به سمت بالا,D:/ماشین لباسشویی/image_139.jpg,https://www.digikala.com/product/dkp-18197884/%D9%85%D8%A7%D8%B4%DB%8C%D9%86-%D9%84%D8%A8%D8%A7%D8%B3%D8%B4%D9%88%DB%8C%DB%8C-68-%DA%A9%DB%8C%D9%84%D9%88%DA%AF%D8%B1%D9%85-%D9%86%DB%8C%D9%85%D9%87-%D8%A7%D8%AA%D9%88%D9%85%D8%A7%D8%AA%DB%8C%DA%A9-%D9%81%D8%B1%DB%8C%D8%AF%D9%88%D9%84%DB%8C%D9%86-%D9%85%D8%AF%D9%84-swt68g/
ماشین لباسشویی,برفاب,9181600,3.1,12 کیلوگرم,nan,101.0,56.0,99.0,nan,nan,nan,به سمت بالا,D:/ماشین لباسشویی/image_140.jpg,https://www.digikala.com/product/dkp-10648047/%D9%85%D8%A7%D8%B4%DB%8C%D9%86-%D9%84%D8%A8%D8%A7%D8%B3%D8%B4%D9%88%DB%8C%DB%8C-%D8%A8%D8%B1%D9%81%D8%A7%D8%A8-%D9%85%D8%AF%D9%84-wm15-%D8%B8%D8%B1%D9%81%DB%8C%D8%AA-12-%DA%A9%DB%8C%D9%84%D9%88%DA%AF%D8%B1%D9%85/
ماشین لباسشویی,لیدر,17099000,3.0,7 کیلوگرم,nan,84.0,60.0,53.0,nan,nan,nan,به سمت راست,D:/ماشین لباسشویی/image_141.jpg,https://www.digikala.com/product/dkp-12615448/%D9%85%D8%A7%D8%B4%DB%8C%D9%86-%D9%84%D8%A8%D8%A7%D8%B3%D8%B4%D9%88%DB%8C%DB%8C-%D9%84%DB%8C%D8%AF%D8%B1-%D9%85%D8%AF%D9%84-l1200-%DA%AF%D9%86%D8%AC%D8%A7%DB%8C%D8%B4-7-%DA%A9%DB%8C%D9%84%D9%88%DA%AF%D8%B1%D9%85/
ماشین لباسشویی,پاکشوما,29895000,,7 کیلوگرم,A++,85.0,60.0,54.0,C,nan,nan,به سمت چپ,D:/ماشین لباسشویی/image_142.jpg,https://www.digikala.com/product/dkp-17945854/%D9%85%D8%A7%D8%B4%DB%8C%D9%86-%D9%84%D8%A8%D8%A7%D8%B3%D8%B4%D9%88%DB%8C%DB%8C-%D8%A7%D8%AA%D9%88%D9%85%D8%A7%D8%AA%DB%8C%DA%A9-%D9%BE%D8%A7%DA%A9%D8%B4%D9%88%D9%85%D8%A7-%D9%85%D8%AF%D9%84-bwf-40704-ist-%D8%B8%D8%B1%D9%81%DB%8C%D8%AA-7-%DA%A9%DB%8C%D9%84%D9%88%DA%AF%D8%B1%D9%85/
ماشین لباسشویی,جی پلاس,28839380,,8 کیلوگرم,A+++,85.0,60.0,58.0,B,nan,نشانگر LED لمسی,به سمت چپ,D:/ماشین لباسشویی/image_143.jpg,https://www.digikala.com/product/dkp-18154382/%D9%85%D8%A7%D8%B4%DB%8C%D9%86-%D9%84%D8%A8%D8%A7%D8%B3%D8%B4%D9%88%DB%8C%DB%8C-%D8%A7%D8%AA%D9%88%D9%85%D8%A7%D8%AA%DB%8C%DA%A9-%D8%AC%DB%8C-%D9%BE%D9%84%D8%A7%D8%B3-%D9%85%D8%AF%D9%84-gwm-m854t-%D8%B8%D8%B1%D9%81%DB%8C%D8%AA-8-%DA%A9%DB%8C%D9%84%D9%88%DA%AF%D8%B1%D9%85/
ماشین لباسشویی,گرین,53700000,,12 کیلوگرم,A+++,85.0,59.5,64.0,nan,nan,نشانگر LED,به سمت چپ,D:/ماشین لباسشویی/image_144.jpg,https://www.digikala.com/product/dkp-18333734/%D9%85%D8%A7%D8%B4%DB%8C%D9%86-%D9%84%D8%A8%D8%A7%D8%B3%D8%B4%D9%88%DB%8C%DB%8C-%D8%A7%D8%AA%D9%88%D9%85%D8%A7%D8%AA%DB%8C%DA%A9-%DA%AF%D8%B1%DB%8C%D9%86-%D9%85%D8%AF%D9%84-gwm120dd1200bmw-db-%D8%B8%D8%B1%D9%81%DB%8C%D8%AA-12-%DA%A9%DB%8C%D9%84%D9%88%DA%AF%D8%B1%D9%85/
ماشین لباسشویی,گرین,52400000,,12 کیلوگرم,A+++,85.0,59.5,64.0,nan,nan,نشانگر LED لمسی,به سمت چپ,D:/ماشین لباسشویی/image_145.jpg,https://www.digikala.com/product/dkp-18333626/%D9%85%D8%A7%D8%B4%DB%8C%D9%86-%D9%84%D8%A8%D8%A7%D8%B3%D8%B4%D9%88%DB%8C%DB%8C-12-%DA%A9%DB%8C%D9%84%D9%88%DA%AF%D8%B1%D9%85-%D8%A7%D8%AA%D9%88%D9%85%D8%A7%D8%AA%DB%8C%DA%A9-%DA%AF%D8%B1%DB%8C%D9%86-%D9%85%D8%AF%D9%84-gwm120dd1200bmw-s/
ماشین لباسشویی,گرین,50800000,,12 کیلوگرم,A+++,85.0,59.5,64.0,nan,nan,نشانگر LED لمسی,به سمت چپ,D:/ماشین لباسشویی/image_146.jpg,https://www.digikala.com/product/dkp-18333484/%D9%85%D8%A7%D8%B4%DB%8C%D9%86-%D9%84%D8%A8%D8%A7%D8%B3%D8%B4%D9%88%DB%8C%DB%8C-12-%DA%A9%DB%8C%D9%84%D9%88%DA%AF%D8%B1%D9%85-%D8%A7%D8%AA%D9%88%D9%85%D8%A7%D8%AA%DB%8C%DA%A9-%DA%AF%D8%B1%DB%8C%D9%86-%D9%85%D8%AF%D9%84-gwm120dd1200bmw-w/
ماشین لباسشویی,ریتون,10684000,,15 کیلوگرم,A+++,100.0,93.0,53.0,کم مصرف A+,A+++,معمولی,به سمت بالا,D:/ماشین لباسشویی/image_147.jpg,https://www.digikala.com/product/dkp-17958475/%D9%85%D8%A7%D8%B4%DB%8C%D9%86-%D9%84%D8%A8%D8%A7%D8%B3%D8%B4%D9%88%DB%8C%DB%8C-15-%DA%A9%DB%8C%D9%84%D9%88%DA%AF%D8%B1%D9%85-%D9%86%DB%8C%D9%85%D9%87-%D8%A7%D8%AA%D9%88%D9%85%D8%A7%D8%AA%DB%8C%DA%A9-%D8%B1%DB%8C%D8%AA%D9%88%D9%86-%D9%85%D8%AF%D9%84-rwm-1603-tgs/
ماشین لباسشویی,ریتون,9823000,,14 کیلوگرم,A+++,87.0,99.0,52.0,A+,4 آمپر,معمولی,به سمت بالا,D:/ماشین لباسشویی/image_148.jpg,https://www.digikala.com/product/dkp-18246453/%D9%85%D8%A7%D8%B4%DB%8C%D9%86-%D9%84%D8%A8%D8%A7%D8%B3%D8%B4%D9%88%DB%8C%DB%8C-%D9%86%DB%8C%D9%85%D9%87-%D8%A7%D8%AA%D9%88%D9%85%D8%A7%D8%AA%DB%8C%DA%A9-%D8%B1%DB%8C%D8%AA%D9%88%D9%86-%D9%85%D8%AF%D9%84-rwm-1402-tga-%D8%B8%D8%B1%D9%81%DB%8C%D8%AA-14-%DA%A9%DB%8C%D9%84%D9%88%DA%AF%D8%B1%D9%85/
ماشین لباسشویی,پاکشوما,29893000,5.0,8 کیلوگرم,nan,85.0,60.0,60.0,nan,nan,لمسی,به سمت چپ,D:/ماشین لباسشویی/image_149.jpg,https://www.digikala.com/product/dkp-7542594/%D9%85%D8%A7%D8%B4%DB%8C%D9%86-%D9%84%D8%A8%D8%A7%D8%B3%D8%B4%D9%88%DB%8C%DB%8C-%D9%BE%D8%A7%DA%A9%D8%B4%D9%88%D9%85%D8%A7-%D9%85%D8%AF%D9%84-tfu-85402st/
ماشین لباسشویی,پاکشوما,34492670,3.3,8 کیلوگرم,A++,85.0,60.0,54.0,C,nan,nan,به سمت چپ,D:/ماشین لباسشویی/image_150.jpg,https://www.digikala.com/product/dkp-12124453/%D9%85%D8%A7%D8%B4%DB%8C%D9%86-%D9%84%D8%A8%D8%A7%D8%B3%D8%B4%D9%88%DB%8C%DB%8C-%D8%A7%D8%AA%D9%88%D9%85%D8%A7%D8%AA%DB%8C%DA%A9-%D9%BE%D8%A7%DA%A9%D8%B4%D9%88%D9%85%D8%A7-%D9%85%D8%AF%D9%84-bwf-40806-wt-%D8%B8%D8%B1%D9%81%DB%8C%D8%AA-8-%DA%A9%DB%8C%D9%84%D9%88%DA%AF%D8%B1%D9%85/
ماشین لباسشویی,هومتکس,350000,4.5,nan,nan,,,,nan,nan,nan,nan,D:/ماشین لباسشویی/image_151.jpg,https://www.digikala.com/product/dkp-2519407/%DA%A9%D8%A7%D9%88%D8%B1-%D9%85%D8%A7%D8%B4%DB%8C%D9%86-%D9%84%D8%A8%D8%A7%D8%B3%D8%B4%D9%88%DB%8C%DB%8C-%D9%87%D9%88%D9%85%D8%AA%DA%A9%D8%B3-%DA%A9%D8%AF-wmc-h/
ماشین لباسشویی,متفرقه,117000,3.8,nan,nan,,,,nan,nan,nan,nan,D:/ماشین لباسشویی/image_152.jpg,https://www.digikala.com/product/dkp-1634818/%DA%A9%D8%A7%D9%88%D8%B1-%D9%85%D8%A7%D8%B4%DB%8C%D9%86-%D9%84%D8%A8%D8%A7%D8%B3%D8%B4%D9%88%DB%8C%DB%8C-%D9%85%D8%AF%D9%84-hs1/
ماشین لباسشویی,متفرقه,149400,4.2,nan,nan,,,,nan,nan,nan,nan,D:/ماشین لباسشویی/image_153.jpg,https://www.digikala.com/product/dkp-6872795/%D9%82%D8%B1%D8%B5-%D9%85%D8%A7%D8%B4%DB%8C%D9%86-%D9%84%D8%A8%D8%A7%D8%B3%D8%B4%D9%88%DB%8C%DB%8C-%D9%81%D8%B1%D8%A7%D9%86%DA%A9-%D9%85%D8%AF%D9%84-5523-%D8%A8%D8%B3%D8%AA%D9%87-12-%D8%B9%D8%AF%D8%AF%DB%8C/
ماشین لباسشویی,متفرقه,313000,4.2,nan,nan,,,,nan,nan,nan,nan,D:/ماشین لباسشویی/image_154.jpg,https://www.digikala.com/product/dkp-1104124/%D9%85%D8%A7%D8%B4%DB%8C%D9%86-%D9%84%D8%A8%D8%A7%D8%B3%D8%B4%D9%88%DB%8C%DB%8C-%D8%A7%D8%B3%D8%A8%D8%A7%D8%A8-%D8%A8%D8%A7%D8%B2%DB%8C-%D9%85%D8%AF%D9%84-beauty-washer/
ماشین لباسشویی,پورکس,219000,4.1,nan,nan,,,,nan,nan,nan,nan,D:/ماشین لباسشویی/image_155.jpg,https://www.digikala.com/product/dkp-8504704/%D9%BE%D9%88%D8%AF%D8%B1-%D9%85%D8%A7%D8%B4%DB%8C%D9%86-%D9%84%D8%A8%D8%A7%D8%B3%D8%B4%D9%88%DB%8C%DB%8C-%D9%BE%D9%88%D8%B1%DA%A9%D8%B3-%D9%85%D8%AF%D9%84-%D9%85%D8%B9%D8%B7%D8%B1-%D9%88%D8%B2%D9%86-10-%DA%A9%DB%8C%D9%84%D9%88%DA%AF%D8%B1%D9%85/
ماشین لباسشویی,متفرقه,88000,4.1,nan,nan,,,,nan,nan,nan,nan,D:/ماشین لباسشویی/image_156.jpg,https://www.digikala.com/product/dkp-12608711/%D8%AC%D8%B1%D9%85-%DA%AF%DB%8C%D8%B1-%D9%85%D8%A7%D8%B4%DB%8C%D9%86-%D9%84%D8%A8%D8%A7%D8%B3%D8%B4%D9%88%DB%8C%DB%8C-%D9%88-%D8%B8%D8%B1%D9%81%D8%B4%D9%88%DB%8C%DB%8C-%DA%A9%D8%B1%D8%A8%D9%88%D9%86%D8%A7-%D9%85%D8%AF%D9%84-a2034-%D9%88%D8%B2%D9%86-50-%DA%AF%D8%B1%D9%85-%D8%A8%D8%B3%D8%AA%D9%87-5-%D8%B9%D8%AF%D8%AF%DB%8C/
ماشین لباسشویی,متفرقه,1500000,,nan,nan,,,,nan,nan,nan,nan,D:/ماشین لباسشویی/image_157.jpg,https://www.digikala.com/product/dkp-11572019/%DA%A9%D9%85%DA%A9-%D9%85%D8%A7%D8%B4%DB%8C%D9%86-%D9%84%D8%A8%D8%A7%D8%B3%D8%B4%D9%88%DB%8C%DB%8C-%D9%85%D8%AF%D9%84-80-%DA%A9%D8%AF-01-%D9%85%D9%86%D8%A7%D8%B3%D8%A8-%D8%A8%D8%B1%D8%A7%DB%8C-%D8%A7%D9%86%D9%88%D8%A7%D8%B9-%D9%85%D8%A7%D8%B4%DB%8C%D9%86-%D9%84%D8%A8%D8%A7%D8%B3%D8%B4%D9%88%DB%8C%DB%8C-%D9%85%D8%AC%D9%85%D9%88%D8%B9%D9%87-20-%D8%B9%D8%AF%D8%AF%DB%8C/
ماشین لباسشویی,متفرقه,148800,4.1,nan,nan,,,,nan,nan,nan,nan,D:/ماشین لباسشویی/image_158.jpg,https://www.digikala.com/product/dkp-11292795/%DA%A9%D8%A7%D9%88%D8%B1-%D9%85%D8%A7%D8%B4%DB%8C%D9%86-%D9%84%D8%A8%D8%A7%D8%B3%D8%B4%D9%88%DB%8C%DB%8C-%D9%85%D8%AF%D9%84-moeen/
ماشین لباسشویی,متفرقه,400000,3.7,nan,nan,,,,nan,nan,nan,nan,D:/ماشین لباسشویی/image_159.jpg,https://www.digikala.com/product/dkp-4857558/%D8%B3%D9%86%D8%B3%D9%88%D8%B1-%D9%85%D8%A7%D8%B4%DB%8C%D9%86-%D9%84%D8%A8%D8%A7%D8%B3%D8%B4%D9%88%DB%8C%DB%8C-%D9%85%D8%AF%D9%84-%D8%B4%DB%8C%D8%B1%D8%A8%D8%B1%D9%82%DB%8C-%D9%85%D8%A7%D8%B4%DB%8C%D9%86-%D9%84%D8%A8%D8%A7%D8%B3%D8%B4%D9%88%DB%8C%DB%8C-%D9%85%D8%AF%D9%84-02/
ماشین لباسشویی,متفرقه,163800,3.9,nan,nan,,,,nan,nan,nan,nan,D:/ماشین لباسشویی/image_160.jpg,https://www.digikala.com/product/dkp-4029680/%DA%A9%D8%A7%D9%88%D8%B1-%D9%85%D8%A7%D8%B4%DB%8C%D9%86-%D9%84%D8%A8%D8%A7%D8%B3%D8%B4%D9%88%DB%8C%DB%8C-%D9%85%D8%AF%D9%84-%D8%AA%D8%A7%D8%AC-%D9%85%D8%A7%D9%87-%DA%A9%D8%AF-tm6/
ماشین لباسشویی,متفرقه,121000,3.7,nan,nan,,,,nan,nan,nan,nan,D:/ماشین لباسشویی/image_161.jpg,https://www.digikala.com/product/dkp-3547790/%DA%A9%D8%A7%D9%88%D8%B1-%D9%85%D8%A7%D8%B4%DB%8C%D9%86-%D9%84%D8%A8%D8%A7%D8%B3%D8%B4%D9%88%DB%8C%DB%8C-%D9%85%D8%AF%D9%84-%D8%B3%D8%AA%D8%A7%D8%B1%D9%87/
ماشین لباسشویی,پور وایت,259000,4.2,nan,nan,,,,nan,nan,nan,nan,D:/ماشین لباسشویی/image_162.jpg,https://www.digikala.com/product/dkp-16364311/%D9%BE%D9%88%D8%AF%D8%B1-%D9%85%D8%A7%D8%B4%DB%8C%D9%86-%D9%84%D8%A8%D8%A7%D8%B3%D8%B4%D9%88%DB%8C%DB%8C-%D9%BE%D9%88%D8%B1-%D9%88%D8%A7%DB%8C%D8%AA-%D9%85%D8%AF%D9%84-shiny-%D9%88%D8%B2%D9%86-10000-%DA%AF%D8%B1%D9%85/
ماشین لباسشویی,متفرقه,660000,2.5,nan,nan,,,,nan,nan,nan,nan,D:/ماشین لباسشویی/image_163.jpg,https://www.digikala.com/product/dkp-14485248/%DA%A9%D9%85%DA%A9-%D9%85%D8%A7%D8%B4%DB%8C%D9%86-%D9%84%D8%A8%D8%A7%D8%B3%D8%B4%D9%88%DB%8C%DB%8C-%D9%85%D8%AF%D9%84-120-%D8%A8%D8%B3%D8%AA%D9%87-%D8%AF%D9%88-%D8%B9%D8%AF%D8%AF%DB%8C-%D9%85%D9%86%D8%A7%D8%B3%D8%A8-%D8%A8%D8%B1%D8%A7%DB%8C-%D8%A7%D9%86%D9%88%D8%A7%D8%B9-%D9%85%D8%A7%D8%B4%DB%8C%D9%86-%D9%84%D8%A8%D8%A7%D8%B3%D8%B4%D9%88%DB%8C%DB%8C-%D9%87%D8%A7/
ماشین لباسشویی,متفرقه,440000,2.9,nan,nan,,,,nan,nan,nan,nan,D:/ماشین لباسشویی/image_164.jpg,https://www.digikala.com/product/dkp-14696142/%DA%A9%D9%85%DA%A9-%D9%85%D8%A7%D8%B4%DB%8C%D9%86-%D9%84%D8%A8%D8%A7%D8%B3%D8%B4%D9%88%DB%8C%DB%8C-%D9%85%D8%AF%D9%84-100-%D8%A8%D8%B3%D8%AA%D9%87-%D8%AF%D9%88-%D8%B9%D8%AF%D8%AF%DB%8C/
ماشین لباسشویی,متفرقه,282000,4.2,nan,nan,,,,nan,nan,nan,nan,D:/ماشین لباسشویی/image_165.jpg,https://www.digikala.com/product/dkp-5561232/%D8%A7%D8%B3%D8%A8%D8%A7%D8%A8-%D8%A8%D8%A7%D8%B2%DB%8C-%D9%85%D8%AF%D9%84-%D9%85%D8%A7%D8%B4%DB%8C%D9%86-%D9%84%D8%A8%D8%A7%D8%B3%D8%B4%D9%88%DB%8C%DB%8C/
ماشین لباسشویی,متفرقه,1650000,4.5,nan,nan,,,,nan,nan,nan,nan,D:/ماشین لباسشویی/image_166.jpg,https://www.digikala.com/product/dkp-14812073/%D8%A8%D8%B1%D8%AF-%D9%85%D8%A7%D8%B4%DB%8C%D9%86-%D9%84%D8%A8%D8%A7%D8%B3%D8%B4%D9%88%DB%8C%DB%8C-%D9%85%D8%AF%D9%84-3388-%D9%85%D9%86%D8%A7%D8%B3%D8%A8-%D8%A8%D8%B1%D8%A7%DB%8C-%D8%A7%D9%86%D9%88%D8%A7%D8%B9-%D9%85%D8%A7%D8%B4%DB%8C%D9%86-%D9%84%D8%A8%D8%A7%D8%B3%D8%B4%D9%88%DB%8C%DB%8C-%D8%A8%D8%A7-%D9%85%D9%88%D8%AA%D9%88%D8%B1-%D8%B2%D8%BA%D8%A7%D9%84%DB%8C/
ماشین لباسشویی,تست,393000,4.5,nan,nan,,,,nan,nan,nan,nan,D:/ماشین لباسشویی/image_167.jpg,https://www.digikala.com/product/dkp-8974549/%D9%BE%D9%88%D8%AF%D8%B1-%D9%85%D8%A7%D8%B4%DB%8C%D9%86-%D9%84%D8%A8%D8%A7%D8%B3%D8%B4%D9%88%DB%8C%DB%8C-%D8%AA%D8%B3%D8%AA-%D9%85%D8%AF%D9%84-%DA%AF%D9%84-%D9%87%D8%A7-%D9%88%D8%B2%D9%86-2-%DA%A9%DB%8C%D9%84%D9%88%DA%AF%D8%B1%D9%85-%D8%A8%D8%B3%D8%AA%D9%87-2-%D8%B9%D8%AF%D8%AF%DB%8C/
ماشین لباسشویی,متفرقه,135000,4.1,nan,nan,,,,nan,nan,nan,nan,D:/ماشین لباسشویی/image_168.jpg,https://www.digikala.com/product/dkp-9708025/%DA%A9%D8%A7%D9%88%D8%B1-%D9%85%D8%A7%D8%B4%DB%8C%D9%86-%D9%84%D8%A8%D8%A7%D8%B3%D8%B4%D9%88%DB%8C%DB%8C-%D9%85%D8%AF%D9%84-%DA%AF%D9%84-%DA%A9%D8%AF-f1025/
ماشین لباسشویی,متفرقه,219000,4.2,nan,nan,,,,nan,nan,nan,nan,D:/ماشین لباسشویی/image_169.jpg,https://www.digikala.com/product/dkp-5667698/%D9%BE%D9%88%D8%AF%D8%B1-%D9%85%D8%A7%D8%B4%DB%8C%D9%86-%D9%84%D8%A8%D8%A7%D8%B3%D8%B4%D9%88%DB%8C%DB%8C-%D9%BE%D9%88%D8%B1%DA%A9%D8%B3-%D9%85%D8%AF%D9%84-crystals-%D9%88%D8%B2%D9%86-10-%DA%A9%DB%8C%D9%84%D9%88%DA%AF%D8%B1%D9%85/
ماشین لباسشویی,متفرقه,682000,5.0,nan,nan,,,,nan,nan,nan,nan,D:/ماشین لباسشویی/image_170.jpg,https://www.digikala.com/product/dkp-1696587/%D9%85%D8%A7%D8%B4%DB%8C%D9%86-%D9%84%D8%A8%D8%A7%D8%B3%D8%B4%D9%88%DB%8C%DB%8C-%D8%A7%D8%B3%D8%A8%D8%A7%D8%A8-%D8%A8%D8%A7%D8%B2%DB%8C-%D9%85%D8%AF%D9%84-my-home/
